# Blender v3.0.1 OBJ File: ''
# www.blender.org
mtllib untitled.mtl
o Shape_IndexedFaceSet
v -3.382112 0.550685 -2.918846
v -3.382112 0.454058 -2.918845
v -3.387160 0.470651 -2.918845
v -3.690808 0.470651 -2.918846
v -3.695856 0.454058 -2.918846
v -3.700905 0.470651 -2.918846
v -3.771945 0.555313 -2.918846
v -3.797468 0.567215 -2.918846
v -3.431641 0.588389 -2.918846
v -4.009601 0.454058 -2.918846
v -4.009601 0.550685 -2.918846
v -4.004551 0.470651 -2.918846
v -3.992650 0.496175 -2.918846
v -3.678905 0.496175 -2.918846
v -3.619766 0.555313 -2.918846
v -3.748874 0.539159 -2.918846
v -3.594243 0.567215 -2.918846
v -3.567039 0.574504 -2.918846
v -3.712806 0.496175 -2.918846
v -3.728961 0.519245 -2.918846
v -3.662750 0.519245 -2.918846
v -3.642837 0.539159 -2.918846
v -3.907988 0.567215 -2.918846
v -3.933511 0.555313 -2.918846
v -3.960071 0.588389 -2.918846
v -3.956582 0.539159 -2.918846
v -3.976496 0.519245 -2.918846
v -3.510927 0.574504 -2.918846
v -3.483725 0.567215 -2.918846
v -3.458200 0.555313 -2.918846
v -3.824672 0.574504 -2.918846
v -3.852727 0.576959 -2.918846
v -3.880784 0.574504 -2.918846
v -3.399063 0.496175 -2.918845
v -3.415215 0.519245 -2.918846
v -3.435129 0.539159 -2.918846
v -3.538984 0.576959 -2.918846
v -3.982409 0.438258 -2.997586
v -3.984411 0.415391 -2.997586
v -3.992455 0.440029 -2.997586
v -3.976469 0.460429 -2.997586
v -3.986053 0.463918 -2.997586
v -3.966769 0.481232 -2.997586
v -3.975601 0.486332 -2.997586
v -3.953603 0.500035 -2.997586
v -3.961416 0.506591 -2.997586
v -3.937371 0.516266 -2.997586
v -3.943928 0.524079 -2.997586
v -3.918570 0.529431 -2.997586
v -3.923670 0.538265 -2.997586
v -3.897767 0.539132 -2.997586
v -3.901254 0.548717 -2.997586
v -3.875595 0.545073 -2.997586
v -3.877366 0.555118 -2.997586
v -3.852727 0.547074 -2.997586
v -3.852727 0.557274 -2.997586
v -3.829862 0.545073 -2.997586
v -3.828090 0.555118 -2.997586
v -3.807691 0.539132 -2.997586
v -3.804202 0.548717 -2.997586
v -3.786886 0.529431 -2.997586
v -3.781786 0.538265 -2.997586
v -3.768085 0.516266 -2.997586
v -3.761528 0.524079 -2.997586
v -3.751853 0.500035 -2.997586
v -3.744040 0.506591 -2.997586
v -3.738688 0.481232 -2.997586
v -3.729855 0.486332 -2.997586
v -3.728987 0.460429 -2.997586
v -3.719403 0.463918 -2.997586
v -3.723047 0.438258 -2.997586
v -3.713001 0.440029 -2.997586
v -3.721045 0.415391 -2.997586
v -3.710845 0.415391 -2.997586
v -3.723047 0.392525 -2.997586
v -3.713001 0.390754 -2.997586
v -3.728987 0.370353 -2.997586
v -3.719403 0.366865 -2.997586
v -3.738688 0.349550 -2.997586
v -3.729855 0.344450 -2.997586
v -3.751853 0.330748 -2.997586
v -3.744040 0.324191 -2.997586
v -3.768085 0.314517 -2.997586
v -3.761528 0.306703 -2.997586
v -3.786886 0.301351 -2.997586
v -3.781786 0.292518 -2.997586
v -3.807691 0.291650 -2.997586
v -3.804202 0.282066 -2.997586
v -3.829862 0.285710 -2.997586
v -3.828090 0.275665 -2.997586
v -3.852727 0.283709 -2.997586
v -3.852727 0.273509 -2.997586
v -3.875595 0.285710 -2.997586
v -3.877366 0.275665 -2.997586
v -3.897767 0.291650 -2.997586
v -3.901254 0.282066 -2.997586
v -3.918570 0.301351 -2.997586
v -3.923670 0.292518 -2.997586
v -3.937371 0.314517 -2.997586
v -3.943928 0.306703 -2.997586
v -3.953603 0.330748 -2.997586
v -3.961416 0.324191 -2.997586
v -3.966769 0.349550 -2.997586
v -3.975601 0.344450 -2.997586
v -3.976469 0.370353 -2.997586
v -3.986053 0.366865 -2.997586
v -3.982409 0.392525 -2.997586
v -3.992455 0.390754 -2.997586
v -3.994611 0.415391 -2.997586
v -3.421680 0.617916 -2.997586
v -4.069871 0.644915 -2.997586
v -3.321841 0.644915 -2.997586
v -3.970031 0.617916 -2.997586
v -4.039127 0.565317 -2.997586
v -4.069871 0.194497 -2.997586
v -4.039127 0.265465 -2.997586
v -4.061242 0.185867 -2.997586
v -3.970031 0.212866 -2.997586
v -3.330470 0.185867 -2.997586
v -3.421680 0.212866 -2.997586
v -3.321841 0.194497 -2.997586
v -3.352583 0.265465 -2.997586
v -3.352583 0.565317 -2.997586
v -2.879803 0.333371 -2.381644
v -2.894937 0.263504 -2.381644
v -2.890501 0.356310 -2.381644
v -2.894937 0.370814 -2.381644
v -2.361071 0.312639 -2.381644
v -2.346554 0.333371 -2.381644
v -2.331420 0.263504 -2.381644
v -2.335856 0.356310 -2.381644
v -2.331420 0.370814 -2.381644
v -2.865287 0.312639 -2.381644
v -2.847389 0.294742 -2.381644
v -2.865717 0.222806 -2.381644
v -2.826658 0.280225 -2.381644
v -2.803719 0.269528 -2.381644
v -2.779270 0.262978 -2.381644
v -2.642828 0.312639 -2.381644
v -2.583529 0.312639 -2.381644
v -2.565633 0.294742 -2.381644
v -2.754057 0.260772 -2.381644
v -2.728843 0.262978 -2.381644
v -2.360640 0.222806 -2.381644
v -2.447087 0.262978 -2.381644
v -2.422638 0.269528 -2.381644
v -2.399699 0.280225 -2.381644
v -2.378968 0.294742 -2.381644
v -2.704396 0.269528 -2.381644
v -2.681458 0.280225 -2.381644
v -2.660726 0.294742 -2.381644
v -2.598047 0.333371 -2.381644
v -2.628310 0.333371 -2.381644
v -2.608742 0.356310 -2.381644
v -2.617615 0.356310 -2.381644
v -2.613178 0.370814 -2.381644
v -2.544899 0.280225 -2.381644
v -2.521960 0.269528 -2.381644
v -2.497514 0.262978 -2.381644
v -2.472300 0.260772 -2.381644
v -2.886099 0.200565 -2.480069
v -2.908566 0.200565 -2.480069
v -2.924464 0.254001 -2.480069
v -2.928138 0.227827 -2.480069
v -2.924464 0.557941 -2.480069
v -2.928138 0.584116 -2.480069
v -2.886099 0.611378 -2.480069
v -2.908566 0.611378 -2.480069
v -2.866478 0.425794 -2.480069
v -2.868213 0.405971 -2.480069
v -2.877665 0.427766 -2.480069
v -2.861329 0.445015 -2.480069
v -2.872003 0.448900 -2.480069
v -2.852919 0.463049 -2.480069
v -2.862756 0.468728 -2.480069
v -2.841506 0.479349 -2.480069
v -2.850207 0.486650 -2.480069
v -2.827435 0.493419 -2.480069
v -2.834737 0.502121 -2.480069
v -2.811136 0.504833 -2.480069
v -2.816814 0.514670 -2.480069
v -2.793101 0.513242 -2.480069
v -2.796986 0.523916 -2.480069
v -2.773880 0.518393 -2.480069
v -2.775852 0.529579 -2.480069
v -2.754057 0.520127 -2.480069
v -2.754057 0.531486 -2.480069
v -2.734235 0.518393 -2.480069
v -2.732263 0.529579 -2.480069
v -2.715014 0.513242 -2.480069
v -2.711128 0.523916 -2.480069
v -2.696980 0.504833 -2.480069
v -2.691299 0.514670 -2.480069
v -2.680680 0.493419 -2.480069
v -2.673378 0.502121 -2.480069
v -2.666610 0.479349 -2.480069
v -2.657907 0.486650 -2.480069
v -2.655195 0.463049 -2.480069
v -2.645359 0.468728 -2.480069
v -2.646785 0.445015 -2.480069
v -2.636112 0.448900 -2.480069
v -2.641637 0.425794 -2.480069
v -2.630450 0.427766 -2.480069
v -2.639902 0.405971 -2.480069
v -2.628542 0.405971 -2.480069
v -2.641637 0.386148 -2.480069
v -2.630450 0.384176 -2.480069
v -2.646785 0.366928 -2.480069
v -2.636112 0.363043 -2.480069
v -2.655195 0.348893 -2.480069
v -2.645359 0.343214 -2.480069
v -2.666610 0.332593 -2.480069
v -2.657907 0.325292 -2.480069
v -2.680680 0.318523 -2.480069
v -2.673378 0.309821 -2.480069
v -2.696980 0.307109 -2.480069
v -2.691299 0.297272 -2.480069
v -2.715014 0.298700 -2.480069
v -2.711128 0.288026 -2.480069
v -2.734235 0.293550 -2.480069
v -2.732263 0.282364 -2.480069
v -2.754057 0.291815 -2.480069
v -2.754057 0.280457 -2.480069
v -2.773880 0.293550 -2.480069
v -2.775852 0.282364 -2.480069
v -2.793101 0.298700 -2.480069
v -2.796986 0.288026 -2.480069
v -2.811136 0.307109 -2.480069
v -2.816814 0.297272 -2.480069
v -2.827435 0.318523 -2.480069
v -2.834737 0.309821 -2.480069
v -2.841506 0.332593 -2.480069
v -2.850207 0.325292 -2.480069
v -2.852919 0.348893 -2.480069
v -2.862756 0.343214 -2.480069
v -2.861329 0.366928 -2.480069
v -2.872003 0.363043 -2.480069
v -2.866478 0.386148 -2.480069
v -2.877665 0.384176 -2.480069
v -2.879571 0.405971 -2.480069
v -2.301893 0.557941 -2.480069
v -2.340259 0.611378 -2.480069
v -2.317791 0.611378 -2.480069
v -2.298218 0.227827 -2.480069
v -2.317791 0.200565 -2.480069
v -2.340259 0.200565 -2.480069
v -2.301893 0.254001 -2.480069
v -2.298218 0.584116 -2.480069
v -2.298218 0.584116 -2.304826
v -2.298218 0.499708 -2.389234
v -2.298218 0.323410 -2.268584
v -2.298218 0.403137 -1.657874
v -2.298218 0.235780 -1.887045
v -2.298218 0.248188 -1.657874
v -2.298218 0.227827 -1.894182
v -2.298218 0.358018 -2.389234
v -2.928139 0.227827 -1.894182
v -2.928139 0.235780 -1.887046
v -2.928139 0.248188 -1.657874
v -2.928139 0.403137 -1.657874
v -2.928139 0.323410 -2.268584
v -2.928138 0.358018 -2.389234
v -2.928138 0.499708 -2.389234
v -2.928139 0.584116 -2.304826
v -3.784137 0.577085 -0.479625
v -3.794281 0.630416 -0.479625
v -3.785499 0.561519 -0.479625
v -3.794281 0.492621 -0.479625
v -3.607575 0.545952 -0.479625
v -3.597431 0.492621 -0.479625
v -3.606213 0.561519 -0.479625
v -3.597431 0.630416 -0.479625
v -3.607575 0.577085 -0.479625
v -3.611619 0.592178 -0.479625
v -3.788642 0.647772 -0.479625
v -3.791063 0.643821 -0.479625
v -3.764527 0.619140 -0.479625
v -3.626959 0.463093 -0.479625
v -3.651035 0.483885 -0.479625
v -3.665196 0.477282 -0.479625
v -3.792836 0.483496 -0.479625
v -3.791063 0.479216 -0.479625
v -3.764527 0.503897 -0.479625
v -3.788642 0.475265 -0.479625
v -3.773489 0.516697 -0.479625
v -3.780093 0.530859 -0.479625
v -3.784137 0.545952 -0.479625
v -3.773878 0.658499 -0.479625
v -3.778159 0.656725 -0.479625
v -3.753478 0.630189 -0.479625
v -3.603070 0.475265 -0.479625
v -3.600649 0.479216 -0.479625
v -3.627186 0.503897 -0.479625
v -3.711423 0.473237 -0.479625
v -3.764754 0.463093 -0.479625
v -3.695856 0.471875 -0.479625
v -3.680290 0.473237 -0.479625
v -3.726516 0.477282 -0.479625
v -3.740678 0.483885 -0.479625
v -3.769373 0.463457 -0.479625
v -3.753478 0.492848 -0.479625
v -3.773878 0.464539 -0.479625
v -3.785633 0.471742 -0.479625
v -3.782109 0.468733 -0.479625
v -3.778159 0.466312 -0.479625
v -3.764754 0.659944 -0.479625
v -3.740678 0.639152 -0.479625
v -3.726516 0.645756 -0.479625
v -3.611619 0.530859 -0.479625
v -3.618223 0.516697 -0.479625
v -3.597795 0.488002 -0.479625
v -3.598876 0.483496 -0.479625
v -3.793918 0.488002 -0.479625
v -3.785633 0.651295 -0.479625
v -3.617834 0.464539 -0.479625
v -3.613553 0.466312 -0.479625
v -3.638235 0.492848 -0.479625
v -3.609603 0.468733 -0.479625
v -3.606079 0.471742 -0.479625
v -3.780093 0.592178 -0.479625
v -3.773489 0.606340 -0.479625
v -3.793918 0.635035 -0.479625
v -3.792836 0.639541 -0.479625
v -3.782109 0.654305 -0.479625
v -3.769373 0.659580 -0.479625
v -3.711423 0.649800 -0.479625
v -3.695856 0.651162 -0.479625
v -3.626959 0.659944 -0.479625
v -3.680290 0.649800 -0.479625
v -3.613553 0.656725 -0.479625
v -3.638235 0.630189 -0.479625
v -3.609603 0.654305 -0.479625
v -3.606079 0.651295 -0.479625
v -3.597795 0.635035 -0.479625
v -3.627186 0.619140 -0.479625
v -3.618223 0.606340 -0.479625
v -3.598876 0.639541 -0.479625
v -3.600649 0.643821 -0.479625
v -3.603070 0.647772 -0.479625
v -3.622339 0.463457 -0.479625
v -3.665196 0.645756 -0.479625
v -3.651035 0.639152 -0.479625
v -3.622339 0.659580 -0.479625
v -3.617834 0.658499 -0.479625
v -3.843889 0.701360 -0.341830
v -3.547824 0.701360 -0.341830
v -3.918550 0.847645 -1.054715
v -3.473162 0.847645 -1.054715
v -3.788642 0.647772 -0.341830
v -3.785633 0.651295 -0.341830
v -3.597431 0.492621 -0.341830
v -3.446743 0.453616 -0.341830
v -3.597431 0.630416 -0.341830
v -3.446743 0.600906 -0.341830
v -3.597795 0.635035 -0.341830
v -3.603070 0.475265 -0.341830
v -3.606079 0.471742 -0.341830
v -3.487175 0.413435 -0.341830
v -3.609603 0.468733 -0.341830
v -3.613553 0.466312 -0.341830
v -3.617834 0.464539 -0.341830
v -3.794281 0.630416 -0.341830
v -3.944969 0.600906 -0.341830
v -3.794281 0.492621 -0.341830
v -3.944969 0.453616 -0.341830
v -3.793918 0.488002 -0.341830
v -3.793918 0.635035 -0.341830
v -3.792836 0.639541 -0.341830
v -3.791063 0.643821 -0.341830
v -3.597795 0.488002 -0.341830
v -3.598876 0.483496 -0.341830
v -3.600649 0.479216 -0.341830
v -3.904537 0.413435 -0.341830
v -3.769373 0.463457 -0.341830
v -3.773878 0.464539 -0.341830
v -3.782109 0.654305 -0.341830
v -3.778159 0.656725 -0.341830
v -3.773878 0.658499 -0.341830
v -3.609603 0.654305 -0.341830
v -3.606079 0.651295 -0.341830
v -3.622339 0.463457 -0.341830
v -3.626959 0.463093 -0.341830
v -3.764754 0.463093 -0.341830
v -3.778159 0.466312 -0.341830
v -3.782109 0.468733 -0.341830
v -3.785633 0.471742 -0.341830
v -3.788642 0.475265 -0.341830
v -3.791063 0.479216 -0.341830
v -3.792836 0.483496 -0.341830
v -3.622339 0.659580 -0.341830
v -3.617834 0.658499 -0.341830
v -3.613553 0.656725 -0.341830
v -3.603070 0.647772 -0.341830
v -3.600649 0.643821 -0.341830
v -3.598876 0.639541 -0.341830
v -3.769373 0.659580 -0.341830
v -3.764754 0.659944 -0.341830
v -3.626959 0.659944 -0.341830
v -3.362273 0.168712 -1.534431
v -4.029440 0.168712 -1.534432
v -3.321841 0.323410 -2.268584
v -3.321841 0.408377 -1.617731
v -3.321841 0.208894 -1.534431
v -3.321841 0.748773 -1.534432
v -3.321841 0.733141 -2.909361
v -3.321841 0.733141 -2.600294
v -3.321841 0.358018 -2.389234
v -3.321841 0.194497 -1.580979
v -3.321841 0.499709 -1.617731
v -3.321841 0.604516 -1.960773
v -3.321841 0.748773 -2.584662
v -3.321841 0.604516 -2.284426
v -3.321841 0.499708 -2.389234
v -4.069871 0.733141 -2.909361
v -4.069871 0.358018 -2.389234
v -4.069871 0.733141 -2.600294
v -4.069871 0.499708 -2.389234
v -4.069871 0.748773 -2.584662
v -4.069871 0.604516 -2.284426
v -4.069872 0.748773 -1.534432
v -4.069871 0.604516 -1.960773
v -4.069871 0.499709 -1.617731
v -4.069872 0.208894 -1.534432
v -4.069871 0.408377 -1.617731
v -4.069871 0.194497 -1.580979
v -4.069871 0.323410 -2.268584
v -2.913493 0.604516 -1.960773
v -2.913493 0.604516 -2.284425
v -2.928139 0.584116 -1.894001
v -2.928139 0.511973 -1.657874
v -2.924259 0.499709 -1.617730
v -2.924259 0.408377 -1.617730
v -2.430118 0.337314 -0.780523
v -2.430118 0.337314 -0.836953
v -2.430118 0.358922 -0.780523
v -2.430118 0.358922 -0.836953
v -2.649106 0.337314 -0.780523
v -2.649106 0.337314 -0.836953
v -2.649106 0.358922 -0.780523
v -2.649106 0.358922 -0.836953
v -2.577252 0.337314 -0.701708
v -2.577252 0.337314 -0.666972
v -2.577252 0.358922 -0.701708
v -2.577252 0.358922 -0.666972
v -2.796240 0.337314 -0.701708
v -2.796240 0.337314 -0.666972
v -2.796240 0.358922 -0.701708
v -2.796240 0.358922 -0.666972
v -2.619514 0.306390 -0.836953
v -2.619514 0.403620 -0.836953
v -2.672728 0.313692 -0.836953
v -2.822811 0.306390 -0.836953
v -2.772618 0.313692 -0.836953
v -2.796240 0.337314 -0.836953
v -2.822811 0.356297 -0.836953
v -2.796240 0.358922 -0.836953
v -2.778444 0.403620 -0.836953
v -2.772618 0.382544 -0.836953
v -2.672728 0.382544 -0.836953
v -2.402036 0.356297 -0.836953
v -2.402036 0.306390 -0.836953
v -2.453740 0.313692 -0.836953
v -2.605334 0.306390 -0.836953
v -2.553630 0.313692 -0.836953
v -2.577252 0.337314 -0.836953
v -2.605334 0.403620 -0.836953
v -2.577252 0.358922 -0.836953
v -2.553630 0.382544 -0.836953
v -2.446404 0.403620 -0.836953
v -2.453740 0.382544 -0.836953
v -2.928139 0.584116 -1.657875
v -2.387098 0.353933 -0.738528
v -2.402036 0.306390 -0.738528
v -2.387098 0.297961 -0.738528
v -2.605334 0.306390 -0.738528
v -2.446410 0.416541 -0.738528
v -2.778438 0.416541 -0.738528
v -2.619514 0.403620 -0.738528
v -2.778444 0.403620 -0.738528
v -2.822811 0.356297 -0.738528
v -2.839260 0.355487 -0.738528
v -2.822811 0.306390 -0.738528
v -2.839260 0.297961 -0.738528
v -2.619514 0.306390 -0.738528
v -2.605334 0.403620 -0.738528
v -2.446404 0.403620 -0.738528
v -2.402036 0.356297 -0.738528
v -2.458560 0.447682 -0.856680
v -2.468091 0.421698 -0.758096
v -2.589234 0.421698 -0.758096
v -2.357531 0.658855 -1.657874
v -2.457002 0.451931 -0.872799
v -2.612424 0.421698 -0.758096
v -2.756757 0.421698 -0.758096
v -2.867317 0.658855 -1.657875
v -2.840685 0.650513 -1.626225
v -2.384163 0.650513 -1.626225
v -2.054033 0.408377 -1.617730
v -2.054033 0.499709 -1.617730
v -2.302099 0.408377 -1.617730
v -2.302099 0.499709 -1.617730
v -2.054033 0.499708 -2.389234
v -2.054033 0.358018 -2.389234
v -2.054033 0.323410 -2.268584
v -2.054033 0.604516 -2.284425
v -2.312865 0.604516 -2.284425
v -2.054033 0.604516 -1.960772
v -2.312865 0.604516 -1.960773
v -2.298218 0.584116 -1.894001
v -2.298218 0.511973 -1.657874
v -0.703012 0.139847 -0.132587
v -0.703012 0.136414 -0.132587
v -0.680281 0.146572 -0.187981
v -0.666249 0.146546 -0.222174
v -0.648647 0.154282 -0.265067
v -0.632471 0.155854 -0.304487
v -0.611249 0.163398 -0.356201
v -0.606301 0.160934 -0.368259
v -0.605571 0.161076 -0.370040
v -0.588941 0.167172 -0.410564
v -0.560211 0.169882 -0.480575
v -0.541342 0.175224 -0.526557
v -0.549053 0.171192 -0.507768
v -0.531754 0.176166 -0.549921
v -0.493802 0.177675 -0.642408
v -0.476347 0.181610 -0.684943
v -0.486512 0.178531 -0.660171
v -0.470619 0.182173 -0.698901
v -0.439765 0.180579 -0.774088
v -0.421924 0.183611 -0.817564
v -0.411880 0.181801 -0.842041
v -0.399171 0.184283 -0.873010
v -0.386101 0.181071 -0.904861
v -0.367669 0.183058 -0.949778
v -0.337273 0.179688 -1.023849
v -0.327121 0.181482 -1.048590
v -0.332311 0.179343 -1.035940
v -0.327121 0.178982 -1.048590
v -0.329647 0.184485 -1.087060
v -0.331581 0.186783 -1.116506
v -0.335798 0.188139 -1.180699
v -0.336390 0.191103 -1.189714
v -0.392031 0.193507 -2.036862
v -0.395719 0.190346 -2.093009
v -0.393509 0.194260 -2.059360
v -0.395719 0.192714 -2.093009
v -0.389531 0.194977 -1.998788
v -0.384271 0.200722 -1.918710
v -0.380504 0.200280 -1.861354
v -0.382711 0.201813 -1.894960
v -0.379181 0.201058 -1.841212
v -0.375281 0.203991 -1.781830
v -0.371670 0.202450 -1.726855
v -0.369757 0.205610 -1.697734
v -0.367875 0.203154 -1.669077
v -0.366386 0.205277 -1.646407
v -0.366197 0.203465 -1.643526
v -0.339223 0.193649 -1.232856
v -0.340018 0.192593 -1.244955
v -0.344162 0.198086 -1.308051
v -0.345063 0.195719 -1.321774
v -0.348477 0.200205 -1.373743
v -0.353125 0.200713 -1.444507
v -0.356896 0.204341 -1.501926
v -0.354069 0.200912 -1.458882
v -0.357501 0.204400 -1.511133
v -0.362886 0.202768 -1.593128
v -0.364718 0.203154 -1.621013
v -0.417483 0.199851 -2.052629
v -0.433679 0.202823 -2.022578
v -0.469424 0.216884 -1.956255
v -0.456190 0.210222 -1.980811
v -0.469424 0.214572 -1.956255
v -0.930366 0.203094 -2.801307
v -0.952584 0.200047 -2.842040
v -0.947624 0.203036 -2.832947
v -0.952584 0.202351 -2.842040
v -0.662965 0.223959 -2.311077
v -0.629905 0.225656 -2.250467
v -0.602411 0.222611 -2.200061
v -0.568571 0.224027 -2.138023
v -0.566569 0.221813 -2.134351
v -0.557799 0.223740 -2.118274
v -0.541293 0.219929 -2.088013
v -0.505938 0.219717 -2.023196
v -0.478822 0.215272 -1.973483
v -0.913400 0.205421 -2.770204
v -0.880008 0.212382 -2.708987
v -0.851963 0.213847 -2.657570
v -0.855344 0.215791 -2.663770
v -0.847500 0.214201 -2.649388
v -0.815247 0.219012 -2.590258
v -0.784731 0.219184 -2.534313
v -0.755965 0.223775 -2.481576
v -0.758203 0.221290 -2.485679
v -0.752324 0.223870 -2.474899
v -0.723400 0.222265 -2.421873
v -0.690970 0.225469 -2.362420
v -0.656575 0.226365 -2.299362
v -0.944932 0.191065 -2.898822
v -0.937615 0.176760 -2.953120
v -0.942774 0.187882 -2.914839
v -0.933191 0.169877 -2.985952
v -0.922527 0.153970 -3.065090
v -0.928182 0.160972 -3.023128
v -0.922527 0.150921 -3.065090
v -0.352353 0.161797 -2.317321
v -0.350602 0.158700 -2.315024
v -0.298371 0.155216 -2.246525
v -0.256402 0.146944 -2.191483
v -0.235838 0.147592 -2.164513
v -0.235838 0.144378 -2.164513
v -0.817753 0.164960 -2.927682
v -0.840836 0.162539 -2.957955
v -0.825660 0.161107 -2.938051
v -0.886312 0.154729 -3.017596
v -0.807454 0.163021 -2.914174
v -0.794480 0.163772 -2.897160
v -0.749625 0.169097 -2.838334
v -0.705309 0.168936 -2.780214
v -0.702392 0.171965 -2.776388
v -0.692669 0.169667 -2.763636
v -0.660205 0.172638 -2.721062
v -0.617451 0.170634 -2.664991
v -0.586199 0.173819 -2.624004
v -0.578477 0.171135 -2.613877
v -0.571555 0.173400 -2.604799
v -0.529707 0.169601 -2.549916
v -0.482551 0.170857 -2.488072
v -0.465162 0.167571 -2.465266
v -0.469427 0.170482 -2.470860
v -0.441110 0.165733 -2.433723
v -0.391841 0.164727 -2.369108
v -0.380648 0.161111 -2.354429
v -0.352963 0.158994 -2.318121
v -0.235838 0.151810 -2.109067
v -0.235838 0.154141 -2.041458
v -0.235838 0.163092 -1.960744
v -0.235838 0.167162 -1.190636
v -0.235838 0.161090 -1.141839
v -0.235838 0.158966 -1.062031
v -0.235838 0.152479 -1.007638
v -0.235838 0.154973 -0.999392
v -0.235838 0.151950 -0.999392
v -0.235838 0.159132 -1.978554
v -0.235838 0.161109 -1.939033
v -0.235838 0.163481 -1.952375
v -0.235838 0.163583 -1.889585
v -0.235838 0.170482 -1.801978
v -0.235838 0.168650 -1.788281
v -0.235838 0.171862 -1.772332
v -0.235838 0.169615 -1.742139
v -0.235838 0.174142 -1.654900
v -0.235838 0.172642 -1.597328
v -0.235838 0.175560 -1.581846
v -0.235838 0.172966 -1.581820
v -0.235838 0.174999 -1.509166
v -0.235838 0.172018 -1.453328
v -0.235838 0.174042 -1.385112
v -0.235838 0.171564 -1.391715
v -0.235838 0.173266 -1.363184
v -0.235838 0.168673 -1.308181
v -0.235838 0.168020 -1.214889
v -0.235838 0.165054 -1.203604
v -0.235838 0.162269 -1.160204
v -0.247409 0.156303 -0.977922
v -0.676539 0.141260 -0.181705
v -0.637045 0.150115 -0.254984
v -0.589933 0.153588 -0.342396
v -0.612561 0.153926 -0.300411
v -0.563605 0.158540 -0.391246
v -0.658389 0.143844 -0.215381
v -0.279120 0.158881 -0.919085
v -0.303590 0.158143 -0.873682
v -0.338181 0.163682 -0.809502
v -0.491982 0.163574 -0.524137
v -0.502390 0.160818 -0.504825
v -0.521009 0.162555 -0.470278
v -0.513727 0.159882 -0.483790
v -0.584908 0.154003 -0.351719
v -0.325142 0.160112 -0.833695
v -0.356162 0.161123 -0.776140
v -0.350705 0.163969 -0.786265
v -0.373919 0.161702 -0.743192
v -0.421314 0.165584 -0.655254
v -0.414064 0.163010 -0.668707
v -0.429450 0.165770 -0.640160
v -0.443703 0.162275 -0.613714
v -0.490040 0.161125 -0.527739
v -1.018067 0.198484 -2.903381
v -1.018067 0.200795 -2.903381
v -1.014071 0.193943 -2.925161
v -0.988405 0.164404 -3.065090
v -0.988405 0.161597 -3.065090
v -1.418813 0.195491 -3.144038
v -1.418813 0.197818 -3.144038
v -1.362777 0.197657 -3.110388
v -1.319033 0.200592 -3.084118
v -1.071648 0.202061 -2.935558
v -1.105772 0.199626 -2.956050
v -1.116868 0.202210 -2.962713
v -1.190790 0.200734 -3.007105
v -1.217715 0.202543 -3.023274
v -1.221496 0.200184 -3.025544
v -1.245556 0.202635 -3.039994
v -1.337700 0.198106 -3.095327
v -1.361541 0.194995 -3.133533
v -1.322551 0.189820 -3.126381
v -1.299900 0.190834 -3.122226
v -1.237576 0.184814 -3.110795
v -1.174796 0.182388 -3.099279
v -1.178935 0.179702 -3.100038
v -1.172384 0.182225 -3.098837
v -1.059330 0.169277 -3.078099
v -1.042150 0.169610 -3.074949
v -1.027979 0.165882 -3.072349
v -1.823295 0.117046 -3.536158
v -1.879431 0.116762 -3.544537
v -1.862997 0.133739 -3.542084
v -1.515588 0.119602 -3.490232
v -1.515588 0.113222 -3.490232
v -1.577448 0.127388 -3.499465
v -1.665900 0.116902 -3.512666
v -1.958406 0.124983 -3.556324
v -1.981557 0.113280 -3.559779
v -2.054033 0.110809 -3.570596
v -1.850052 0.134190 -3.540152
v -1.767908 0.137053 -3.527891
v -1.697669 0.117680 -3.517408
v -1.672830 0.134942 -3.513700
v -1.647950 0.132972 -3.509987
v -0.937060 0.117633 -3.208023
v -0.900917 0.130840 -3.190392
v -0.856596 0.113816 -3.168772
v -0.866624 0.124095 -3.173664
v -0.856596 0.121777 -3.168772
v -1.188038 0.124137 -3.330451
v -1.085136 0.156815 -3.280255
v -1.080068 0.122536 -3.277783
v -1.084843 0.156785 -3.280112
v -1.022416 0.121681 -3.249660
v -0.998783 0.147995 -3.238132
v -0.954411 0.141362 -3.216487
v -1.450333 0.133357 -3.458400
v -1.363855 0.120746 -3.416216
v -1.508253 0.113586 -3.486654
v -1.342970 0.150673 -3.406028
v -1.266682 0.157291 -3.368814
v -1.221763 0.123553 -3.346902
v -1.256943 0.158135 -3.364063
v -1.171093 0.160183 -3.322185
v -1.353113 0.121279 -3.410975
v -1.429302 0.137790 -3.448141
v -0.247666 0.125184 -2.361587
v -0.188573 0.138416 -2.283253
v -0.165458 0.114990 -2.252613
v -0.170561 0.128805 -2.259377
v -0.165458 0.126083 -2.252613
v -0.826621 0.118204 -3.129039
v -0.796415 0.152903 -3.088998
v -0.812594 0.119811 -3.110444
v -0.718256 0.130615 -2.985392
v -0.765359 0.166803 -3.047831
v -0.690614 0.175799 -2.948750
v -0.715665 0.130787 -2.981957
v -0.621598 0.137033 -2.857263
v -0.668181 0.178499 -2.919014
v -0.594816 0.183214 -2.821762
v -0.608898 0.137876 -2.840428
v -0.571038 0.184742 -2.790242
v -0.528918 0.139446 -2.734408
v -0.500173 0.185363 -2.696304
v -0.498720 0.140039 -2.694379
v -0.473998 0.185592 -2.661607
v -0.436446 0.138365 -2.611829
v -0.405431 0.182398 -2.570716
v -0.387932 0.137061 -2.547520
v -0.377130 0.181079 -2.533200
v -0.343080 0.133725 -2.488065
v -0.309340 0.174150 -2.443340
v -0.276764 0.128793 -2.400158
v -0.280498 0.171202 -2.405107
v -0.248958 0.166803 -2.363298
v -0.109203 0.150511 -1.079285
v -0.109203 0.121565 -1.079285
v -0.111706 0.166803 -1.131500
v -0.111843 0.125505 -1.134348
v -0.113316 0.170192 -1.165086
v -0.115373 0.173636 -1.207968
v -0.118067 0.134794 -1.264159
v -0.120982 0.183033 -1.324965
v -0.119476 0.136028 -1.293550
v -0.123060 0.185057 -1.368314
v -0.164162 0.117488 -2.225586
v -0.160375 0.161697 -2.146597
v -0.161754 0.122132 -2.175358
v -0.156380 0.130082 -2.063268
v -0.159565 0.166803 -2.129704
v -0.153157 0.134851 -1.996042
v -0.153129 0.178521 -1.995467
v -0.148849 0.138632 -1.906185
v -0.151832 0.180882 -1.968414
v -0.144475 0.142471 -1.814961
v -0.145515 0.187909 -1.836661
v -0.144102 0.189481 -1.807180
v -0.128671 0.190523 -1.485344
v -0.126912 0.142538 -1.448661
v -0.130580 0.191057 -1.525153
v -0.134196 0.144612 -1.600563
v -0.136380 0.192678 -1.646119
v -0.135721 0.145047 -1.632388
v -0.138032 0.191994 -1.680588
v -0.141484 0.143351 -1.752586
v -0.506157 0.120676 -0.270268
v -0.561856 0.124739 -0.176824
v -0.582414 0.111963 -0.143694
v -0.592511 0.110809 -0.126935
v -0.350729 0.173631 -0.552898
v -0.396022 0.170655 -0.467899
v -0.415499 0.127809 -0.431302
v -0.415517 0.169375 -0.431312
v -0.421213 0.127538 -0.420547
v -0.425303 0.168732 -0.412947
v -0.423654 0.127423 -0.415951
v -0.445935 0.166803 -0.375696
v -0.499226 0.121243 -0.282506
v -0.502834 0.148392 -0.275963
v -0.523721 0.140022 -0.240879
v -0.347817 0.131011 -0.558701
v -0.345187 0.131135 -0.563652
v -0.322391 0.174155 -0.609517
v -0.279727 0.174945 -0.694758
v -0.278453 0.131799 -0.697866
v -0.270800 0.131876 -0.713257
v -0.253339 0.174056 -0.751030
v -0.253282 0.131324 -0.751002
v -0.252662 0.174033 -0.752474
v -0.212490 0.130041 -0.838894
v -0.212330 0.172676 -0.838479
v -0.200525 0.129664 -0.864673
v -0.186359 0.170284 -0.897757
v -0.148571 0.166803 -0.984010
v -0.134391 0.124476 -1.017813
v -0.149541 0.125664 -0.982732
v -0.726799 0.110809 -0.000001
v -0.732470 0.166803 -0.058133
v -0.733733 0.128457 -0.071076
v -0.740480 0.192796 -0.140237
v -0.740509 0.145703 -0.140531
v -0.797706 0.335152 -0.726801
v -0.799327 0.338263 -0.743419
v -0.788893 0.230854 -0.636467
v -0.747441 0.160743 -0.211582
v -0.746901 0.213630 -0.206046
v -0.754883 0.176890 -0.287865
v -0.759850 0.250564 -0.338776
v -0.756890 0.180519 -0.308436
v -0.762946 0.258865 -0.370515
v -0.769467 0.203262 -0.437347
v -0.769404 0.203149 -0.436706
v -0.790937 0.322163 -0.657417
v -0.784269 0.225020 -0.589068
v -0.784269 0.309368 -0.589068
v -0.776021 0.212897 -0.504532
v -0.776432 0.292200 -0.508743
v -0.781664 0.303662 -0.562373
v -0.761551 0.255415 -0.356209
v -2.054033 0.315249 -1.538624
v -2.054033 0.278625 -2.709110
v -2.054033 0.675755 -2.440352
v -2.054033 0.434515 -2.558537
v -2.054033 0.675755 -1.566612
v -2.054033 0.390632 -1.426928
v -2.054033 0.388896 -1.424854
v -2.054033 0.311689 -1.424854
v -2.054033 0.250679 -3.303925
v -2.054033 0.166803 -3.523160
v -2.054033 0.161125 -3.401989
v -2.054033 0.203155 -3.231128
v -2.054033 0.322334 -3.080396
v -2.054033 0.236798 -3.058419
v -2.054033 0.381549 -2.853255
v -2.054033 0.261975 -2.884275
v -2.054033 0.428143 -2.623194
v -1.991803 0.310030 -1.383893
v -1.951926 0.381341 -1.357645
v -2.006226 0.310415 -1.393386
v -2.031211 0.311081 -1.409832
v -1.969230 0.309287 -1.369035
v -1.921509 0.307716 -1.337623
v -1.887359 0.376564 -1.315145
v -1.910228 0.307316 -1.330198
v -1.843697 0.372661 -1.286406
v -1.822794 0.304221 -1.272646
v -1.767764 0.302208 -1.236424
v -1.627344 0.353321 -1.143996
v -1.650047 0.297902 -1.158940
v -1.564398 0.347695 -1.102563
v -1.390931 0.288288 -0.988382
v -1.242163 0.312811 -0.890459
v -1.218599 0.281861 -0.874949
v -1.197206 0.303473 -0.860867
v -1.196768 0.303382 -0.860579
v -1.131816 0.278625 -0.817826
v -1.067399 0.272379 -0.775425
v -0.877503 0.261975 -2.191735
v -0.829584 0.261975 -2.096746
v -0.988972 0.278625 -2.024095
v -0.543649 0.236798 -1.707496
v -0.535029 0.236798 -1.587646
v -0.709082 0.261975 -1.582029
v -1.020643 0.236798 -2.653022
v -0.935834 0.236798 -2.567900
v -1.063962 0.261975 -2.449961
v -0.429362 0.203155 -1.064270
v -0.471914 0.203155 -0.937402
v -0.633358 0.236798 -0.998753
v -1.113047 0.203155 -2.945435
v -1.004850 0.203155 -2.866699
v -1.111912 0.236798 -2.731178
v -1.551275 0.161125 -3.332883
v -1.411098 0.161125 -3.287556
v -1.470052 0.203155 -3.127188
v -1.346377 0.203155 -3.076087
v -0.671124 0.236798 -2.168975
v -0.725245 0.236798 -2.276256
v -0.372501 0.202617 -1.726759
v -0.396965 0.203155 -1.194104
v -0.737446 0.203155 -0.475060
v -1.840160 0.161125 -3.389675
v -1.694595 0.161125 -3.366993
v -0.191637 0.161125 -1.598729
v -0.612669 0.110809 -0.107469
v -0.694227 0.110809 -0.028711
v -0.438196 0.161125 -0.610616
v -0.369932 0.161125 -0.741169
v -0.229681 0.161125 -1.159324
v -0.205418 0.161125 -1.304635
v -0.192710 0.161125 -1.451409
v -0.202206 0.161125 -1.745672
v -0.224351 0.161125 -1.891321
v -0.424855 0.161125 -2.443007
v -0.587639 0.161125 -2.688328
v -0.501394 0.161125 -2.568888
v -0.683050 0.161125 -2.800581
v -0.787031 0.161125 -2.904947
v -1.018054 0.161125 -3.087455
v -1.274938 0.161125 -3.231297
v -1.143651 0.161125 -3.164458
v -1.987064 0.161125 -3.400785
v -1.993204 0.203155 -3.230034
v -1.999413 0.236798 -3.057437
v -2.005671 0.261975 -2.883405
v -2.011966 0.278625 -2.708353
v -0.943729 0.261975 -0.778361
v -0.977899 0.261311 -0.731052
v -0.998515 0.264008 -0.741291
v -1.088259 0.278625 -0.877325
v -1.042851 0.269808 -0.763311
v -0.657539 0.203155 -0.582396
v -0.800041 0.236798 -0.679973
v -0.819833 0.236291 -0.652007
v -0.916523 0.253281 -0.700570
v -0.363384 0.203155 -1.459406
v -0.392124 0.203155 -1.858981
v -0.422627 0.203155 -1.989272
v -0.561711 0.236798 -1.826291
v -0.625648 0.236798 -2.057753
v -0.787672 0.236798 -2.378926
v -0.858015 0.236798 -2.476344
v -0.701570 0.161125 -0.256839
v -0.586360 0.203155 -0.695710
v -1.643973 0.236798 -3.002055
v -1.760867 0.236798 -3.029876
v -1.727553 0.203155 -3.199341
v -0.566057 0.236798 -1.229260
v -0.546268 0.236798 -1.347778
v -0.374926 0.203155 -1.326091
v -0.837840 0.261975 -0.962733
v -0.680449 0.236798 -0.888205
v -0.524356 0.203155 -0.814292
v -1.794460 0.261975 -2.859002
v -1.690960 0.261975 -2.834369
v -1.589730 0.261975 -2.801636
v -1.546464 0.278625 -2.592635
v -1.564640 0.278625 -2.601888
v -1.491402 0.261975 -2.761008
v -1.529643 0.236798 -2.965086
v -1.597375 0.203155 -3.168358
v -1.418589 0.236798 -2.919200
v -1.311509 0.236798 -2.864684
v -1.396590 0.261975 -2.712739
v -1.305889 0.261975 -2.657130
v -1.227129 0.203155 -3.015377
v -1.209069 0.236798 -2.801879
v -1.219864 0.261975 -2.594530
v -1.139053 0.261975 -2.525330
v -1.258157 0.278625 -2.396888
v -1.257911 0.278625 -2.396641
v -0.932777 0.261975 -2.282641
v -0.995059 0.261975 -2.368896
v -0.789318 0.261975 -1.998269
v -0.756959 0.261975 -1.896919
v -0.589101 0.236798 -1.943287
v -0.732707 0.261975 -1.793329
v -0.716715 0.261975 -1.688146
v -0.890796 0.278625 -1.668683
v -0.887728 0.278625 -1.626029
v -0.719034 0.261975 -1.369646
v -0.736556 0.261975 -1.264708
v -0.762313 0.261975 -1.161482
v -0.595148 0.236798 -1.112675
v -0.796145 0.261975 -1.060613
v -0.959886 0.278625 -1.122837
v -0.964857 0.278625 -1.111168
v -1.859771 0.203155 -3.219943
v -1.879595 0.236798 -3.048375
v -1.899583 0.261975 -2.875382
v -1.919688 0.278625 -2.701374
v -1.879720 0.278625 -2.695146
v -1.650169 0.278625 -2.637228
v -1.709275 0.278625 -2.656340
v -1.738222 0.278625 -2.665700
v -1.828249 0.278625 -2.687126
v -1.328449 0.278625 -2.457081
v -1.394889 0.278625 -2.505430
v -1.403276 0.278625 -2.511533
v -1.482171 0.278625 -2.559902
v -1.192841 0.278625 -2.331331
v -1.139172 0.278625 -2.268188
v -1.030654 0.278625 -2.106719
v -1.040887 0.278625 -2.123548
v -1.078733 0.278625 -2.185791
v -1.132908 0.278625 -2.260818
v -0.965197 0.278625 -1.965948
v -0.904706 0.278625 -1.760173
v -0.913767 0.278625 -1.798877
v -0.925801 0.278625 -1.850279
v -0.953948 0.278625 -1.938437
v -0.884157 0.278625 -1.576379
v -0.535903 0.236798 -1.467490
v -0.709857 0.261975 -1.475641
v -0.884830 0.278625 -1.483840
v -0.887654 0.278625 -1.451226
v -0.930458 0.278625 -1.210575
v -0.913552 0.278625 -1.278331
v -0.908054 0.278625 -1.300364
v -0.892813 0.278625 -1.391642
v -0.996154 0.278625 -1.037697
v -0.736126 0.236798 -0.781723
v -0.887137 0.261975 -0.868452
v -1.039034 0.278625 -0.955690
v -1.040450 0.278625 -0.953436
v -0.794259 0.166803 -3.072036
v -1.499516 0.166803 -3.444115
v -1.459051 0.166803 -3.430541
v -1.973770 0.166803 -3.521536
v -1.852910 0.166803 -3.511736
v -1.813768 0.166803 -3.508562
v -1.653684 0.166803 -3.482289
v -1.655338 0.166803 -3.482698
v -1.089491 0.166803 -3.271706
v -1.199754 0.166803 -3.329879
v -1.270403 0.166803 -3.360128
v -1.347324 0.166803 -3.393064
v -1.057775 0.166803 -3.254973
v -0.922315 0.166803 -3.168838
v -0.918235 0.166803 -3.165754
v -0.168176 0.166803 -2.156628
v -0.202034 0.166803 -2.247367
v -0.224295 0.166803 -2.307026
v -0.131044 0.166803 -1.048217
v -0.973650 0.428143 -1.443436
v -0.970940 0.428143 -1.500524
v -1.464715 0.472602 -1.517888
v -1.571511 0.475270 -1.807300
v -1.536581 0.472602 -1.821411
v -1.558216 0.472632 -1.852092
v -1.780668 0.495729 -1.559593
v -1.791704 0.496562 -1.549114
v -1.687902 0.488280 -1.647374
v -1.734244 0.492228 -1.603674
v -1.473768 0.472602 -1.643590
v -1.676621 0.487319 -1.658012
v -1.488307 0.472602 -1.704996
v -1.603290 0.480437 -1.726737
v -1.509325 0.472602 -1.764497
v -1.592390 0.479414 -1.736952
v -1.512640 0.462401 -2.003481
v -1.164050 0.428143 -2.156976
v -1.184313 0.428143 -2.186602
v -1.513614 0.462210 -2.007468
v -1.546390 0.470286 -1.891938
v -1.546583 0.470324 -1.891288
v -1.134787 0.428143 -2.114189
v -1.102917 0.428143 -2.058393
v -1.091275 0.428143 -2.038010
v -1.234788 0.428143 -2.248921
v -1.239529 0.428143 -2.254775
v -1.536054 0.457813 -2.099256
v -1.300075 0.428143 -2.318263
v -1.315612 0.428143 -2.332116
v -1.552764 0.454539 -2.167602
v -1.365554 0.428143 -2.376649
v -1.560492 0.452569 -2.200048
v -1.404786 0.428143 -2.406306
v -1.578999 0.447850 -2.277743
v -1.435538 0.428143 -2.429552
v -1.602296 0.446874 -2.301693
v -1.500970 0.428143 -2.471158
v -1.509569 0.428143 -2.476626
v -1.673481 0.443891 -2.374874
v -1.922726 0.428143 -2.615216
v -1.948541 0.436213 -2.529438
v -1.836142 0.428143 -2.601080
v -1.844809 0.437882 -2.500826
v -1.823673 0.428143 -2.597992
v -1.841804 0.437931 -2.499997
v -1.750985 0.428143 -2.579993
v -1.777360 0.438002 -2.482694
v -1.711917 0.428143 -2.566889
v -1.750134 0.439688 -2.454339
v -1.667810 0.428143 -2.552094
v -1.700630 0.442754 -2.402784
v -1.603855 0.428143 -2.524710
v -1.587162 0.428143 -2.517562
v -2.010168 0.428143 -2.622305
v -1.938178 0.428143 -2.616467
v -1.720006 0.488227 -1.350824
v -1.552534 0.472379 -1.240438
v -1.526548 0.472602 -1.275025
v -1.547505 0.471903 -1.237124
v -1.404901 0.458409 -1.143129
v -1.501400 0.472602 -1.332902
v -1.924075 0.504348 -1.486386
v -1.878345 0.500996 -1.455659
v -1.871435 0.500489 -1.451016
v -1.833986 0.497456 -1.426238
v -1.769762 0.492256 -1.383744
v -1.860445 0.501027 -1.532882
v -1.875092 0.501978 -1.529424
v -1.470306 0.472602 -1.455032
v -1.906870 0.503842 -1.521822
v -1.943241 0.505976 -1.513121
v -1.054063 0.428143 -1.958563
v -0.999468 0.428143 -1.791965
v -1.014330 0.428143 -1.844394
v -1.023394 0.428143 -1.876369
v -1.052358 0.428143 -1.953993
v -0.987513 0.428143 -1.731537
v -0.969491 0.428143 -1.531067
v -0.972354 0.428143 -1.616527
v -1.465874 0.472602 -1.580981
v -0.972428 0.428143 -1.618747
v -0.982442 0.428143 -1.705904
v -1.742243 0.492831 -1.596078
v -0.981193 0.428143 -1.384979
v -1.482581 0.472602 -1.393134
v -1.003101 0.428143 -1.270612
v -0.984878 0.428143 -1.356428
v -1.958449 0.506868 -1.509483
v -1.028201 0.428143 -1.186550
v -1.133818 0.428143 -0.964610
v -1.098328 0.428143 -1.025871
v -1.084594 0.428143 -1.054158
v -1.060012 0.428143 -1.104791
v -1.038325 0.428143 -1.160530
v -0.541571 0.166803 -0.256170
v -0.479301 0.166803 -0.330898
v -0.646919 0.166803 -0.141440
v -0.582065 0.166803 -0.207575
v -0.694460 0.166803 -0.092961
v -1.560775 0.250679 -3.233612
v -1.264014 0.250665 -3.115644
v -1.294129 0.250679 -3.131995
v -1.298784 0.254408 -3.122021
v -0.388899 0.244026 -0.898043
v -0.364006 0.242440 -0.958704
v -0.384334 0.250680 -0.965569
v -0.402564 0.259912 -2.080309
v -0.395023 0.257291 -2.082416
v -0.395719 0.256532 -2.093009
v -0.792854 0.300007 -2.549204
v -0.829332 0.294615 -2.616080
v -0.896172 0.322334 -2.556671
v -1.124246 0.426032 -0.957213
v -1.991677 0.322334 -3.079134
v -0.235838 0.195333 -2.134637
v -0.235838 0.203335 -2.067166
v -0.235838 0.211682 -1.975835
v -0.235838 0.218032 -1.906346
v -0.235838 0.222887 -1.822733
v -0.235838 0.227437 -1.744386
v -0.235838 0.229214 -1.673446
v -0.235838 0.231521 -1.581386
v -0.235838 0.231478 -1.525951
v -0.235838 0.231448 -1.488083
v -0.235838 0.228517 -1.378287
v -0.235838 0.227078 -1.324405
v -0.235838 0.221332 -1.228481
v -0.235838 0.217315 -1.161423
v -0.235838 0.209187 -1.074483
v -0.346732 0.214473 -0.793635
v -0.317836 0.212813 -0.847250
v -0.274244 0.207153 -0.928132
v -0.235838 0.202166 -0.999392
v -0.489680 0.214843 -0.528407
v -0.471965 0.216296 -0.561276
v -0.418225 0.216951 -0.660987
v -0.394849 0.217237 -0.704360
v -0.562039 0.207997 -0.394152
v -0.549126 0.209968 -0.418110
v -0.636303 0.195942 -0.256360
v -0.703012 0.180975 -0.132587
v -0.693298 0.185082 -0.156260
v -0.648014 0.201835 -0.266611
v -0.744676 0.250680 -0.354618
v -0.653265 0.250680 -0.464318
v -0.571019 0.250680 -0.581046
v -1.112859 0.423346 -0.949722
v -0.988305 0.393968 -0.867775
v -0.895601 0.381549 -0.917104
v -0.942185 0.380959 -0.837427
v -0.915495 0.373431 -0.819864
v -0.758804 0.322335 -0.702298
v -0.695447 0.322335 -0.809718
v -0.868206 0.360092 -0.788746
v -0.626217 0.198205 -0.275073
v -0.315167 0.205837 -2.268552
v -0.235838 0.191790 -2.164513
v -1.007748 0.250235 -2.959630
v -0.942115 0.247939 -2.919727
v -0.991693 0.221764 -3.047164
v -0.922527 0.200751 -3.065090
v -0.988405 0.215532 -3.065090
v -0.334431 0.209248 -2.293816
v -0.409019 0.218273 -2.391637
v -0.433188 0.221198 -2.423334
v -0.500267 0.225626 -2.511307
v -0.531881 0.227713 -2.552767
v -0.590183 0.228397 -2.629229
v -0.630431 0.228869 -2.682013
v -0.679948 0.226772 -2.746953
v -0.728764 0.224704 -2.810975
v -0.770732 0.220646 -2.866015
v -0.826810 0.215223 -2.939560
v -0.863763 0.209636 -2.988023
v -1.174810 0.322334 -2.805125
v -1.075324 0.322334 -2.729921
v -1.018067 0.268531 -2.903381
v -0.946489 0.257515 -2.887269
v -0.943346 0.250634 -2.910593
v -0.982242 0.322334 -2.646922
v -0.872952 0.288169 -2.696049
v -0.895495 0.283268 -2.737379
v -0.952584 0.270859 -2.842040
v -0.765471 0.302191 -2.499003
v -0.817679 0.322334 -2.459759
v -0.712631 0.306407 -2.402130
v -0.747275 0.322334 -2.356820
v -0.703054 0.306529 -2.384573
v -0.685421 0.322334 -2.248528
v -0.641315 0.307318 -2.271385
v -0.588924 0.322334 -2.018747
v -0.552483 0.303113 -2.108528
v -0.632522 0.322334 -2.135590
v -0.579315 0.304561 -2.157719
v -0.632479 0.307431 -2.255186
v -0.385638 0.267523 -1.939518
v -0.554913 0.322334 -1.898762
v -0.469424 0.292926 -1.956255
v -0.516258 0.298670 -2.042115
v -0.530710 0.322334 -1.776421
v -0.376515 0.273272 -1.800618
v -0.384892 0.268335 -1.928169
v -0.512298 0.322334 -1.527882
v -0.363298 0.275738 -1.599397
v -0.516474 0.322334 -1.652524
v -0.367513 0.275334 -1.663574
v -0.374082 0.274705 -1.763584
v -0.518211 0.322334 -1.403309
v -0.352549 0.271492 -1.435746
v -0.358521 0.273851 -1.526668
v -0.534172 0.322334 -1.279623
v -0.341844 0.261981 -1.272760
v -0.349426 0.268717 -1.388188
v -0.560077 0.322335 -1.157631
v -0.333702 0.250668 -1.148790
v -0.340106 0.259566 -1.246299
v -0.343481 0.250680 -1.102394
v -0.330432 0.245858 -1.099011
v -0.331190 0.247179 -1.110550
v -0.327121 0.240090 -1.048590
v -0.418899 0.243370 -0.824937
v -0.436113 0.250680 -0.832494
v -0.450429 0.242681 -0.748103
v -0.498477 0.250680 -0.704040
v -0.473985 0.240154 -0.690698
v -0.511668 0.236111 -0.598869
v -0.529990 0.232569 -0.554221
v -0.572581 0.224335 -0.450432
v -0.587699 0.220092 -0.413590
v -0.633134 0.207340 -0.302872
v -1.390351 0.322334 -2.930237
v -1.317559 0.268719 -3.083233
v -1.504995 0.322334 -2.979325
v -1.418813 0.264094 -3.144038
v -1.623234 0.322334 -3.018986
v -1.425395 0.250679 -3.188200
v -1.306208 0.255208 -3.123383
v -1.080474 0.270213 -2.940858
v -1.134341 0.271666 -2.973206
v -1.280048 0.322334 -2.872043
v -1.198869 0.271177 -3.011957
v -1.276672 0.270587 -3.058679
v -1.894871 0.381549 -2.843584
v -1.789922 0.381549 -2.826451
v -1.686701 0.381549 -2.800892
v -1.585883 0.381549 -2.767074
v -1.488128 0.381549 -2.725218
v -1.394075 0.381549 -2.675598
v -1.304341 0.381549 -2.618539
v -1.219512 0.381549 -2.554413
v -1.140143 0.381549 -2.483642
v -1.066754 0.381549 -2.406687
v -0.999825 0.381549 -2.324053
v -0.939793 0.381549 -2.236279
v -0.887052 0.381549 -2.143941
v -0.841946 0.381549 -2.047642
v -0.804771 0.381549 -1.948013
v -0.775770 0.381549 -1.845705
v -0.755133 0.381549 -1.741387
v -0.742995 0.381549 -1.635743
v -0.739434 0.381549 -1.529464
v -0.744475 0.381549 -1.423245
v -0.758085 0.381549 -1.317780
v -0.780174 0.381549 -1.213760
v -0.810598 0.381549 -1.111867
v -0.849157 0.381549 -1.012765
v -0.640979 0.322335 -0.921907
v -0.595758 0.322335 -1.038132
v -1.982635 0.250679 -3.302480
v -1.840310 0.250679 -3.290939
v -1.699383 0.250679 -3.267933
v -1.867373 0.322334 -3.069055
v -2.000863 0.381549 -2.852180
v -1.744290 0.322334 -3.048962
v -1.150643 0.238457 -3.094849
v -1.146460 0.238007 -3.094081
v -0.993562 0.216265 -3.066036
v -1.586422 0.613006 -2.003481
v -1.652852 0.621921 -1.771859
v -1.652852 0.621921 -2.235104
v -1.828174 0.645447 -1.612282
v -1.828174 0.645447 -2.394681
v -0.579611 0.216220 -0.433300
v -0.588826 0.213552 -0.410844
v -0.641511 0.198302 -0.282458
v -0.648435 0.195672 -0.265584
v -0.703012 0.174939 -0.132587
v -0.327121 0.233546 -1.048590
v -0.367680 0.236018 -0.949752
v -0.392302 0.237518 -0.889751
v -0.421922 0.236714 -0.817570
v -0.454901 0.235819 -0.737205
v -0.476387 0.233378 -0.684845
v -0.517380 0.228720 -0.584951
v -0.531769 0.225830 -0.549885
v -0.329623 0.237474 -1.086695
v -0.395719 0.249886 -2.093009
v -0.335954 0.247411 -1.183089
v -0.337955 0.250550 -1.213541
v -0.339251 0.251925 -1.233285
v -0.348501 0.261730 -1.374111
v -0.348829 0.262079 -1.379111
v -0.357496 0.266932 -1.511067
v -0.359702 0.268167 -1.544649
v -0.366386 0.268608 -1.646408
v -0.370564 0.268883 -1.710018
v -0.375276 0.266872 -1.781764
v -0.381406 0.264256 -1.875082
v -0.384275 0.261609 -1.918764
v -0.392219 0.254278 -2.039715
v -0.393486 0.252688 -2.059010
v -0.469424 0.286124 -1.956255
v -0.417476 0.260583 -2.052642
v -0.629476 0.300533 -2.249680
v -0.568555 0.297099 -2.137993
v -0.549530 0.296027 -2.103114
v -0.505977 0.290643 -2.023267
v -0.952584 0.264139 -2.842040
v -0.947609 0.265204 -2.832921
v -0.879836 0.279723 -2.708671
v -0.867679 0.282327 -2.686383
v -0.815114 0.289862 -2.590014
v -0.788613 0.293661 -2.541429
v -0.752423 0.296426 -2.475082
v -0.709192 0.299730 -2.395825
v -0.690938 0.299914 -2.362360
v -0.922527 0.194523 -3.065090
v -0.932573 0.219225 -2.990536
v -0.944970 0.247050 -2.898539
v -0.235838 0.185646 -2.164513
v -0.298546 0.196731 -2.246754
v -0.329739 0.202246 -2.287663
v -0.391911 0.209878 -2.369200
v -0.427896 0.214296 -2.416393
v -0.482500 0.218034 -2.488006
v -0.526393 0.221039 -2.545570
v -0.571543 0.221696 -2.604784
v -0.625170 0.222478 -2.675114
v -0.660185 0.221100 -2.721035
v -0.724164 0.218584 -2.804942
v -0.749545 0.216206 -2.838228
v -0.823306 0.209296 -2.934963
v -0.840792 0.206692 -2.957897
v -0.235838 0.191806 -2.108872
v -0.235838 0.203586 -2.002486
v -0.235838 0.207428 -1.952635
v -0.235838 0.216156 -1.839394
v -0.235838 0.217797 -1.801978
v -0.235838 0.223349 -1.675435
v -0.235838 0.223722 -1.654775
v -0.235838 0.225033 -1.582042
v -0.235838 0.224467 -1.509176
v -0.235838 0.223757 -1.417630
v -0.235838 0.221542 -1.363127
v -0.235838 0.217108 -1.254061
v -0.235838 0.214219 -1.214853
v -0.235838 0.205122 -1.091437
v -0.235838 0.202228 -1.062478
v -0.235838 0.195925 -0.999392
v -0.279155 0.201589 -0.919020
v -0.313306 0.206054 -0.855656
v -0.350682 0.208330 -0.786307
v -0.390653 0.210763 -0.712143
v -0.421315 0.210506 -0.655253
v -0.467829 0.210117 -0.568950
v -0.491957 0.208247 -0.524183
v -0.544783 0.204153 -0.426168
v -0.563513 0.201399 -0.391417
v -0.621469 0.192875 -0.283884
v -0.636963 0.189467 -0.255136
v -0.988405 0.209174 -3.065090
v -1.018067 0.261822 -2.903381
v -1.116889 0.264128 -2.962726
v -1.160653 0.265149 -2.989007
v -1.217723 0.264318 -3.023279
v -1.303089 0.263076 -3.074543
v -1.318842 0.262304 -3.084003
v -1.418813 0.257406 -3.144038
v -1.174193 0.234162 -3.099168
v -1.300138 0.247507 -3.122270
v -1.258818 0.244061 -3.114691
v -1.099895 0.225471 -3.085541
v -1.042636 0.217101 -3.075037
v -0.301942 0.247421 -1.650527
v -0.325524 0.247421 -1.231050
v -0.306479 0.247421 -1.370097
v -0.298602 0.247421 -1.510221
v -0.316478 0.247421 -1.790118
v -0.342118 0.247421 -1.928101
v -0.378698 0.247421 -2.063596
v -0.425982 0.247421 -2.195736
v -0.551395 0.247421 -2.446601
v -0.483671 0.247421 -2.323677
v -0.628720 0.247421 -2.563723
v -0.715154 0.247421 -2.674295
v -0.810143 0.247421 -2.777609
v -0.913082 0.247421 -2.873006
v -0.325972 0.191139 -1.231130
v -0.715500 0.191139 -2.674001
v -0.306932 0.191139 -1.370141
v -0.299056 0.191139 -1.510229
v -0.302395 0.191139 -1.650498
v -0.316928 0.191139 -1.790053
v -0.342561 0.191139 -1.928001
v -0.426403 0.191139 -2.195566
v -0.379131 0.191139 -2.063460
v -0.484077 0.191139 -2.323474
v -0.551783 0.191139 -2.446366
v -0.629089 0.191139 -2.563458
v -0.810465 0.191139 -2.777288
v -0.913377 0.191139 -2.872661
v -2.298218 0.584116 -1.657874
v -2.859140 0.131721 -1.980417
v -2.367218 0.131721 -1.980416
v -2.367218 0.131721 -2.376514
v -2.859139 0.131721 -2.376514
v -2.347734 0.197655 -2.475693
v -2.878623 0.197655 -2.475693
v -2.878623 0.614287 -2.475693
v -2.859139 0.680222 -2.376514
v -2.347734 0.614287 -2.475693
v -2.367218 0.680222 -2.376514
v -2.352232 0.659350 -1.674524
v -2.874045 0.659462 -1.678286
v -2.924817 0.588743 -1.623509
v -2.301163 0.588218 -1.627411
v -2.612424 0.408374 -0.761608
v -2.756757 0.408374 -0.761608
v -2.840685 0.637189 -1.629736
v -2.384163 0.637189 -1.629736
v -2.457002 0.438606 -0.876311
v -2.589234 0.408374 -0.761608
v -2.458560 0.434358 -0.860192
v -2.468091 0.408374 -0.761608
v -2.430118 0.337314 -0.666972
v -2.447285 0.320148 -0.640102
v -2.430118 0.337314 -0.701708
v -2.453740 0.313692 -0.640102
v -2.438701 0.328731 -0.717952
v -2.438701 0.328731 -0.763076
v -2.430118 0.358922 -0.666972
v -2.430118 0.358922 -0.701708
v -2.453740 0.382544 -0.640102
v -2.447285 0.376089 -0.640102
v -2.438701 0.367505 -0.763076
v -2.438701 0.367505 -0.717952
v -2.553630 0.382544 -0.640103
v -2.577252 0.358922 -0.780523
v -2.560086 0.376089 -0.640103
v -2.568669 0.367505 -0.717952
v -2.568669 0.367505 -0.763076
v -2.577252 0.337314 -0.780523
v -2.553630 0.313692 -0.640102
v -2.560086 0.320148 -0.640102
v -2.568669 0.328731 -0.763076
v -2.568669 0.328731 -0.717952
v -2.494998 0.371986 -0.640102
v -2.490985 0.370115 -0.640102
v -2.479817 0.356805 -0.640102
v -2.478671 0.352529 -0.640102
v -2.478285 0.348118 -0.640102
v -2.478671 0.343707 -0.640102
v -2.494998 0.324250 -0.640102
v -2.490985 0.326121 -0.640102
v -2.487358 0.328661 -0.640102
v -2.512372 0.324250 -0.640102
v -2.516385 0.326121 -0.640102
v -2.479817 0.339431 -0.640102
v -2.481688 0.335418 -0.640102
v -2.484228 0.331791 -0.640102
v -2.499274 0.323104 -0.640102
v -2.503685 0.322718 -0.640102
v -2.508096 0.323104 -0.640102
v -2.523143 0.364445 -0.640102
v -2.520012 0.367576 -0.640102
v -2.516385 0.370115 -0.640102
v -2.512372 0.371986 -0.640102
v -2.508096 0.373132 -0.640102
v -2.503685 0.373518 -0.640102
v -2.499274 0.373132 -0.640102
v -2.487358 0.367576 -0.640102
v -2.484228 0.364445 -0.640102
v -2.481688 0.360818 -0.640102
v -2.520012 0.328661 -0.640102
v -2.523143 0.331791 -0.640102
v -2.525682 0.335418 -0.640102
v -2.527553 0.339431 -0.640102
v -2.525682 0.360818 -0.640102
v -2.527553 0.356805 -0.640102
v -2.528699 0.343707 -0.640102
v -2.529085 0.348118 -0.640102
v -2.528699 0.352529 -0.640102
v -2.649106 0.337314 -0.666972
v -2.666272 0.320148 -0.640103
v -2.649106 0.337314 -0.701708
v -2.672728 0.313692 -0.640103
v -2.657689 0.328731 -0.717952
v -2.657689 0.328731 -0.763076
v -2.649106 0.358922 -0.666972
v -2.649106 0.358922 -0.701708
v -2.672728 0.382544 -0.640103
v -2.666272 0.376089 -0.640103
v -2.657689 0.367505 -0.763076
v -2.657689 0.367505 -0.717952
v -2.772618 0.382544 -0.640103
v -2.796240 0.358922 -0.780523
v -2.779073 0.376089 -0.640103
v -2.787657 0.367505 -0.717952
v -2.787657 0.367505 -0.763076
v -2.796240 0.337314 -0.780523
v -2.772618 0.313692 -0.640103
v -2.779073 0.320148 -0.640103
v -2.787657 0.328731 -0.763076
v -2.787657 0.328731 -0.717952
v -2.713985 0.371986 -0.640103
v -2.709973 0.370115 -0.640103
v -2.697659 0.343707 -0.640103
v -2.697273 0.348118 -0.640103
v -2.697659 0.352529 -0.640103
v -2.698805 0.356805 -0.640103
v -2.713985 0.324250 -0.640103
v -2.709973 0.326121 -0.640103
v -2.706346 0.328661 -0.640103
v -2.698805 0.339431 -0.640103
v -2.700676 0.335418 -0.640103
v -2.703215 0.331791 -0.640103
v -2.731360 0.324250 -0.640103
v -2.735373 0.326121 -0.640103
v -2.706346 0.367576 -0.640103
v -2.703215 0.364445 -0.640103
v -2.700676 0.360818 -0.640103
v -2.718262 0.323104 -0.640103
v -2.722673 0.322718 -0.640103
v -2.727083 0.323104 -0.640103
v -2.738999 0.328661 -0.640103
v -2.742131 0.331791 -0.640103
v -2.744670 0.335418 -0.640103
v -2.746541 0.339431 -0.640103
v -2.742131 0.364445 -0.640103
v -2.744670 0.360818 -0.640103
v -2.746541 0.356805 -0.640103
v -2.738999 0.367576 -0.640103
v -2.735373 0.370115 -0.640103
v -2.731360 0.371986 -0.640103
v -2.747687 0.343707 -0.640103
v -2.748073 0.348118 -0.640103
v -2.747687 0.352529 -0.640103
v -2.727083 0.373132 -0.640103
v -2.722673 0.373518 -0.640103
v -2.718262 0.373132 -0.640103
v -2.697659 0.343707 -0.699158
v -2.697273 0.348118 -0.699158
v -2.697659 0.352529 -0.699158
v -2.698805 0.356805 -0.699158
v -2.700676 0.360818 -0.699158
v -2.703215 0.364445 -0.699158
v -2.706346 0.367576 -0.699158
v -2.709973 0.370115 -0.699158
v -2.713985 0.371986 -0.699158
v -2.718262 0.373132 -0.699158
v -2.722673 0.373518 -0.699158
v -2.727083 0.373132 -0.699158
v -2.731360 0.371986 -0.699158
v -2.735373 0.370115 -0.699158
v -2.738999 0.367576 -0.699158
v -2.742131 0.364445 -0.699158
v -2.744670 0.360818 -0.699158
v -2.746541 0.356805 -0.699158
v -2.747687 0.352529 -0.699158
v -2.748073 0.348118 -0.699158
v -2.747687 0.343707 -0.699158
v -2.746541 0.339431 -0.699158
v -2.744670 0.335418 -0.699158
v -2.742131 0.331791 -0.699158
v -2.738999 0.328661 -0.699158
v -2.735373 0.326121 -0.699158
v -2.731360 0.324250 -0.699158
v -2.727083 0.323104 -0.699158
v -2.722673 0.322718 -0.699158
v -2.718262 0.323104 -0.699158
v -2.713985 0.324250 -0.699158
v -2.709973 0.326121 -0.699158
v -2.706346 0.328661 -0.699158
v -2.703215 0.331791 -0.699158
v -2.700676 0.335418 -0.699158
v -2.698805 0.339431 -0.699158
v -2.478671 0.343707 -0.699158
v -2.478285 0.348118 -0.699158
v -2.478671 0.352529 -0.699158
v -2.479817 0.356805 -0.699158
v -2.481688 0.360818 -0.699158
v -2.484228 0.364445 -0.699158
v -2.487358 0.367576 -0.699158
v -2.490985 0.370115 -0.699158
v -2.494998 0.371986 -0.699158
v -2.499274 0.373132 -0.699158
v -2.503685 0.373518 -0.699158
v -2.508096 0.373132 -0.699158
v -2.512372 0.371986 -0.699158
v -2.516385 0.370115 -0.699158
v -2.520012 0.367576 -0.699158
v -2.523143 0.364445 -0.699158
v -2.525682 0.360818 -0.699158
v -2.527553 0.356805 -0.699158
v -2.528699 0.352529 -0.699158
v -2.529085 0.348118 -0.699158
v -2.528699 0.343707 -0.699158
v -2.527553 0.339431 -0.699158
v -2.525682 0.335418 -0.699158
v -2.523143 0.331791 -0.699158
v -2.520012 0.328661 -0.699158
v -2.516385 0.326121 -0.699158
v -2.512372 0.324250 -0.699158
v -2.508096 0.323104 -0.699158
v -2.503685 0.322718 -0.699158
v -2.499274 0.323104 -0.699158
v -2.494998 0.324250 -0.699158
v -2.490985 0.326121 -0.699158
v -2.487358 0.328661 -0.699158
v -2.484228 0.331791 -0.699158
v -2.481688 0.335418 -0.699158
v -2.479817 0.339431 -0.699158
v -3.418695 0.097642 -2.909360
v -3.973017 0.097642 -2.909361
v -3.970999 0.847644 -2.485791
v -3.420712 0.847644 -2.485791
v -3.973017 0.097642 -1.605502
v -3.418696 0.097642 -1.605502
v -3.996060 0.120685 -1.582458
v -3.395652 0.120685 -1.582457
v -5.868574 0.264256 -1.875083
v -5.865705 0.261609 -1.918765
v -5.907861 0.247421 -1.928102
v -5.624808 0.222478 -2.675115
v -5.678437 0.221696 -2.604785
v -5.621260 0.247421 -2.563724
v -6.014142 0.216156 -1.839395
v -6.014142 0.217797 -1.801979
v -5.933502 0.247421 -1.790119
v -6.014142 0.223757 -1.417631
v -6.014142 0.221542 -1.363128
v -5.943501 0.247421 -1.370098
v -5.546968 0.174939 -0.132587
v -5.601545 0.195672 -0.265585
v -5.613018 0.189467 -0.255137
v -5.628511 0.192875 -0.283885
v -5.608469 0.198302 -0.282458
v -5.686467 0.201399 -0.391417
v -5.661154 0.213552 -0.410845
v -5.705197 0.204153 -0.426169
v -5.670368 0.216220 -0.433300
v -5.758023 0.208247 -0.524184
v -5.718210 0.225830 -0.549886
v -5.782151 0.210117 -0.568951
v -5.732600 0.228720 -0.584952
v -5.828664 0.210506 -0.655254
v -5.773593 0.233378 -0.684846
v -5.859327 0.210763 -0.712144
v -5.795079 0.235819 -0.737206
v -5.899298 0.208330 -0.786308
v -5.828058 0.236714 -0.817571
v -5.936674 0.206054 -0.855657
v -5.857678 0.237518 -0.889752
v -5.970825 0.201589 -0.919020
v -5.882300 0.236018 -0.949752
v -6.014142 0.195925 -0.999393
v -5.922860 0.233546 -1.048591
v -6.014142 0.202228 -1.062479
v -5.920357 0.237474 -1.086696
v -6.014142 0.205122 -1.091438
v -5.914026 0.247411 -1.183090
v -6.014142 0.214219 -1.214854
v -5.924455 0.247421 -1.231051
v -6.014142 0.217108 -1.254062
v -6.014142 0.224467 -1.509177
v -5.951378 0.247421 -1.510222
v -6.014142 0.225033 -1.582043
v -5.948038 0.247421 -1.650528
v -6.014142 0.223722 -1.654776
v -6.014142 0.223349 -1.675436
v -6.014142 0.207428 -1.952636
v -6.014142 0.203586 -2.002487
v -5.871282 0.247421 -2.063597
v -6.014142 0.191806 -2.108873
v -5.823997 0.247421 -2.195737
v -5.951434 0.196731 -2.246755
v -6.014142 0.185646 -2.164514
v -5.766308 0.247421 -2.323678
v -5.858068 0.209878 -2.369201
v -5.920240 0.202246 -2.287664
v -5.698586 0.247421 -2.446602
v -5.723587 0.221039 -2.545571
v -5.767478 0.218034 -2.488007
v -5.822083 0.214296 -2.416394
v -5.525815 0.218584 -2.804943
v -5.589795 0.221100 -2.721036
v -5.534825 0.247421 -2.674296
v -5.500433 0.216206 -2.838229
v -5.439836 0.247421 -2.777610
v -5.426673 0.209296 -2.934964
v -5.336897 0.247421 -2.873007
v -5.409186 0.206692 -2.957898
v -5.317406 0.219225 -2.990537
v -5.327453 0.194523 -3.065091
v -5.302370 0.265204 -2.832922
v -5.297396 0.264139 -2.842041
v -5.305008 0.247050 -2.898540
v -5.382300 0.282327 -2.686384
v -5.370142 0.279723 -2.708672
v -5.434865 0.289862 -2.590015
v -5.461367 0.293661 -2.541430
v -5.700449 0.296027 -2.103115
v -5.681425 0.297099 -2.137994
v -5.620502 0.300533 -2.249681
v -5.559042 0.299914 -2.362361
v -5.540788 0.299730 -2.395826
v -5.497556 0.296426 -2.475083
v -5.856493 0.252688 -2.059011
v -5.854259 0.249886 -2.093010
v -5.780554 0.286124 -1.956256
v -5.744001 0.290643 -2.023268
v -5.832502 0.260583 -2.052643
v -5.857760 0.254278 -2.039716
v -5.874702 0.266872 -1.781765
v -5.879416 0.268883 -1.710019
v -5.883594 0.268608 -1.646409
v -5.890278 0.268167 -1.544650
v -5.892484 0.266932 -1.511068
v -5.901150 0.262079 -1.379112
v -5.901479 0.261730 -1.374112
v -5.910728 0.251925 -1.233286
v -5.912025 0.250550 -1.213542
v -4.949841 0.247507 -3.122271
v -4.931138 0.262304 -3.084004
v -4.831167 0.257406 -3.144039
v -5.261575 0.209174 -3.065091
v -5.231913 0.261822 -2.903382
v -5.133090 0.264128 -2.962727
v -4.946889 0.263076 -3.074544
v -4.991161 0.244061 -3.114692
v -5.032257 0.264318 -3.023280
v -5.075787 0.234162 -3.099169
v -5.089325 0.265149 -2.989008
v -5.150084 0.225471 -3.085542
v -5.207344 0.217101 -3.075038
v -5.569700 0.146572 -0.187981
v -5.546968 0.139847 -0.132587
v -5.612936 0.150115 -0.254984
v -5.432226 0.164960 -2.927683
v -5.409142 0.162539 -2.957956
v -5.336603 0.191139 -2.872662
v -5.832497 0.199851 -2.052630
v -5.744040 0.219717 -2.023197
v -5.780554 0.216884 -1.956256
v -5.924008 0.191139 -1.231131
v -5.913590 0.191103 -1.189715
v -6.014142 0.167162 -1.190637
v -5.918399 0.186783 -1.116507
v -6.014142 0.158966 -1.062032
v -5.920332 0.184485 -1.087061
v -5.922860 0.181482 -1.048591
v -5.943048 0.191139 -1.370142
v -5.905818 0.198086 -1.308052
v -5.910757 0.193649 -1.232857
v -5.947585 0.191139 -1.650499
v -5.892479 0.204400 -1.511134
v -5.950923 0.191139 -1.510230
v -5.893084 0.204341 -1.501927
v -5.901503 0.200205 -1.373744
v -5.874700 0.203991 -1.781831
v -5.880221 0.205610 -1.697735
v -5.883594 0.205277 -1.646408
v -5.854259 0.192714 -2.093010
v -5.856471 0.194260 -2.059361
v -5.870849 0.191139 -2.063461
v -5.865707 0.200722 -1.918711
v -5.907419 0.191139 -1.928002
v -5.867269 0.201813 -1.894961
v -5.933052 0.191139 -1.790054
v -5.823575 0.191139 -2.195567
v -5.692180 0.223740 -2.118275
v -5.681407 0.224027 -2.138024
v -5.765903 0.191139 -2.323475
v -5.620075 0.225656 -2.250468
v -5.593403 0.226365 -2.299363
v -5.698195 0.191139 -2.446367
v -5.559009 0.225469 -2.362421
v -5.620891 0.191139 -2.563459
v -5.497655 0.223870 -2.474900
v -5.494013 0.223775 -2.481577
v -5.534479 0.191139 -2.674002
v -5.434732 0.219012 -2.590259
v -5.394635 0.215791 -2.663771
v -5.439515 0.191139 -2.777289
v -5.369970 0.212382 -2.708988
v -5.302355 0.203036 -2.832948
v -5.297396 0.202351 -2.842041
v -5.305048 0.191065 -2.898823
v -5.307206 0.187882 -2.914840
v -5.327453 0.153970 -3.065091
v -5.500353 0.169097 -2.838335
v -5.780551 0.170482 -2.470861
v -5.767428 0.170857 -2.488073
v -5.678424 0.173400 -2.604800
v -5.663780 0.173819 -2.624005
v -5.589774 0.172638 -2.721063
v -5.547586 0.171965 -2.776389
v -5.858139 0.164727 -2.369109
v -5.897625 0.161797 -2.317322
v -5.951608 0.155216 -2.246526
v -6.014142 0.147592 -2.164514
v -6.014142 0.171862 -1.772333
v -6.014142 0.170482 -1.801979
v -6.014142 0.163481 -1.952376
v -6.014142 0.163092 -1.960745
v -6.014142 0.151810 -2.109068
v -6.014142 0.174142 -1.654901
v -6.014142 0.168020 -1.214890
v -6.014142 0.173266 -1.363185
v -6.014142 0.174042 -1.385113
v -6.014142 0.174999 -1.509167
v -6.014142 0.175560 -1.581847
v -6.014142 0.154973 -0.999393
v -6.002571 0.156303 -0.977923
v -5.970860 0.158881 -0.919086
v -5.882311 0.183058 -0.949779
v -5.911799 0.163682 -0.809503
v -5.850809 0.184283 -0.873011
v -5.899275 0.163969 -0.786266
v -5.828055 0.183611 -0.817565
v -5.779361 0.182173 -0.698902
v -5.828666 0.165584 -0.655255
v -5.773633 0.181610 -0.684944
v -5.820530 0.165770 -0.640160
v -5.757998 0.163574 -0.524138
v -5.718225 0.176166 -0.549922
v -5.728971 0.162555 -0.470279
v -5.708638 0.175224 -0.526558
v -5.686375 0.158540 -0.391246
v -5.661038 0.167172 -0.410564
v -5.637419 0.153926 -0.300412
v -5.638731 0.163398 -0.356202
v -5.601333 0.154282 -0.265068
v -5.231913 0.200795 -2.903382
v -5.261575 0.164404 -3.065091
v -5.178330 0.202061 -2.935559
v -5.207829 0.169610 -3.074950
v -5.133111 0.202210 -2.962714
v -5.032265 0.202543 -3.023275
v -5.077595 0.182225 -3.098838
v -5.075183 0.182388 -3.099280
v -5.004424 0.202635 -3.039995
v -4.950079 0.190834 -3.122227
v -4.930946 0.200592 -3.084119
v -4.888439 0.194995 -3.133534
v -4.831167 0.197818 -3.144039
v -4.421805 0.645447 -2.394682
v -4.472620 0.438002 -2.482695
v -4.499846 0.439688 -2.454340
v -4.549349 0.442754 -2.402785
v -4.576499 0.443891 -2.374875
v -4.597127 0.621921 -2.235105
v -4.647684 0.446874 -2.301694
v -4.670980 0.447850 -2.277744
v -4.689487 0.452569 -2.200049
v -4.697216 0.454539 -2.167603
v -4.713924 0.457813 -2.099257
v -4.663558 0.613006 -2.003482
v -4.736365 0.462210 -2.007469
v -4.737339 0.462401 -2.003482
v -4.678469 0.475270 -1.807301
v -4.657589 0.479414 -1.736953
v -4.597127 0.621921 -1.771860
v -4.703589 0.470286 -1.891939
v -4.691763 0.472632 -1.852093
v -4.703396 0.470324 -1.891289
v -4.646689 0.480437 -1.726738
v -4.458276 0.496562 -1.549115
v -4.421805 0.645447 -1.612283
v -4.469312 0.495729 -1.559594
v -4.507737 0.492831 -1.596079
v -4.573359 0.487319 -1.658013
v -4.562078 0.488280 -1.647375
v -4.515736 0.492228 -1.603675
v -6.138274 0.166803 -1.131501
v -6.140777 0.150511 -1.079286
v -6.118936 0.166803 -1.048218
v -6.101409 0.166803 -0.984011
v -6.090415 0.166803 -2.129705
v -6.081802 0.166803 -2.156629
v -6.089604 0.161697 -2.146598
v -6.084521 0.126083 -2.252614
v -6.079419 0.128805 -2.259378
v -6.047945 0.166803 -2.247368
v -6.061407 0.138416 -2.283254
v -6.025684 0.166803 -2.307027
v -6.001021 0.166803 -2.363299
v -5.922860 0.240090 -1.048591
v -5.854956 0.257291 -2.082417
v -5.854259 0.256532 -2.093010
v -5.919548 0.245858 -1.099012
v -5.918789 0.247179 -1.110551
v -5.916278 0.250668 -1.148791
v -5.864342 0.267523 -1.939519
v -5.865088 0.268335 -1.928170
v -5.873465 0.273272 -1.800619
v -5.875896 0.274705 -1.763585
v -5.882465 0.275334 -1.663575
v -5.886682 0.275738 -1.599398
v -5.891459 0.273851 -1.526669
v -5.897430 0.271492 -1.435747
v -5.900554 0.268717 -1.388189
v -5.908135 0.261981 -1.272761
v -5.909873 0.259566 -1.246300
v -5.780554 0.292926 -1.956256
v -5.847415 0.259912 -2.080310
v -5.733722 0.298670 -2.042116
v -5.697495 0.303113 -2.108529
v -5.670664 0.304561 -2.157720
v -5.617500 0.307431 -2.255187
v -5.608665 0.307318 -2.271386
v -5.546926 0.306529 -2.384574
v -5.537349 0.306407 -2.402131
v -5.484509 0.302191 -2.499004
v -5.457126 0.300007 -2.549205
v -5.420648 0.294615 -2.616081
v -5.377028 0.288169 -2.696050
v -5.354484 0.283268 -2.737380
v -5.297396 0.270859 -2.842041
v -5.327453 0.200751 -3.065091
v -5.307865 0.247939 -2.919728
v -5.306633 0.250634 -2.910594
v -5.303491 0.257515 -2.887270
v -5.386217 0.209636 -2.988024
v -5.423169 0.215223 -2.939561
v -5.479248 0.220646 -2.866016
v -5.521214 0.224704 -2.810976
v -5.570032 0.226772 -2.746954
v -5.619547 0.228869 -2.682014
v -5.659797 0.228397 -2.629230
v -5.718099 0.227713 -2.552768
v -5.749712 0.225626 -2.511308
v -5.816792 0.221198 -2.423335
v -5.840961 0.218273 -2.391638
v -5.915548 0.209248 -2.293817
v -5.934813 0.205837 -2.268553
v -6.014142 0.191790 -2.164514
v -6.014142 0.209187 -1.074484
v -6.014142 0.202166 -0.999393
v -6.014142 0.231521 -1.581387
v -6.014142 0.229214 -1.673447
v -6.014142 0.227437 -1.744387
v -6.014142 0.222887 -1.822734
v -6.014142 0.218032 -1.906347
v -6.014142 0.211682 -1.975836
v -6.014142 0.203335 -2.067167
v -6.014142 0.195333 -2.134638
v -6.014142 0.231478 -1.525952
v -6.014142 0.231448 -1.488084
v -6.014142 0.228517 -1.378288
v -6.014142 0.227078 -1.324406
v -6.014142 0.221332 -1.228482
v -6.014142 0.217315 -1.161424
v -5.546968 0.180975 -0.132587
v -5.613677 0.195942 -0.256360
v -5.623763 0.198205 -0.275074
v -5.687941 0.207997 -0.394153
v -5.700854 0.209968 -0.418111
v -5.760300 0.214843 -0.528408
v -5.778015 0.216296 -0.561277
v -5.831755 0.216951 -0.660987
v -5.855131 0.217237 -0.704360
v -5.903247 0.214473 -0.793636
v -5.932144 0.212813 -0.847251
v -5.975735 0.207153 -0.928132
v -5.885974 0.242440 -0.958704
v -5.861081 0.244026 -0.898043
v -5.831081 0.243370 -0.824938
v -5.799551 0.242681 -0.748103
v -5.775995 0.240154 -0.690699
v -5.738312 0.236111 -0.598870
v -5.719990 0.232569 -0.554222
v -5.677399 0.224335 -0.450433
v -5.662281 0.220092 -0.413590
v -5.616846 0.207340 -0.302873
v -5.601966 0.201835 -0.266611
v -5.556683 0.185082 -0.156261
v -5.231913 0.268531 -2.903382
v -5.169506 0.270213 -2.940859
v -5.115640 0.271666 -2.973207
v -5.051109 0.271177 -3.011958
v -4.973309 0.270587 -3.058680
v -4.932419 0.268719 -3.083234
v -4.831167 0.264094 -3.144039
v -5.256416 0.216265 -3.066037
v -5.261575 0.215532 -3.065091
v -4.943771 0.255208 -3.123384
v -4.951194 0.254408 -3.122022
v -4.985966 0.250665 -3.115645
v -5.103519 0.238007 -3.094082
v -5.099337 0.238457 -3.094850
v -5.258286 0.221764 -3.047165
v -5.242230 0.250235 -2.959631
v -4.426683 0.117046 -3.536159
v -4.399929 0.134190 -3.540153
v -4.370547 0.116762 -3.544538
v -4.386982 0.133739 -3.542085
v -4.268422 0.113280 -3.559780
v -4.291573 0.124983 -3.556325
v -4.195947 0.110809 -3.570597
v -4.734392 0.113222 -3.490233
v -4.734392 0.119602 -3.490233
v -4.672532 0.127388 -3.499466
v -4.584080 0.116902 -3.512667
v -4.602029 0.132972 -3.509988
v -4.552310 0.117680 -3.517409
v -4.577149 0.134942 -3.513701
v -4.482071 0.137053 -3.527892
v -5.393384 0.113816 -3.168773
v -5.393384 0.121777 -3.168773
v -5.383356 0.124095 -3.173665
v -5.312919 0.117633 -3.208024
v -5.349061 0.130840 -3.190393
v -5.295568 0.141362 -3.216488
v -5.227563 0.121681 -3.249661
v -5.251195 0.147995 -3.238133
v -5.169910 0.122536 -3.277784
v -4.886125 0.120746 -3.416217
v -4.799646 0.133357 -3.458401
v -4.741726 0.113586 -3.486655
v -5.028215 0.123553 -3.346903
v -4.983297 0.157291 -3.368815
v -4.896866 0.121279 -3.410976
v -4.907009 0.150673 -3.406029
v -4.820678 0.137790 -3.448142
v -5.165136 0.156785 -3.280113
v -5.164845 0.156815 -3.280256
v -5.061942 0.124137 -3.330452
v -5.078887 0.160183 -3.322186
v -4.993037 0.158135 -3.364064
v -5.453565 0.152903 -3.088999
v -5.813533 0.138365 -2.611830
v -5.862048 0.137061 -2.547521
v -5.844549 0.182398 -2.570717
v -6.084521 0.114990 -2.252614
v -6.002313 0.125184 -2.361588
v -5.721062 0.139446 -2.734409
v -5.751258 0.140039 -2.694380
v -5.749806 0.185363 -2.696305
v -5.973215 0.128793 -2.400159
v -5.969481 0.171202 -2.405108
v -5.906898 0.133725 -2.488066
v -5.940639 0.174150 -2.443341
v -5.872849 0.181079 -2.533201
v -5.641081 0.137876 -2.840429
v -5.423357 0.118204 -3.129040
v -5.437386 0.119811 -3.110445
v -5.484620 0.166803 -3.047832
v -5.531723 0.130615 -2.985393
v -5.559364 0.175799 -2.948751
v -5.534314 0.130787 -2.981958
v -5.581798 0.178499 -2.919015
v -5.628382 0.137033 -2.857264
v -5.655162 0.183214 -2.821763
v -5.678942 0.184742 -2.790243
v -5.775981 0.185592 -2.661608
v -6.138137 0.125505 -1.134349
v -6.140777 0.121565 -1.079286
v -6.136663 0.170192 -1.165087
v -6.131914 0.134794 -1.264160
v -6.134607 0.173636 -1.207969
v -6.130505 0.136028 -1.293551
v -6.128998 0.183033 -1.324966
v -6.126920 0.185057 -1.368315
v -6.123067 0.142538 -1.448662
v -6.121308 0.190523 -1.485345
v -6.115784 0.144612 -1.600564
v -6.085816 0.117488 -2.225587
v -6.088224 0.122132 -2.175359
v -6.093599 0.130082 -2.063269
v -6.096849 0.178521 -1.995468
v -6.096823 0.134851 -1.996043
v -6.098147 0.180882 -1.968415
v -6.101130 0.138632 -1.906186
v -6.104465 0.187909 -1.836662
v -6.105505 0.142471 -1.814962
v -6.105876 0.189481 -1.807181
v -6.108495 0.143351 -1.752587
v -6.111947 0.191994 -1.680589
v -6.114258 0.145047 -1.632389
v -6.113599 0.192678 -1.646120
v -6.119400 0.191057 -1.525154
v -5.826326 0.127423 -0.415951
v -5.750753 0.121243 -0.282507
v -5.747146 0.148392 -0.275964
v -5.743823 0.120676 -0.270268
v -5.726259 0.140022 -0.240880
v -5.688124 0.124739 -0.176825
v -5.667566 0.111963 -0.143695
v -5.657469 0.110809 -0.126936
v -5.804046 0.166803 -0.375697
v -5.824676 0.168732 -0.412948
v -5.828768 0.127538 -0.420547
v -5.834463 0.169375 -0.431313
v -5.834481 0.127809 -0.431303
v -5.853958 0.170655 -0.467899
v -5.902162 0.131011 -0.558702
v -5.899251 0.173631 -0.552899
v -5.904793 0.131135 -0.563653
v -5.927589 0.174155 -0.609518
v -5.971527 0.131799 -0.697867
v -5.970253 0.174945 -0.694759
v -5.979180 0.131876 -0.713258
v -5.996698 0.131324 -0.751003
v -5.996641 0.174056 -0.751031
v -5.997318 0.174033 -0.752475
v -6.037491 0.130041 -0.838895
v -6.037650 0.172676 -0.838480
v -6.049455 0.129664 -0.864674
v -6.063621 0.170284 -0.897758
v -6.100439 0.125664 -0.982733
v -6.115589 0.124476 -1.017814
v -5.523181 0.110809 -0.000002
v -5.517510 0.166803 -0.058134
v -5.555753 0.110809 -0.028712
v -5.555520 0.166803 -0.092961
v -5.637311 0.110809 -0.107470
v -5.603061 0.166803 -0.141441
v -5.667915 0.166803 -0.207575
v -5.708410 0.166803 -0.256171
v -5.770679 0.166803 -0.330898
v -5.516247 0.128457 -0.071076
v -5.509500 0.192796 -0.140237
v -5.509471 0.145703 -0.140531
v -5.503079 0.213630 -0.206047
v -5.502539 0.160743 -0.211583
v -5.490130 0.250564 -0.338776
v -5.450653 0.338263 -0.743420
v -5.452274 0.335152 -0.726802
v -5.461087 0.230854 -0.636468
v -5.459043 0.322163 -0.657417
v -5.465711 0.225020 -0.589068
v -5.465711 0.309368 -0.589068
v -5.468316 0.303662 -0.562374
v -5.473958 0.212897 -0.504533
v -5.473548 0.292200 -0.508743
v -5.480514 0.203262 -0.437347
v -5.487033 0.258865 -0.370516
v -5.480576 0.203149 -0.436707
v -5.488429 0.255415 -0.356210
v -5.493090 0.180519 -0.308436
v -5.495097 0.176890 -0.287865
v -5.546968 0.136414 -0.132587
v -5.573441 0.141260 -0.181706
v -5.591590 0.143844 -0.215381
v -5.660047 0.153588 -0.342397
v -6.014142 0.151950 -0.999393
v -5.946389 0.158143 -0.873683
v -5.665072 0.154003 -0.351720
v -5.736253 0.159882 -0.483791
v -5.747590 0.160818 -0.504825
v -5.759940 0.161125 -0.527740
v -5.806277 0.162275 -0.613715
v -5.835916 0.163010 -0.668708
v -5.876060 0.161702 -0.743193
v -5.893818 0.161123 -0.776141
v -5.924838 0.160112 -0.833696
v -6.014142 0.152479 -1.007639
v -6.014142 0.154141 -2.041459
v -6.014142 0.144378 -2.164514
v -6.014142 0.161090 -1.141840
v -6.014142 0.162269 -1.160205
v -6.014142 0.165054 -1.203605
v -6.014142 0.168673 -1.308182
v -6.014142 0.171564 -1.391716
v -6.014142 0.172018 -1.453329
v -6.014142 0.172966 -1.581821
v -6.014142 0.172642 -1.597329
v -6.014142 0.169615 -1.742140
v -6.014142 0.168650 -1.788282
v -6.014142 0.163583 -1.889586
v -6.014142 0.161109 -1.939034
v -6.014142 0.159132 -1.978555
v -5.993577 0.146944 -2.191484
v -5.899377 0.158700 -2.315025
v -5.424320 0.161107 -2.938052
v -5.363667 0.154729 -3.017597
v -5.327453 0.150921 -3.065091
v -5.897016 0.158994 -2.318122
v -5.869331 0.161111 -2.354430
v -5.808869 0.165733 -2.433724
v -5.784818 0.167571 -2.465267
v -5.720273 0.169601 -2.549917
v -5.671503 0.171135 -2.613878
v -5.632527 0.170634 -2.664992
v -5.557311 0.169667 -2.763637
v -5.544671 0.168936 -2.780215
v -5.455499 0.163772 -2.897161
v -5.442525 0.163021 -2.914175
v -5.321797 0.160972 -3.023129
v -5.316788 0.169877 -2.985953
v -5.312364 0.176760 -2.953121
v -5.297396 0.200047 -2.842041
v -5.780554 0.214572 -1.956256
v -5.771158 0.215272 -1.973484
v -5.708685 0.219929 -2.088014
v -5.683411 0.221813 -2.134352
v -5.647569 0.222611 -2.200062
v -5.587014 0.223959 -2.311078
v -5.319613 0.203094 -2.801308
v -5.336579 0.205421 -2.770205
v -5.398016 0.213847 -2.657571
v -5.402479 0.214201 -2.649389
v -5.465249 0.219184 -2.534314
v -5.491776 0.221290 -2.485680
v -5.526579 0.222265 -2.421874
v -5.793789 0.210222 -1.980812
v -5.816300 0.202823 -2.022579
v -5.854259 0.190346 -2.093010
v -5.922860 0.178982 -1.048591
v -5.914182 0.188139 -1.180700
v -5.883782 0.203465 -1.643527
v -5.882104 0.203154 -1.669078
v -5.878310 0.202450 -1.726856
v -5.870799 0.201058 -1.841213
v -5.869475 0.200280 -1.861355
v -5.860448 0.194977 -1.998789
v -5.857947 0.193507 -2.036863
v -5.909962 0.192593 -1.244956
v -5.904916 0.195719 -1.321775
v -5.896855 0.200713 -1.444508
v -5.895911 0.200912 -1.458883
v -5.887094 0.202768 -1.593129
v -5.885262 0.203154 -1.621014
v -5.617509 0.155854 -0.304487
v -5.583732 0.146546 -0.222175
v -5.917669 0.179343 -1.035941
v -5.912707 0.179688 -1.023850
v -5.863879 0.181071 -0.904862
v -5.838100 0.181801 -0.842042
v -5.810215 0.180579 -0.774089
v -5.763468 0.178531 -0.660172
v -5.756178 0.177675 -0.642409
v -5.700927 0.171192 -0.507769
v -5.689769 0.169882 -0.480576
v -5.644409 0.161076 -0.370040
v -5.643679 0.160934 -0.368259
v -4.831167 0.195491 -3.144039
v -4.927429 0.189820 -3.126382
v -5.012403 0.184814 -3.110796
v -5.071044 0.179702 -3.100039
v -5.190650 0.169277 -3.078100
v -5.222000 0.165882 -3.072350
v -5.261575 0.161597 -3.065091
v -4.887201 0.197657 -3.110389
v -4.912281 0.198106 -3.095328
v -5.028483 0.200184 -3.025545
v -5.231913 0.198484 -2.903382
v -5.144207 0.199626 -2.956051
v -5.059191 0.200734 -3.007106
v -5.235908 0.193943 -2.925162
v -5.137111 0.423293 -0.949729
v -5.052723 0.303140 -0.860901
v -5.125734 0.426032 -0.957214
v -5.007817 0.312811 -0.890460
v -5.330232 0.253773 -0.702181
v -5.334409 0.373107 -0.819912
v -5.430141 0.236274 -0.652008
v -5.272091 0.261340 -0.731052
v -5.251469 0.264024 -0.741293
v -5.307812 0.381079 -0.837413
v -5.206516 0.269875 -0.763614
v -5.288867 0.386758 -0.849879
v -5.182580 0.272379 -0.775425
v -5.095285 0.293974 -0.832886
v -4.291531 0.506868 -1.509484
v -4.195947 0.390632 -1.426929
v -4.195947 0.675755 -1.566612
v -4.389534 0.501027 -1.532883
v -4.374888 0.501978 -1.529425
v -4.343111 0.503842 -1.521823
v -4.306739 0.505976 -1.513122
v -4.195947 0.434515 -2.558538
v -4.301438 0.436213 -2.529439
v -4.195947 0.675755 -2.440353
v -4.405169 0.437882 -2.500827
v -4.408175 0.437931 -2.499998
v -4.371684 0.500939 -1.455739
v -4.329785 0.504039 -1.483834
v -4.748580 0.472602 -1.332903
v -4.723432 0.472602 -1.275026
v -4.404229 0.498466 -1.433983
v -4.397468 0.499032 -1.438450
v -4.702482 0.471718 -1.237110
v -4.697427 0.472233 -1.240441
v -4.603805 0.481758 -1.302119
v -4.480223 0.492104 -1.383772
v -5.016227 0.439798 -1.030415
v -5.150756 0.428143 -1.026373
v -5.116162 0.428143 -0.964611
v -4.195947 0.428143 -2.623194
v -4.239734 0.428143 -2.620847
v -4.311843 0.428143 -2.616983
v -4.327138 0.428143 -2.614506
v -4.413740 0.428143 -2.600477
v -4.426414 0.428143 -2.598424
v -4.498619 0.428143 -2.578622
v -4.538343 0.428143 -2.567728
v -4.646354 0.428143 -2.525247
v -4.581625 0.428143 -2.550705
v -4.662437 0.428143 -2.516836
v -4.740180 0.428143 -2.476186
v -4.749206 0.428143 -2.471467
v -4.813675 0.428143 -2.428407
v -4.845720 0.428143 -2.407004
v -4.883452 0.428143 -2.375485
v -5.010180 0.428143 -2.254514
v -4.949246 0.428143 -2.317628
v -4.934794 0.428143 -2.332597
v -5.086637 0.428143 -2.157461
v -5.064620 0.428143 -2.185788
v -5.015409 0.428143 -2.249097
v -5.113886 0.428143 -2.113382
v -4.713398 0.472602 -1.821412
v -4.740654 0.472602 -1.764498
v -4.761672 0.472602 -1.704997
v -4.776212 0.472602 -1.643591
v -4.784105 0.472602 -1.580982
v -4.785264 0.472602 -1.517889
v -4.779674 0.472602 -1.455033
v -4.767399 0.472602 -1.393135
v -5.220696 0.428143 -1.186889
v -5.212373 0.428143 -1.160251
v -5.188544 0.428143 -1.105411
v -5.166120 0.428143 -1.053803
v -5.246986 0.428143 -1.271033
v -5.263966 0.428143 -1.356654
v -5.269563 0.428143 -1.384880
v -5.274783 0.428143 -1.443575
v -5.277435 0.428143 -1.618734
v -5.277713 0.428143 -1.616531
v -5.279283 0.428143 -1.531046
v -5.279845 0.428143 -1.500487
v -5.266461 0.428143 -1.705769
v -5.225389 0.428143 -1.875947
v -5.236454 0.428143 -1.844623
v -5.249005 0.428143 -1.791610
v -5.263195 0.428143 -1.731682
v -5.197796 0.428143 -1.954060
v -5.147666 0.428143 -2.058739
v -5.157801 0.428143 -2.037578
v -5.195691 0.428143 -1.958456
v -4.195947 0.166803 -3.523161
v -4.276209 0.166803 -3.521537
v -4.267344 0.250679 -3.302481
v -5.596715 0.250680 -0.464318
v -5.491176 0.322335 -0.702299
v -5.554533 0.322335 -0.809719
v -5.678960 0.250680 -0.581047
v -5.505304 0.250680 -0.354619
v -4.258303 0.322334 -3.079135
v -4.195947 0.322334 -3.080397
v -4.195947 0.250679 -3.303926
v -4.195947 0.381549 -2.853255
v -4.249115 0.381549 -2.852180
v -4.355107 0.381549 -2.843585
v -5.354379 0.381549 -0.917105
v -5.865645 0.250680 -0.965570
v -5.906499 0.250680 -1.102395
v -5.731769 0.322334 -1.403310
v -5.737681 0.322334 -1.527883
v -5.715808 0.322334 -1.279624
v -5.719270 0.322334 -1.776422
v -5.733506 0.322334 -1.652525
v -5.695065 0.322334 -1.898763
v -5.661056 0.322334 -2.018748
v -5.617456 0.322334 -2.135591
v -5.564558 0.322334 -2.248529
v -5.502704 0.322334 -2.356821
v -5.353807 0.322334 -2.556672
v -5.432301 0.322334 -2.459760
v -5.267737 0.322334 -2.646923
v -5.075170 0.322334 -2.805126
v -5.174655 0.322334 -2.729922
v -5.455720 0.166803 -3.072037
v -5.331744 0.166803 -3.165755
v -5.327664 0.166803 -3.168839
v -5.751503 0.250680 -0.704041
v -5.813868 0.250680 -0.832495
v -4.859629 0.322334 -2.930238
v -4.969932 0.322334 -2.872044
v -4.955851 0.250679 -3.131996
v -4.824584 0.250679 -3.188201
v -4.744984 0.322334 -2.979326
v -5.400823 0.381549 -1.012766
v -5.439382 0.381549 -1.111868
v -5.469806 0.381549 -1.213761
v -5.491895 0.381549 -1.317781
v -5.505505 0.381549 -1.423246
v -5.510546 0.381549 -1.529465
v -5.506985 0.381549 -1.635744
v -5.494846 0.381549 -1.741388
v -5.474208 0.381549 -1.845706
v -5.445208 0.381549 -1.948014
v -5.408032 0.381549 -2.047643
v -5.362927 0.381549 -2.143942
v -5.310186 0.381549 -2.236280
v -5.250154 0.381549 -2.324054
v -5.183226 0.381549 -2.406688
v -5.109837 0.381549 -2.483643
v -5.030468 0.381549 -2.554414
v -4.945639 0.381549 -2.618540
v -4.855905 0.381549 -2.675599
v -4.761851 0.381549 -2.725219
v -4.664096 0.381549 -2.767075
v -4.563279 0.381549 -2.800893
v -4.460056 0.381549 -2.826452
v -5.689903 0.322335 -1.157632
v -5.654222 0.322335 -1.038133
v -5.609000 0.322335 -0.921908
v -4.382607 0.322334 -3.069056
v -4.550598 0.250679 -3.267934
v -4.689205 0.250679 -3.233613
v -4.626747 0.322334 -3.018987
v -4.397069 0.166803 -3.511737
v -4.436213 0.166803 -3.508563
v -4.409668 0.250679 -3.290940
v -4.505690 0.322334 -3.048963
v -5.192204 0.166803 -3.254974
v -5.160488 0.166803 -3.271707
v -5.050224 0.166803 -3.329880
v -4.979577 0.166803 -3.360129
v -4.902656 0.166803 -3.393065
v -4.790928 0.166803 -3.430542
v -4.594642 0.166803 -3.482699
v -4.596296 0.166803 -3.482290
v -4.750463 0.166803 -3.444116
v -4.944090 0.261975 -2.657131
v -4.853390 0.261975 -2.712740
v -4.767808 0.278625 -2.559903
v -5.110807 0.278625 -2.268189
v -5.117072 0.278625 -2.260819
v -5.254920 0.261975 -2.368897
v -5.317203 0.261975 -2.282642
v -5.725624 0.203155 -0.814293
v -5.778066 0.203155 -0.937403
v -5.875053 0.203155 -1.326092
v -5.886596 0.203155 -1.459407
v -5.660879 0.236798 -1.943288
v -5.825123 0.161125 -2.443008
v -6.020299 0.161125 -1.159325
v -6.025629 0.161125 -1.891322
v -4.262915 0.161125 -3.400786
v -4.195947 0.278625 -2.709111
v -4.238012 0.278625 -2.708354
v -4.244308 0.261975 -2.883406
v -5.512533 0.203155 -0.475061
v -5.592441 0.203155 -0.582397
v -5.449938 0.236798 -0.679974
v -5.306251 0.261975 -0.778361
v -5.118164 0.278625 -0.817826
v -5.161721 0.278625 -0.877326
v -4.195947 0.261975 -2.884276
v -4.250566 0.236798 -3.057438
v -4.195947 0.236798 -3.058420
v -4.256773 0.203155 -3.230035
v -4.195947 0.203155 -3.231129
v -4.195947 0.161125 -3.401990
v -4.409819 0.161125 -3.389676
v -4.555385 0.161125 -3.366994
v -4.698705 0.161125 -3.332884
v -4.838881 0.161125 -3.287557
v -4.652605 0.203155 -3.168359
v -4.975040 0.161125 -3.231298
v -5.106328 0.161125 -3.164459
v -5.231925 0.161125 -3.087456
v -5.566928 0.161125 -2.800582
v -5.662340 0.161125 -2.688329
v -5.748585 0.161125 -2.568889
v -6.047772 0.161125 -1.745673
v -6.058342 0.161125 -1.598730
v -6.057270 0.161125 -1.451410
v -6.044562 0.161125 -1.304636
v -5.880047 0.161125 -0.741170
v -5.811784 0.161125 -0.610617
v -5.548410 0.161125 -0.256840
v -5.462948 0.161125 -2.904948
v -5.245130 0.203155 -2.866700
v -5.391964 0.236798 -2.476345
v -5.314146 0.236798 -2.567901
v -5.229337 0.236798 -2.653023
v -5.624331 0.236798 -2.057754
v -5.578855 0.236798 -2.168976
v -5.420395 0.261975 -2.096747
v -5.857854 0.203155 -1.858982
v -5.827353 0.203155 -1.989273
v -5.714951 0.236798 -1.587647
v -5.853015 0.203155 -1.194105
v -5.820618 0.203155 -1.064271
v -5.663620 0.203155 -0.695710
v -4.779928 0.203155 -3.127189
v -5.022851 0.203155 -3.015378
v -5.136931 0.203155 -2.945436
v -4.489110 0.236798 -3.029877
v -4.522427 0.203155 -3.199342
v -5.688269 0.236798 -1.826292
v -5.877479 0.202617 -1.726760
v -5.706329 0.236798 -1.707497
v -4.938470 0.236798 -2.864685
v -5.040911 0.236798 -2.801880
v -5.138068 0.236798 -2.731179
v -4.720336 0.236798 -2.965087
v -4.831389 0.236798 -2.919201
v -4.903602 0.203155 -3.076088
v -4.350397 0.261975 -2.875383
v -4.370385 0.236798 -3.048376
v -4.390207 0.203155 -3.219944
v -5.533265 0.261975 -1.688147
v -5.517272 0.261975 -1.793330
v -5.493021 0.261975 -1.896920
v -5.284781 0.278625 -1.965949
v -5.296031 0.278625 -1.938438
v -5.460660 0.261975 -1.998270
v -5.372477 0.261975 -2.191736
v -5.524734 0.236798 -2.276257
v -5.462306 0.236798 -2.378927
v -5.030117 0.261975 -2.594531
v -5.110927 0.261975 -2.525331
v -5.186018 0.261975 -2.449962
v -4.758577 0.261975 -2.761009
v -4.660250 0.261975 -2.801637
v -4.559020 0.261975 -2.834370
v -4.606006 0.236798 -3.002056
v -4.455519 0.261975 -2.859003
v -4.421731 0.278625 -2.687127
v -4.370259 0.278625 -2.695147
v -5.362842 0.261975 -0.868453
v -5.210946 0.278625 -0.955690
v -5.209530 0.278625 -0.953437
v -5.513854 0.236798 -0.781724
v -5.569531 0.236798 -0.888206
v -5.412140 0.261975 -0.962734
v -5.253826 0.278625 -1.037698
v -5.453835 0.261975 -1.060614
v -5.290093 0.278625 -1.122838
v -5.285123 0.278625 -1.111169
v -5.616621 0.236798 -0.998753
v -5.654832 0.236798 -1.112676
v -5.487667 0.261975 -1.161483
v -5.319521 0.278625 -1.210576
v -5.513424 0.261975 -1.264709
v -5.341926 0.278625 -1.300365
v -5.336429 0.278625 -1.278332
v -5.683922 0.236798 -1.229261
v -5.703712 0.236798 -1.347779
v -5.530946 0.261975 -1.369647
v -5.357167 0.278625 -1.391643
v -5.540123 0.261975 -1.475642
v -5.365149 0.278625 -1.483841
v -5.362326 0.278625 -1.451227
v -5.714077 0.236798 -1.467491
v -5.540896 0.261975 -1.582030
v -5.365823 0.278625 -1.576380
v -5.362252 0.278625 -1.626030
v -5.324179 0.278625 -1.850280
v -5.336213 0.278625 -1.798878
v -5.345273 0.278625 -1.760174
v -5.359183 0.278625 -1.668684
v -5.171247 0.278625 -2.185792
v -5.209093 0.278625 -2.123549
v -5.219326 0.278625 -2.106720
v -5.261006 0.278625 -2.024096
v -5.057138 0.278625 -2.331332
v -4.846704 0.278625 -2.511534
v -4.855091 0.278625 -2.505431
v -4.921531 0.278625 -2.457082
v -4.991823 0.278625 -2.396889
v -4.992070 0.278625 -2.396642
v -4.703516 0.278625 -2.592636
v -4.511757 0.278625 -2.665701
v -4.540705 0.278625 -2.656341
v -4.599812 0.278625 -2.637229
v -4.685339 0.278625 -2.601889
v -4.330292 0.278625 -2.701375
v -4.195947 0.315249 -1.538625
v -4.218769 0.311081 -1.409833
v -4.195947 0.311689 -1.424855
v -4.243754 0.310415 -1.393387
v -4.258178 0.310030 -1.383894
v -4.280750 0.309287 -1.369036
v -4.328471 0.307716 -1.337624
v -4.339752 0.307316 -1.330199
v -4.427186 0.304221 -1.272647
v -4.482215 0.302208 -1.236425
v -5.031381 0.281861 -0.874949
v -4.599933 0.297902 -1.158941
v -4.859049 0.288288 -0.988383
v -4.195947 0.388896 -1.424855
v -4.298009 0.380565 -1.357675
v -4.406232 0.371730 -1.286440
v -4.602265 0.355728 -1.157405
v -4.622649 0.353571 -1.143989
v -4.195947 0.499708 -2.389234
v -4.195947 0.358018 -2.389234
v -4.195947 0.604516 -2.284426
v -4.195947 0.604516 -1.960773
v -4.195947 0.499709 -1.617731
v -4.195947 0.408377 -1.617731
v -4.195947 0.323410 -2.268584
v -4.037143 0.781502 -1.221926
v -3.354569 0.781502 -1.221926
v -3.420712 0.847645 -1.223251
v -3.971000 0.847645 -1.223251
v -3.648862 0.600951 -0.312302
v -3.642265 0.606487 -0.312302
v -3.656424 0.608512 -0.312302
v -3.650888 0.615110 -0.312302
v -3.665183 0.614646 -0.312302
v -3.660877 0.622104 -0.312302
v -3.674875 0.619165 -0.312302
v -3.671929 0.627258 -0.312302
v -3.685204 0.621932 -0.312302
v -3.683708 0.630414 -0.312302
v -3.695856 0.622865 -0.312302
v -3.695856 0.631477 -0.312302
v -3.706509 0.621932 -0.312302
v -3.708004 0.630414 -0.312302
v -3.716838 0.619165 -0.312302
v -3.719783 0.627258 -0.312302
v -3.726529 0.614646 -0.312302
v -3.730835 0.622104 -0.312302
v -3.735288 0.608512 -0.312302
v -3.740824 0.615110 -0.312302
v -3.742850 0.600951 -0.312302
v -3.749447 0.606487 -0.312302
v -3.748983 0.592192 -0.312302
v -3.756442 0.596498 -0.312302
v -3.753503 0.582500 -0.312302
v -3.761595 0.585446 -0.312302
v -3.756270 0.572171 -0.312302
v -3.764751 0.573667 -0.312302
v -3.757202 0.561519 -0.312302
v -3.765814 0.561519 -0.312302
v -3.756270 0.550866 -0.312302
v -3.764751 0.549370 -0.312302
v -3.753503 0.540537 -0.312302
v -3.761595 0.537592 -0.312302
v -3.748983 0.530846 -0.312302
v -3.756442 0.526540 -0.312302
v -3.742850 0.522086 -0.312302
v -3.749447 0.516550 -0.312302
v -3.735288 0.514525 -0.312302
v -3.740824 0.507928 -0.312302
v -3.726529 0.508392 -0.312302
v -3.730835 0.500933 -0.312302
v -3.716838 0.503872 -0.312302
v -3.719783 0.495780 -0.312302
v -3.706509 0.501105 -0.312302
v -3.708004 0.492623 -0.312302
v -3.695856 0.500173 -0.312302
v -3.695856 0.491561 -0.312302
v -3.685204 0.501105 -0.312302
v -3.683708 0.492623 -0.312302
v -3.674875 0.503872 -0.312302
v -3.671929 0.495780 -0.312302
v -3.665183 0.508392 -0.312302
v -3.660877 0.500933 -0.312302
v -3.656424 0.514525 -0.312302
v -3.650888 0.507928 -0.312302
v -3.648862 0.522086 -0.312302
v -3.642265 0.516550 -0.312302
v -3.642729 0.530846 -0.312302
v -3.635271 0.526540 -0.312302
v -3.638210 0.540537 -0.312302
v -3.630117 0.537592 -0.312302
v -3.635442 0.550866 -0.312302
v -3.626961 0.549370 -0.312302
v -3.634510 0.561519 -0.312302
v -3.625898 0.561519 -0.312302
v -3.635442 0.572171 -0.312302
v -3.626961 0.573667 -0.312302
v -3.638210 0.582500 -0.312302
v -3.630117 0.585446 -0.312302
v -3.642729 0.592192 -0.312302
v -3.635271 0.596498 -0.312302
v -3.784137 0.577085 -0.331987
v -3.785499 0.561519 -0.331987
v -3.784137 0.545952 -0.331987
v -3.780093 0.530859 -0.331987
v -3.773489 0.516697 -0.331987
v -3.764527 0.503897 -0.331987
v -3.753478 0.492848 -0.331987
v -3.740678 0.483885 -0.331987
v -3.726516 0.477282 -0.331987
v -3.711423 0.473237 -0.331987
v -3.695856 0.471875 -0.331987
v -3.680290 0.473237 -0.331987
v -3.665196 0.477282 -0.331987
v -3.651035 0.483885 -0.331987
v -3.638235 0.492848 -0.331987
v -3.627186 0.503897 -0.331987
v -3.618223 0.516697 -0.331987
v -3.611619 0.530859 -0.331987
v -3.607575 0.545952 -0.331987
v -3.606213 0.561519 -0.331987
v -3.607575 0.577085 -0.331987
v -3.611619 0.592178 -0.331987
v -3.618223 0.606340 -0.331987
v -3.627186 0.619140 -0.331987
v -3.638235 0.630189 -0.331987
v -3.651035 0.639152 -0.331987
v -3.665196 0.645756 -0.331987
v -3.680290 0.649800 -0.331987
v -3.695856 0.651162 -0.331987
v -3.711423 0.649800 -0.331987
v -3.726516 0.645756 -0.331987
v -3.740678 0.639152 -0.331987
v -3.753478 0.630189 -0.331987
v -3.764527 0.619140 -0.331987
v -3.773489 0.606340 -0.331987
v -3.780093 0.592178 -0.331987
v -3.757202 0.561519 -0.558365
v -3.756270 0.572171 -0.558365
v -3.753503 0.582500 -0.558365
v -3.748983 0.592191 -0.558365
v -3.742850 0.600951 -0.558365
v -3.735288 0.608512 -0.558365
v -3.726529 0.614646 -0.558365
v -3.716838 0.619165 -0.558365
v -3.706509 0.621932 -0.558365
v -3.695856 0.622864 -0.558365
v -3.685204 0.621932 -0.558365
v -3.674875 0.619165 -0.558365
v -3.665183 0.614646 -0.558365
v -3.656424 0.608512 -0.558365
v -3.648862 0.600951 -0.558365
v -3.642729 0.592191 -0.558365
v -3.638210 0.582500 -0.558365
v -3.635442 0.572171 -0.558365
v -3.634510 0.561519 -0.558365
v -3.635442 0.550866 -0.558365
v -3.638210 0.540537 -0.558365
v -3.642729 0.530845 -0.558365
v -3.648862 0.522086 -0.558365
v -3.656424 0.514525 -0.558365
v -3.665183 0.508391 -0.558365
v -3.674875 0.503872 -0.558365
v -3.685204 0.501105 -0.558365
v -3.695856 0.500173 -0.558365
v -3.706509 0.501105 -0.558365
v -3.716838 0.503872 -0.558365
v -3.726529 0.508391 -0.558365
v -3.735288 0.514525 -0.558365
v -3.742850 0.522086 -0.558365
v -3.748983 0.530845 -0.558365
v -3.753503 0.540537 -0.558365
v -3.756270 0.550866 -0.558365
v -3.623595 0.574260 -0.312601
v -3.626905 0.586615 -0.312601
v -3.632310 0.598207 -0.312601
v -3.639647 0.608684 -0.312601
v -3.648691 0.617728 -0.312601
v -3.659168 0.625064 -0.312601
v -3.670760 0.630470 -0.312601
v -3.683115 0.633780 -0.312601
v -3.695856 0.634895 -0.312601
v -3.708598 0.633780 -0.312601
v -3.720952 0.630470 -0.312601
v -3.732544 0.625064 -0.312601
v -3.743021 0.617728 -0.312601
v -3.752066 0.608684 -0.312601
v -3.759402 0.598207 -0.312601
v -3.764807 0.586615 -0.312601
v -3.768118 0.574260 -0.312601
v -3.769232 0.561519 -0.312601
v -3.768118 0.548777 -0.312601
v -3.764807 0.536422 -0.312601
v -3.759402 0.524830 -0.312601
v -3.752066 0.514353 -0.312601
v -3.743021 0.505309 -0.312601
v -3.732544 0.497973 -0.312601
v -3.720952 0.492567 -0.312601
v -3.708598 0.489257 -0.312601
v -3.695856 0.488142 -0.312601
v -3.683115 0.489257 -0.312601
v -3.670760 0.492567 -0.312601
v -3.659168 0.497973 -0.312601
v -3.648691 0.505309 -0.312601
v -3.639647 0.514353 -0.312601
v -3.632310 0.524830 -0.312601
v -3.626905 0.536422 -0.312601
v -3.623595 0.548777 -0.312601
v -3.622480 0.561519 -0.312601
v -3.620330 0.574836 -0.313489
v -3.623791 0.587748 -0.313489
v -3.629440 0.599864 -0.313489
v -3.637108 0.610814 -0.313489
v -3.646560 0.620267 -0.313489
v -3.657511 0.627935 -0.313489
v -3.669626 0.633584 -0.313489
v -3.682539 0.637044 -0.313489
v -3.695856 0.638209 -0.313489
v -3.709173 0.637044 -0.313489
v -3.722086 0.633584 -0.313489
v -3.734201 0.627935 -0.313489
v -3.745152 0.620267 -0.313489
v -3.754605 0.610814 -0.313489
v -3.762272 0.599864 -0.313489
v -3.767922 0.587748 -0.313489
v -3.771382 0.574836 -0.313489
v -3.772547 0.561519 -0.313489
v -3.771382 0.548201 -0.313489
v -3.767922 0.535289 -0.313489
v -3.762272 0.523173 -0.313489
v -3.754605 0.512223 -0.313489
v -3.745152 0.502770 -0.313489
v -3.734201 0.495102 -0.313489
v -3.722086 0.489453 -0.313489
v -3.709173 0.485993 -0.313489
v -3.695856 0.484828 -0.313489
v -3.682539 0.485993 -0.313489
v -3.669626 0.489453 -0.313489
v -3.657511 0.495102 -0.313489
v -3.646560 0.502770 -0.313489
v -3.637108 0.512223 -0.313489
v -3.629440 0.523173 -0.313489
v -3.623791 0.535289 -0.313489
v -3.620330 0.548201 -0.313489
v -3.619165 0.561519 -0.313489
v -3.617268 0.575376 -0.314939
v -3.620868 0.588812 -0.314939
v -3.626747 0.601419 -0.314939
v -3.634725 0.612813 -0.314939
v -3.644561 0.622649 -0.314939
v -3.655956 0.630628 -0.314939
v -3.668563 0.636507 -0.314939
v -3.681999 0.640107 -0.314939
v -3.695856 0.641319 -0.314939
v -3.709713 0.640107 -0.314939
v -3.723150 0.636507 -0.314939
v -3.735756 0.630628 -0.314939
v -3.747151 0.622649 -0.314939
v -3.756987 0.612813 -0.314939
v -3.764966 0.601419 -0.314939
v -3.770844 0.588812 -0.314939
v -3.774444 0.575376 -0.314939
v -3.775657 0.561519 -0.314939
v -3.774444 0.547661 -0.314939
v -3.770844 0.534225 -0.314939
v -3.764966 0.521618 -0.314939
v -3.756987 0.510224 -0.314939
v -3.747151 0.500388 -0.314939
v -3.735756 0.492409 -0.314939
v -3.723150 0.486531 -0.314939
v -3.709713 0.482930 -0.314939
v -3.695856 0.481718 -0.314939
v -3.681999 0.482930 -0.314939
v -3.668563 0.486531 -0.314939
v -3.655956 0.492409 -0.314939
v -3.644561 0.500388 -0.314939
v -3.634725 0.510224 -0.314939
v -3.626747 0.521618 -0.314939
v -3.620868 0.534225 -0.314939
v -3.617268 0.547661 -0.314939
v -3.616055 0.561519 -0.314939
v -3.614500 0.575864 -0.316907
v -3.618227 0.589773 -0.316907
v -3.624313 0.602824 -0.316907
v -3.632572 0.614620 -0.316907
v -3.642755 0.624803 -0.316907
v -3.654551 0.633062 -0.316907
v -3.667601 0.639148 -0.316907
v -3.681511 0.642875 -0.316907
v -3.695856 0.644130 -0.316907
v -3.710202 0.642875 -0.316907
v -3.724111 0.639148 -0.316907
v -3.737162 0.633062 -0.316907
v -3.748958 0.624803 -0.316907
v -3.759140 0.614620 -0.316907
v -3.767400 0.602824 -0.316907
v -3.773485 0.589773 -0.316907
v -3.777212 0.575864 -0.316907
v -3.778467 0.561519 -0.316907
v -3.777212 0.547173 -0.316907
v -3.773485 0.533264 -0.316907
v -3.767400 0.520213 -0.316907
v -3.759140 0.508417 -0.316907
v -3.748958 0.498235 -0.316907
v -3.737162 0.489975 -0.316907
v -3.724111 0.483889 -0.316907
v -3.710202 0.480162 -0.316907
v -3.695856 0.478907 -0.316907
v -3.681511 0.480162 -0.316907
v -3.667601 0.483889 -0.316907
v -3.654551 0.489975 -0.316907
v -3.642755 0.498235 -0.316907
v -3.632572 0.508417 -0.316907
v -3.624313 0.520213 -0.316907
v -3.618227 0.533264 -0.316907
v -3.614500 0.547173 -0.316907
v -3.613245 0.561519 -0.316907
v -3.612110 0.576285 -0.319334
v -3.615947 0.590603 -0.319334
v -3.622211 0.604037 -0.319334
v -3.630713 0.616180 -0.319334
v -3.641195 0.626661 -0.319334
v -3.653337 0.635163 -0.319334
v -3.666772 0.641428 -0.319334
v -3.681090 0.645264 -0.319334
v -3.695856 0.646556 -0.319334
v -3.710623 0.645264 -0.319334
v -3.724941 0.641428 -0.319334
v -3.738375 0.635163 -0.319334
v -3.750517 0.626661 -0.319334
v -3.760999 0.616180 -0.319334
v -3.769501 0.604037 -0.319334
v -3.775765 0.590603 -0.319334
v -3.779602 0.576285 -0.319334
v -3.780894 0.561519 -0.319334
v -3.779602 0.546752 -0.319334
v -3.775765 0.532434 -0.319334
v -3.769501 0.519000 -0.319334
v -3.760999 0.506857 -0.319334
v -3.750517 0.496376 -0.319334
v -3.738375 0.487874 -0.319334
v -3.724941 0.481609 -0.319334
v -3.710623 0.477773 -0.319334
v -3.695856 0.476481 -0.319334
v -3.681090 0.477773 -0.319334
v -3.666772 0.481609 -0.319334
v -3.653337 0.487874 -0.319334
v -3.641195 0.496376 -0.319334
v -3.630713 0.506857 -0.319334
v -3.622211 0.519000 -0.319334
v -3.615947 0.532434 -0.319334
v -3.612110 0.546752 -0.319334
v -3.610819 0.561519 -0.319334
v -3.610172 0.576627 -0.322145
v -3.614097 0.591276 -0.322145
v -3.620507 0.605021 -0.322145
v -3.629206 0.617445 -0.322145
v -3.639930 0.628169 -0.322145
v -3.652353 0.636868 -0.322145
v -3.666098 0.643277 -0.322145
v -3.680748 0.647203 -0.322145
v -3.695856 0.648524 -0.322145
v -3.710965 0.647203 -0.322145
v -3.725614 0.643277 -0.322145
v -3.739359 0.636868 -0.322145
v -3.751782 0.628169 -0.322145
v -3.762506 0.617445 -0.322145
v -3.771205 0.605021 -0.322145
v -3.777615 0.591276 -0.322145
v -3.781540 0.576627 -0.322145
v -3.782862 0.561519 -0.322145
v -3.781540 0.546410 -0.322145
v -3.777615 0.531761 -0.322145
v -3.771205 0.518016 -0.322145
v -3.762506 0.505592 -0.322145
v -3.751782 0.494868 -0.322145
v -3.739359 0.486169 -0.322145
v -3.725614 0.479760 -0.322145
v -3.710965 0.475835 -0.322145
v -3.695856 0.474513 -0.322145
v -3.680748 0.475835 -0.322145
v -3.666098 0.479760 -0.322145
v -3.652353 0.486169 -0.322145
v -3.639930 0.494868 -0.322145
v -3.629206 0.505592 -0.322145
v -3.620507 0.518016 -0.322145
v -3.614097 0.531761 -0.322145
v -3.610172 0.546410 -0.322145
v -3.608850 0.561519 -0.322145
v -3.608744 0.576879 -0.325254
v -3.612735 0.591772 -0.325254
v -3.619251 0.605747 -0.325254
v -3.628095 0.618377 -0.325254
v -3.638998 0.629280 -0.325254
v -3.651628 0.638124 -0.325254
v -3.665602 0.644640 -0.325254
v -3.680496 0.648631 -0.325254
v -3.695856 0.649975 -0.325254
v -3.711216 0.648631 -0.325254
v -3.726110 0.644640 -0.325254
v -3.740084 0.638124 -0.325254
v -3.752715 0.629280 -0.325254
v -3.763618 0.618377 -0.325254
v -3.772461 0.605747 -0.325254
v -3.778978 0.591772 -0.325254
v -3.782968 0.576879 -0.325254
v -3.784312 0.561519 -0.325254
v -3.782968 0.546158 -0.325254
v -3.778978 0.531265 -0.325254
v -3.772461 0.517291 -0.325254
v -3.763618 0.504660 -0.325254
v -3.752715 0.493757 -0.325254
v -3.740084 0.484914 -0.325254
v -3.726110 0.478397 -0.325254
v -3.711216 0.474407 -0.325254
v -3.695856 0.473063 -0.325254
v -3.680496 0.474407 -0.325254
v -3.665602 0.478397 -0.325254
v -3.651628 0.484914 -0.325254
v -3.638998 0.493757 -0.325254
v -3.628095 0.504660 -0.325254
v -3.619251 0.517291 -0.325254
v -3.612735 0.531265 -0.325254
v -3.608744 0.546158 -0.325254
v -3.607400 0.561519 -0.325254
v -3.607869 0.577033 -0.328569
v -3.611900 0.592076 -0.328569
v -3.618482 0.606191 -0.328569
v -3.627415 0.618948 -0.328569
v -3.638427 0.629960 -0.328569
v -3.651184 0.638893 -0.328569
v -3.665299 0.645475 -0.328569
v -3.680342 0.649505 -0.328569
v -3.695856 0.650863 -0.328569
v -3.711371 0.649505 -0.328569
v -3.726413 0.645475 -0.328569
v -3.740528 0.638893 -0.328569
v -3.753285 0.629960 -0.328569
v -3.764298 0.618948 -0.328569
v -3.773230 0.606191 -0.328569
v -3.779812 0.592076 -0.328569
v -3.783843 0.577033 -0.328569
v -3.785200 0.561519 -0.328569
v -3.783843 0.546004 -0.328569
v -3.779812 0.530961 -0.328569
v -3.773230 0.516847 -0.328569
v -3.764298 0.504089 -0.328569
v -3.753285 0.493077 -0.328569
v -3.740528 0.484144 -0.328569
v -3.726413 0.477563 -0.328569
v -3.711371 0.473532 -0.328569
v -3.695856 0.472175 -0.328569
v -3.680342 0.473532 -0.328569
v -3.665299 0.477563 -0.328569
v -3.651184 0.484144 -0.328569
v -3.638427 0.493077 -0.328569
v -3.627415 0.504089 -0.328569
v -3.618482 0.516847 -0.328569
v -3.611900 0.530961 -0.328569
v -3.607869 0.546004 -0.328569
v -3.606512 0.561519 -0.328569
v -2.894937 0.263504 -2.450542
v -2.865717 0.222806 -2.450542
v -2.360640 0.222806 -2.450542
v -2.331420 0.263504 -2.450542
v -2.331420 0.418731 -2.381981
v -2.331420 0.430943 -2.381799
v -2.331420 0.548439 -2.450542
v -2.331420 0.441129 -2.381644
v -2.331420 0.548439 -2.381644
v -2.331420 0.380947 -2.381764
v -2.331420 0.399319 -2.381983
v -2.331420 0.405971 -2.382061
v -2.331420 0.410184 -2.382111
v -2.360640 0.589136 -2.450542
v -2.360640 0.589136 -2.381644
v -2.865717 0.589136 -2.450542
v -2.865717 0.589136 -2.381644
v -2.894937 0.548439 -2.450542
v -2.894937 0.548439 -2.381644
v -2.595907 0.427767 -2.401330
v -2.597815 0.405971 -2.480069
v -2.597815 0.405971 -2.401330
v -2.595907 0.384176 -2.480069
v -2.595907 0.384176 -2.401330
v -2.590245 0.363043 -2.480069
v -2.590245 0.363043 -2.401330
v -2.580998 0.343214 -2.480069
v -2.580998 0.343214 -2.401330
v -2.568449 0.325292 -2.480069
v -2.568449 0.325292 -2.401330
v -2.552979 0.309821 -2.480069
v -2.552979 0.309822 -2.401330
v -2.535058 0.297272 -2.480069
v -2.535058 0.297273 -2.401330
v -2.515229 0.288026 -2.480069
v -2.515229 0.288026 -2.401330
v -2.494095 0.282364 -2.480069
v -2.494095 0.282364 -2.401330
v -2.472300 0.280457 -2.480069
v -2.472300 0.280457 -2.401330
v -2.450505 0.282364 -2.480069
v -2.450505 0.282364 -2.401330
v -2.429372 0.288026 -2.480069
v -2.429372 0.288026 -2.401330
v -2.409543 0.297272 -2.480069
v -2.409543 0.297273 -2.401330
v -2.391621 0.309821 -2.480069
v -2.391621 0.309822 -2.401330
v -2.376149 0.325292 -2.480069
v -2.376149 0.325292 -2.401330
v -2.363600 0.343214 -2.480069
v -2.363600 0.343214 -2.401330
v -2.354355 0.363043 -2.480069
v -2.354355 0.363043 -2.401330
v -2.348692 0.384176 -2.480069
v -2.348692 0.384176 -2.401330
v -2.346786 0.405971 -2.480069
v -2.346786 0.405971 -2.401330
v -2.348692 0.427766 -2.480069
v -2.348692 0.427767 -2.401330
v -2.354355 0.448900 -2.480069
v -2.354355 0.448900 -2.401330
v -2.363600 0.468728 -2.480069
v -2.363600 0.468728 -2.401330
v -2.376149 0.486650 -2.480069
v -2.376149 0.486650 -2.401330
v -2.391621 0.502121 -2.480069
v -2.391621 0.502121 -2.401330
v -2.409543 0.514670 -2.480069
v -2.409543 0.514670 -2.401330
v -2.429372 0.523916 -2.480069
v -2.429372 0.523916 -2.401330
v -2.450505 0.529579 -2.480069
v -2.450505 0.529579 -2.401330
v -2.472300 0.531486 -2.480069
v -2.472300 0.531486 -2.401330
v -2.494095 0.529579 -2.480069
v -2.494095 0.529579 -2.401330
v -2.515229 0.523916 -2.480069
v -2.515229 0.523916 -2.401330
v -2.535058 0.514670 -2.480069
v -2.535058 0.514670 -2.401330
v -2.552979 0.502121 -2.480069
v -2.552979 0.502121 -2.401330
v -2.568449 0.486650 -2.480069
v -2.568449 0.486650 -2.401330
v -2.580998 0.468728 -2.480069
v -2.580998 0.468728 -2.401330
v -2.590245 0.448900 -2.480069
v -2.590245 0.448900 -2.401330
v -2.595907 0.427766 -2.480069
v -2.894937 0.393212 -2.381981
v -2.894937 0.380999 -2.381799
v -2.894937 0.430996 -2.381764
v -2.894937 0.441129 -2.381644
v -2.894937 0.412623 -2.381983
v -2.894937 0.405972 -2.382061
v -2.894937 0.401758 -2.382111
v -2.877665 0.427767 -2.401330
v -2.879571 0.405971 -2.401330
v -2.877665 0.384176 -2.401330
v -2.872003 0.363043 -2.401330
v -2.862756 0.343214 -2.401330
v -2.850207 0.325292 -2.401330
v -2.834737 0.309822 -2.401330
v -2.816814 0.297273 -2.401330
v -2.796986 0.288026 -2.401330
v -2.775852 0.282364 -2.401330
v -2.754057 0.280457 -2.401330
v -2.732263 0.282364 -2.401330
v -2.711128 0.288026 -2.401330
v -2.691299 0.297273 -2.401330
v -2.673378 0.309822 -2.401330
v -2.657907 0.325292 -2.401330
v -2.645359 0.343214 -2.401330
v -2.636112 0.363043 -2.401330
v -2.630450 0.384176 -2.401330
v -2.628542 0.405971 -2.401330
v -2.630450 0.427767 -2.401330
v -2.636112 0.448900 -2.401330
v -2.645359 0.468728 -2.401330
v -2.657907 0.486650 -2.401330
v -2.673378 0.502121 -2.401330
v -2.691299 0.514670 -2.401330
v -2.711128 0.523916 -2.401330
v -2.732263 0.529579 -2.401330
v -2.754057 0.531486 -2.401330
v -2.775852 0.529579 -2.401330
v -2.796986 0.523916 -2.401330
v -2.816814 0.514670 -2.401330
v -2.834737 0.502121 -2.401330
v -2.850207 0.486650 -2.401330
v -2.862756 0.468728 -2.401330
v -2.872003 0.448900 -2.401330
v -2.346554 0.478571 -2.381644
v -2.335856 0.455632 -2.381644
v -2.422638 0.542414 -2.381644
v -2.447087 0.548965 -2.381644
v -2.472300 0.551171 -2.381644
v -2.497514 0.548965 -2.381644
v -2.865287 0.499304 -2.381644
v -2.879803 0.478571 -2.381644
v -2.890501 0.455632 -2.381644
v -2.361071 0.499304 -2.381644
v -2.378968 0.517200 -2.381644
v -2.399699 0.531718 -2.381644
v -2.521960 0.542414 -2.381644
v -2.544899 0.531718 -2.381644
v -2.565633 0.517200 -2.381644
v -2.779270 0.548965 -2.381644
v -2.803719 0.542414 -2.381644
v -2.826658 0.531718 -2.381644
v -2.847389 0.517200 -2.381644
v -2.628310 0.478571 -2.381644
v -2.642828 0.499304 -2.381644
v -2.598047 0.478571 -2.381644
v -2.660726 0.517200 -2.381644
v -2.583529 0.499304 -2.381644
v -2.681458 0.531718 -2.381644
v -2.704396 0.542414 -2.381644
v -2.728843 0.548965 -2.381644
v -2.754057 0.551171 -2.381644
v -2.617615 0.455632 -2.381644
v -2.608742 0.455632 -2.381644
v -2.613178 0.441129 -2.381644
v -2.492122 0.518393 -2.480069
v -2.472300 0.520127 -2.480069
v -2.452477 0.518393 -2.480069
v -2.433257 0.513242 -2.480069
v -2.415221 0.504833 -2.480069
v -2.398921 0.493419 -2.480069
v -2.384851 0.479349 -2.480069
v -2.373439 0.463049 -2.480069
v -2.365029 0.445015 -2.480069
v -2.359879 0.425794 -2.480069
v -2.358145 0.405971 -2.480069
v -2.359879 0.386148 -2.480069
v -2.365029 0.366928 -2.480069
v -2.373439 0.348893 -2.480069
v -2.384851 0.332593 -2.480069
v -2.398921 0.318523 -2.480069
v -2.415221 0.307109 -2.480069
v -2.433257 0.298700 -2.480069
v -2.452477 0.293550 -2.480069
v -2.472300 0.291815 -2.480069
v -2.492122 0.293550 -2.480069
v -2.511343 0.298700 -2.480069
v -2.529377 0.307109 -2.480069
v -2.545677 0.318523 -2.480069
v -2.559747 0.332593 -2.480069
v -2.571162 0.348893 -2.480069
v -2.579571 0.366928 -2.480069
v -2.584721 0.386148 -2.480069
v -2.586456 0.405971 -2.480069
v -2.584721 0.425794 -2.480069
v -2.579571 0.445015 -2.480069
v -2.571162 0.463049 -2.480069
v -2.559747 0.479349 -2.480069
v -2.545677 0.493419 -2.480069
v -2.529377 0.504833 -2.480069
v -2.511343 0.513242 -2.480069
v -2.545949 0.392985 -2.381644
v -2.547086 0.405971 -2.440700
v -2.547086 0.405971 -2.381644
v -2.545949 0.418958 -2.440700
v -2.545949 0.418958 -2.381644
v -2.542576 0.431549 -2.440700
v -2.542576 0.431549 -2.381644
v -2.537066 0.443364 -2.440700
v -2.537066 0.443364 -2.381644
v -2.529588 0.454042 -2.440700
v -2.529588 0.454042 -2.381644
v -2.520370 0.463260 -2.440700
v -2.520370 0.463260 -2.381644
v -2.509692 0.470737 -2.440700
v -2.509692 0.470737 -2.381644
v -2.497878 0.476247 -2.440700
v -2.497878 0.476247 -2.381644
v -2.485286 0.479621 -2.440700
v -2.485286 0.479621 -2.381644
v -2.472300 0.480757 -2.440700
v -2.472300 0.480757 -2.381644
v -2.459314 0.479621 -2.440700
v -2.459314 0.479621 -2.381644
v -2.446722 0.476247 -2.440700
v -2.446722 0.476247 -2.381644
v -2.434906 0.470737 -2.440700
v -2.434906 0.470737 -2.381644
v -2.424228 0.463260 -2.440700
v -2.424228 0.463260 -2.381644
v -2.415010 0.454042 -2.440700
v -2.415010 0.454042 -2.381644
v -2.407533 0.443364 -2.440700
v -2.407533 0.443364 -2.381644
v -2.402025 0.431549 -2.440700
v -2.402025 0.431549 -2.381644
v -2.398650 0.418958 -2.440700
v -2.398650 0.418958 -2.381644
v -2.397514 0.405971 -2.440700
v -2.397514 0.405971 -2.381644
v -2.398650 0.392985 -2.440700
v -2.398650 0.392985 -2.381644
v -2.402025 0.380393 -2.440700
v -2.402025 0.380393 -2.381644
v -2.407533 0.368578 -2.440700
v -2.407533 0.368578 -2.381644
v -2.415010 0.357900 -2.440700
v -2.415010 0.357900 -2.381644
v -2.424228 0.348682 -2.440700
v -2.424228 0.348682 -2.381644
v -2.434906 0.341205 -2.440700
v -2.434906 0.341205 -2.381644
v -2.446722 0.335696 -2.440700
v -2.446722 0.335696 -2.381644
v -2.459314 0.332322 -2.440700
v -2.459314 0.332322 -2.381644
v -2.472300 0.331186 -2.440700
v -2.472300 0.331186 -2.381644
v -2.485286 0.332322 -2.440700
v -2.485286 0.332322 -2.381644
v -2.497878 0.335696 -2.440700
v -2.497878 0.335696 -2.381644
v -2.509692 0.341205 -2.440700
v -2.509692 0.341205 -2.381644
v -2.520370 0.348682 -2.440700
v -2.520370 0.348682 -2.381644
v -2.529588 0.357900 -2.440700
v -2.529588 0.357900 -2.381644
v -2.537066 0.368578 -2.440700
v -2.537066 0.368578 -2.381644
v -2.542576 0.380393 -2.440700
v -2.542576 0.380393 -2.381644
v -2.545949 0.392985 -2.440700
v -2.827707 0.392985 -2.381644
v -2.828844 0.405971 -2.440700
v -2.828844 0.405971 -2.381644
v -2.827707 0.418958 -2.440700
v -2.827707 0.418958 -2.381644
v -2.824332 0.431549 -2.440700
v -2.824332 0.431549 -2.381644
v -2.818824 0.443364 -2.440700
v -2.818824 0.443364 -2.381644
v -2.811347 0.454042 -2.440700
v -2.811347 0.454042 -2.381644
v -2.802129 0.463260 -2.440700
v -2.802129 0.463260 -2.381644
v -2.791451 0.470737 -2.440700
v -2.791451 0.470737 -2.381644
v -2.779635 0.476247 -2.440700
v -2.779635 0.476247 -2.381644
v -2.767044 0.479621 -2.440700
v -2.767044 0.479621 -2.381644
v -2.754057 0.480757 -2.440700
v -2.754057 0.480757 -2.381644
v -2.741071 0.479621 -2.440700
v -2.741071 0.479621 -2.381644
v -2.728478 0.476247 -2.440700
v -2.728478 0.476247 -2.381644
v -2.716665 0.470737 -2.440700
v -2.716665 0.470737 -2.381644
v -2.705986 0.463260 -2.440700
v -2.705986 0.463260 -2.381644
v -2.696769 0.454042 -2.440700
v -2.696769 0.454042 -2.381644
v -2.689291 0.443364 -2.440700
v -2.689291 0.443364 -2.381644
v -2.683782 0.431549 -2.440700
v -2.683782 0.431549 -2.381644
v -2.680408 0.418958 -2.440700
v -2.680408 0.418958 -2.381644
v -2.679271 0.405971 -2.440700
v -2.679271 0.405971 -2.381644
v -2.680408 0.392985 -2.440700
v -2.680408 0.392985 -2.381644
v -2.683782 0.380393 -2.440700
v -2.683782 0.380393 -2.381644
v -2.689291 0.368578 -2.440700
v -2.689291 0.368578 -2.381644
v -2.696769 0.357900 -2.440700
v -2.696769 0.357900 -2.381644
v -2.705986 0.348682 -2.440700
v -2.705986 0.348682 -2.381644
v -2.716665 0.341205 -2.440700
v -2.716665 0.341205 -2.381644
v -2.728478 0.335696 -2.440700
v -2.728478 0.335696 -2.381644
v -2.741071 0.332322 -2.440700
v -2.741071 0.332322 -2.381644
v -2.754057 0.331186 -2.440700
v -2.754057 0.331186 -2.381644
v -2.767044 0.332322 -2.440700
v -2.767044 0.332322 -2.381644
v -2.779635 0.335696 -2.440700
v -2.779635 0.335696 -2.381644
v -2.791451 0.341205 -2.440700
v -2.791451 0.341205 -2.381644
v -2.802129 0.348682 -2.440700
v -2.802129 0.348682 -2.381644
v -2.811347 0.357900 -2.440700
v -2.811347 0.357900 -2.381644
v -2.818824 0.368578 -2.440700
v -2.818824 0.368578 -2.381644
v -2.824332 0.380393 -2.440700
v -2.824332 0.380393 -2.381644
v -2.827707 0.392985 -2.440700
v -2.613178 0.405971 -2.381644
v -2.612261 0.381292 -2.381886
v -2.613178 0.380768 -2.381644
v -2.332339 0.381292 -2.381886
v -2.338751 0.357363 -2.381886
v -2.333184 0.405971 -2.382608
v -2.335297 0.430129 -2.382608
v -2.332339 0.430650 -2.381886
v -2.338751 0.454579 -2.381886
v -2.613178 0.440872 -2.381644
v -2.605849 0.454579 -2.381886
v -2.613178 0.431174 -2.381644
v -2.612261 0.430650 -2.381886
v -2.613178 0.371071 -2.381644
v -2.605849 0.357363 -2.381886
v -2.596146 0.427809 -2.398251
v -2.590472 0.448983 -2.398251
v -2.581208 0.468850 -2.398251
v -2.568635 0.486806 -2.398251
v -2.553134 0.502306 -2.398251
v -2.535178 0.514880 -2.398251
v -2.515311 0.524144 -2.398251
v -2.494138 0.529817 -2.398251
v -2.472300 0.531728 -2.398251
v -2.450463 0.529817 -2.398251
v -2.429289 0.524144 -2.398251
v -2.409421 0.514880 -2.398251
v -2.391464 0.502306 -2.398251
v -2.375965 0.486806 -2.398251
v -2.363392 0.468850 -2.398251
v -2.354126 0.448983 -2.398251
v -2.348454 0.427809 -2.398251
v -2.346543 0.405971 -2.398251
v -2.348454 0.384134 -2.398251
v -2.354126 0.362960 -2.398251
v -2.363392 0.343093 -2.398251
v -2.375965 0.325136 -2.398251
v -2.391464 0.309636 -2.398251
v -2.409421 0.297063 -2.398251
v -2.429289 0.287799 -2.398251
v -2.450463 0.282125 -2.398251
v -2.472300 0.280214 -2.398251
v -2.494138 0.282125 -2.398251
v -2.515311 0.287799 -2.398251
v -2.535178 0.297063 -2.398251
v -2.553134 0.309636 -2.398251
v -2.568635 0.325136 -2.398251
v -2.581208 0.343093 -2.398251
v -2.590472 0.362960 -2.398251
v -2.596146 0.384134 -2.398251
v -2.598057 0.405971 -2.398251
v -2.596856 0.427934 -2.395247
v -2.591151 0.449229 -2.395247
v -2.581832 0.469210 -2.395247
v -2.569188 0.487270 -2.395247
v -2.553597 0.502859 -2.395247
v -2.535538 0.515504 -2.395247
v -2.515558 0.524821 -2.395247
v -2.494262 0.530528 -2.395247
v -2.472300 0.532449 -2.395247
v -2.450337 0.530528 -2.395247
v -2.429042 0.524821 -2.395247
v -2.409060 0.515504 -2.395247
v -2.391001 0.502859 -2.395247
v -2.375412 0.487270 -2.395247
v -2.362767 0.469210 -2.395247
v -2.353450 0.449229 -2.395247
v -2.347744 0.427934 -2.395247
v -2.345822 0.405971 -2.395247
v -2.347744 0.384009 -2.395247
v -2.353450 0.362713 -2.395247
v -2.362767 0.342732 -2.395247
v -2.375412 0.324673 -2.395247
v -2.391001 0.309084 -2.395247
v -2.409060 0.296438 -2.395247
v -2.429042 0.287121 -2.395247
v -2.450337 0.281415 -2.395247
v -2.472300 0.279493 -2.395247
v -2.494262 0.281415 -2.395247
v -2.515558 0.287121 -2.395247
v -2.535538 0.296438 -2.395247
v -2.553597 0.309084 -2.395247
v -2.569188 0.324673 -2.395247
v -2.581832 0.342732 -2.395247
v -2.591151 0.362713 -2.395247
v -2.596856 0.384009 -2.395247
v -2.598778 0.405971 -2.395247
v -2.598021 0.428139 -2.392392
v -2.592261 0.449633 -2.392392
v -2.582856 0.469801 -2.392392
v -2.570092 0.488029 -2.392392
v -2.554358 0.503764 -2.392392
v -2.536129 0.516528 -2.392392
v -2.515963 0.525932 -2.392392
v -2.494467 0.531692 -2.392392
v -2.472300 0.533631 -2.392392
v -2.450131 0.531692 -2.392392
v -2.428638 0.525932 -2.392392
v -2.408469 0.516528 -2.392392
v -2.390242 0.503764 -2.392392
v -2.374506 0.488029 -2.392392
v -2.361742 0.469801 -2.392392
v -2.352339 0.449633 -2.392392
v -2.346580 0.428139 -2.392392
v -2.344640 0.405971 -2.392392
v -2.346580 0.383803 -2.392392
v -2.352339 0.362309 -2.392392
v -2.361742 0.342141 -2.392392
v -2.374506 0.323913 -2.392392
v -2.390242 0.308178 -2.392392
v -2.408469 0.295414 -2.392392
v -2.428638 0.286010 -2.392392
v -2.450131 0.280251 -2.392392
v -2.472300 0.278311 -2.392392
v -2.494467 0.280251 -2.392392
v -2.515963 0.286010 -2.392392
v -2.536129 0.295414 -2.392392
v -2.554358 0.308178 -2.392392
v -2.570092 0.323913 -2.392392
v -2.582856 0.342141 -2.392392
v -2.592261 0.362309 -2.392392
v -2.598021 0.383803 -2.392392
v -2.599960 0.405971 -2.392392
v -2.599610 0.428419 -2.389760
v -2.593777 0.450186 -2.389760
v -2.584255 0.470608 -2.389760
v -2.571330 0.489067 -2.389760
v -2.555396 0.505001 -2.389760
v -2.536937 0.517926 -2.389760
v -2.516515 0.527449 -2.389760
v -2.494748 0.533281 -2.389760
v -2.472300 0.535245 -2.389760
v -2.449852 0.533281 -2.389760
v -2.428086 0.527449 -2.389760
v -2.407663 0.517926 -2.389760
v -2.389205 0.505001 -2.389760
v -2.373271 0.489067 -2.389760
v -2.360346 0.470608 -2.389760
v -2.350821 0.450186 -2.389760
v -2.344990 0.428419 -2.389760
v -2.343025 0.405971 -2.389760
v -2.344990 0.383523 -2.389760
v -2.350821 0.361757 -2.389760
v -2.360346 0.341334 -2.389760
v -2.373271 0.322875 -2.389760
v -2.389205 0.306942 -2.389760
v -2.407663 0.294017 -2.389760
v -2.428086 0.284493 -2.389760
v -2.449852 0.278661 -2.389760
v -2.472300 0.276697 -2.389760
v -2.494748 0.278661 -2.389760
v -2.516515 0.284493 -2.389760
v -2.536937 0.294017 -2.389760
v -2.555396 0.306942 -2.389760
v -2.571330 0.322875 -2.389760
v -2.584255 0.341334 -2.389760
v -2.593777 0.361757 -2.389760
v -2.599610 0.383523 -2.389760
v -2.601573 0.405971 -2.389760
v -2.601586 0.428768 -2.387410
v -2.595663 0.450872 -2.387410
v -2.585992 0.471611 -2.387410
v -2.572865 0.490356 -2.387410
v -2.556684 0.506537 -2.387410
v -2.537940 0.519663 -2.387410
v -2.517200 0.529334 -2.387410
v -2.495096 0.535257 -2.387410
v -2.472300 0.537251 -2.387410
v -2.449503 0.535257 -2.387410
v -2.427400 0.529334 -2.387410
v -2.406660 0.519663 -2.387410
v -2.387914 0.506537 -2.387410
v -2.371733 0.490356 -2.387410
v -2.358608 0.471611 -2.387410
v -2.348937 0.450872 -2.387410
v -2.343014 0.428768 -2.387410
v -2.341020 0.405971 -2.387410
v -2.343014 0.383175 -2.387410
v -2.348937 0.361071 -2.387410
v -2.358608 0.340331 -2.387410
v -2.371733 0.321586 -2.387410
v -2.387914 0.305405 -2.387410
v -2.406660 0.292279 -2.387410
v -2.427400 0.282608 -2.387410
v -2.449503 0.276686 -2.387410
v -2.472300 0.274691 -2.387410
v -2.495096 0.276686 -2.387410
v -2.517200 0.282608 -2.387410
v -2.537940 0.292279 -2.387410
v -2.556684 0.305405 -2.387410
v -2.572865 0.321586 -2.387410
v -2.585992 0.340331 -2.387410
v -2.595663 0.361071 -2.387410
v -2.601586 0.383175 -2.387410
v -2.603580 0.405971 -2.387410
v -2.603899 0.429176 -2.385405
v -2.597870 0.451675 -2.385405
v -2.588026 0.472786 -2.385405
v -2.574666 0.491866 -2.385405
v -2.558195 0.508337 -2.385405
v -2.539114 0.521697 -2.385405
v -2.518003 0.531541 -2.385405
v -2.495505 0.537570 -2.385405
v -2.472300 0.539600 -2.385405
v -2.449095 0.537570 -2.385405
v -2.426595 0.531541 -2.385405
v -2.405486 0.521697 -2.385405
v -2.386405 0.508337 -2.385405
v -2.369934 0.491866 -2.385405
v -2.356574 0.472786 -2.385405
v -2.346730 0.451675 -2.385405
v -2.340701 0.429176 -2.385405
v -2.338670 0.405971 -2.385405
v -2.340701 0.382767 -2.385405
v -2.346730 0.360267 -2.385405
v -2.356574 0.339157 -2.385405
v -2.369934 0.320076 -2.385405
v -2.386405 0.303606 -2.385405
v -2.405486 0.290245 -2.385405
v -2.426595 0.280401 -2.385405
v -2.449095 0.274372 -2.385405
v -2.472300 0.272342 -2.385405
v -2.495505 0.274372 -2.385405
v -2.518003 0.280401 -2.385405
v -2.539114 0.290245 -2.385405
v -2.558195 0.303606 -2.385405
v -2.574666 0.320076 -2.385405
v -2.588026 0.339157 -2.385405
v -2.597870 0.360267 -2.385405
v -2.603899 0.382767 -2.385405
v -2.605928 0.405971 -2.385405
v -2.606493 0.429633 -2.383790
v -2.600344 0.452576 -2.383790
v -2.590307 0.474103 -2.383790
v -2.576683 0.493559 -2.383790
v -2.559887 0.510354 -2.383790
v -2.540431 0.523978 -2.383790
v -2.518904 0.534016 -2.383790
v -2.495961 0.540164 -2.383790
v -2.472300 0.542234 -2.383790
v -2.448637 0.540164 -2.383790
v -2.425694 0.534016 -2.383790
v -2.404169 0.523978 -2.383790
v -2.384712 0.510354 -2.383790
v -2.367917 0.493559 -2.383790
v -2.354293 0.474103 -2.383790
v -2.344254 0.452576 -2.383790
v -2.338108 0.429633 -2.383790
v -2.336036 0.405971 -2.383790
v -2.338108 0.382309 -2.383790
v -2.344254 0.359367 -2.383790
v -2.354293 0.337840 -2.383790
v -2.367917 0.318383 -2.383790
v -2.384712 0.301588 -2.383790
v -2.404169 0.287964 -2.383790
v -2.425694 0.277926 -2.383790
v -2.448637 0.271779 -2.383790
v -2.472300 0.269709 -2.383790
v -2.495961 0.271779 -2.383790
v -2.518904 0.277926 -2.383790
v -2.540431 0.287964 -2.383790
v -2.559887 0.301588 -2.383790
v -2.576683 0.318383 -2.383790
v -2.590307 0.337840 -2.383790
v -2.600344 0.359367 -2.383790
v -2.606493 0.382309 -2.383790
v -2.608562 0.405971 -2.383790
v -2.609303 0.430129 -2.382608
v -2.603027 0.453552 -2.382608
v -2.592778 0.475529 -2.382608
v -2.578870 0.495394 -2.382608
v -2.561723 0.512540 -2.382608
v -2.541857 0.526450 -2.382608
v -2.519881 0.536698 -2.382608
v -2.496458 0.542974 -2.382608
v -2.472300 0.545088 -2.382608
v -2.448143 0.542974 -2.382608
v -2.424720 0.536698 -2.382608
v -2.402741 0.526450 -2.382608
v -2.382878 0.512540 -2.382608
v -2.365731 0.495394 -2.382608
v -2.351821 0.475529 -2.382608
v -2.341573 0.453552 -2.382608
v -2.335297 0.381814 -2.382608
v -2.341573 0.358391 -2.382608
v -2.351821 0.336413 -2.382608
v -2.365731 0.316549 -2.382608
v -2.382878 0.299402 -2.382608
v -2.402741 0.285493 -2.382608
v -2.424720 0.275244 -2.382608
v -2.448143 0.268968 -2.382608
v -2.472300 0.266855 -2.382608
v -2.496458 0.268968 -2.382608
v -2.519881 0.275244 -2.382608
v -2.541857 0.285493 -2.382608
v -2.561723 0.299402 -2.382608
v -2.578870 0.316549 -2.382608
v -2.592778 0.336413 -2.382608
v -2.603027 0.358391 -2.382608
v -2.609303 0.381814 -2.382608
v -2.611417 0.405971 -2.382608
v -2.349221 0.334911 -2.381886
v -2.363430 0.314618 -2.381886
v -2.380947 0.297101 -2.381886
v -2.401240 0.282892 -2.381886
v -2.423692 0.272422 -2.381886
v -2.447621 0.266010 -2.381886
v -2.472300 0.263851 -2.381886
v -2.496979 0.266010 -2.381886
v -2.520908 0.272422 -2.381886
v -2.543360 0.282892 -2.381886
v -2.563653 0.297101 -2.381886
v -2.581170 0.314618 -2.381886
v -2.595380 0.334911 -2.381886
v -2.595380 0.477031 -2.381886
v -2.581170 0.497324 -2.381886
v -2.563653 0.514841 -2.381886
v -2.543360 0.529051 -2.381886
v -2.520908 0.539520 -2.381886
v -2.496979 0.545932 -2.381886
v -2.472300 0.548091 -2.381886
v -2.447621 0.545932 -2.381886
v -2.423692 0.539520 -2.381886
v -2.401240 0.529051 -2.381886
v -2.380947 0.514841 -2.381886
v -2.363430 0.497324 -2.381886
v -2.349221 0.477031 -2.381886
v -2.894018 0.430650 -2.381886
v -2.887607 0.454579 -2.381886
v -2.893173 0.405971 -2.382608
v -2.891061 0.381814 -2.382608
v -2.894018 0.381292 -2.381886
v -2.887607 0.357363 -2.381886
v -2.620507 0.357363 -2.381886
v -2.614363 0.381081 -2.381896
v -2.613724 0.405971 -2.381922
v -2.614310 0.430864 -2.381895
v -2.620507 0.454579 -2.381886
v -2.877903 0.427809 -2.398251
v -2.872231 0.448983 -2.398251
v -2.862966 0.468850 -2.398251
v -2.850393 0.486806 -2.398251
v -2.834893 0.502306 -2.398251
v -2.816936 0.514880 -2.398251
v -2.797069 0.524144 -2.398251
v -2.775895 0.529817 -2.398251
v -2.754057 0.531728 -2.398251
v -2.732219 0.529817 -2.398251
v -2.711046 0.524144 -2.398251
v -2.691179 0.514880 -2.398251
v -2.673223 0.502306 -2.398251
v -2.657722 0.486806 -2.398251
v -2.645149 0.468850 -2.398251
v -2.635885 0.448983 -2.398251
v -2.630212 0.427809 -2.398251
v -2.628300 0.405971 -2.398251
v -2.630212 0.384134 -2.398251
v -2.635885 0.362960 -2.398251
v -2.645149 0.343093 -2.398251
v -2.657722 0.325136 -2.398251
v -2.673223 0.309636 -2.398251
v -2.691179 0.297063 -2.398251
v -2.711046 0.287799 -2.398251
v -2.732219 0.282125 -2.398251
v -2.754057 0.280214 -2.398251
v -2.775895 0.282125 -2.398251
v -2.797069 0.287799 -2.398251
v -2.816936 0.297063 -2.398251
v -2.834893 0.309636 -2.398251
v -2.850393 0.325136 -2.398251
v -2.862966 0.343093 -2.398251
v -2.872231 0.362960 -2.398251
v -2.877903 0.384134 -2.398251
v -2.879815 0.405971 -2.398251
v -2.878613 0.427934 -2.395247
v -2.872908 0.449229 -2.395247
v -2.863590 0.469210 -2.395247
v -2.850945 0.487270 -2.395247
v -2.835356 0.502859 -2.395247
v -2.817297 0.515504 -2.395247
v -2.797316 0.524821 -2.395247
v -2.776020 0.530528 -2.395247
v -2.754057 0.532449 -2.395247
v -2.732095 0.530528 -2.395247
v -2.710799 0.524821 -2.395247
v -2.690819 0.515504 -2.395247
v -2.672759 0.502859 -2.395247
v -2.657170 0.487270 -2.395247
v -2.644525 0.469210 -2.395247
v -2.635207 0.449229 -2.395247
v -2.629501 0.427934 -2.395247
v -2.627579 0.405971 -2.395247
v -2.629501 0.384009 -2.395247
v -2.635207 0.362713 -2.395247
v -2.644525 0.342732 -2.395247
v -2.657170 0.324673 -2.395247
v -2.672759 0.309084 -2.395247
v -2.690819 0.296438 -2.395247
v -2.710799 0.287121 -2.395247
v -2.732095 0.281415 -2.395247
v -2.754057 0.279493 -2.395247
v -2.776020 0.281415 -2.395247
v -2.797316 0.287121 -2.395247
v -2.817297 0.296438 -2.395247
v -2.835356 0.309084 -2.395247
v -2.850945 0.324673 -2.395247
v -2.863590 0.342732 -2.395247
v -2.872908 0.362713 -2.395247
v -2.878613 0.384009 -2.395247
v -2.880536 0.405971 -2.395247
v -2.879777 0.428139 -2.392392
v -2.874018 0.449633 -2.392392
v -2.864614 0.469801 -2.392392
v -2.851851 0.488029 -2.392392
v -2.836116 0.503764 -2.392392
v -2.817888 0.516528 -2.392392
v -2.797719 0.525932 -2.392392
v -2.776226 0.531692 -2.392392
v -2.754057 0.533631 -2.392392
v -2.731889 0.531692 -2.392392
v -2.710396 0.525932 -2.392392
v -2.690228 0.516528 -2.392392
v -2.671999 0.503764 -2.392392
v -2.656265 0.488029 -2.392392
v -2.643501 0.469801 -2.392392
v -2.634097 0.449633 -2.392392
v -2.628336 0.428139 -2.392392
v -2.626398 0.405971 -2.392392
v -2.628336 0.383803 -2.392392
v -2.634097 0.362309 -2.392392
v -2.643501 0.342141 -2.392392
v -2.656265 0.323913 -2.392392
v -2.671999 0.308178 -2.392392
v -2.690228 0.295414 -2.392392
v -2.710396 0.286010 -2.392392
v -2.731889 0.280251 -2.392392
v -2.754057 0.278311 -2.392392
v -2.776226 0.280251 -2.392392
v -2.797719 0.286010 -2.392392
v -2.817888 0.295414 -2.392392
v -2.836116 0.308178 -2.392392
v -2.851851 0.323913 -2.392392
v -2.864614 0.342141 -2.392392
v -2.874018 0.362309 -2.392392
v -2.879777 0.383803 -2.392392
v -2.881717 0.405971 -2.392392
v -2.881367 0.428419 -2.389760
v -2.875535 0.450186 -2.389760
v -2.866012 0.470608 -2.389760
v -2.853086 0.489067 -2.389760
v -2.837152 0.505001 -2.389760
v -2.818695 0.517926 -2.389760
v -2.798271 0.527449 -2.389760
v -2.776505 0.533281 -2.389760
v -2.754057 0.535245 -2.389760
v -2.731610 0.533281 -2.389760
v -2.709844 0.527449 -2.389760
v -2.689420 0.517926 -2.389760
v -2.670962 0.505001 -2.389760
v -2.655028 0.489067 -2.389760
v -2.642102 0.470608 -2.389760
v -2.632580 0.450186 -2.389760
v -2.626748 0.428419 -2.389760
v -2.624784 0.405971 -2.389760
v -2.626748 0.383523 -2.389760
v -2.632580 0.361757 -2.389760
v -2.642102 0.341334 -2.389760
v -2.655028 0.322875 -2.389760
v -2.670962 0.306942 -2.389760
v -2.689420 0.294017 -2.389760
v -2.709844 0.284493 -2.389760
v -2.731610 0.278661 -2.389760
v -2.754057 0.276697 -2.389760
v -2.776505 0.278661 -2.389760
v -2.798271 0.284493 -2.389760
v -2.818695 0.294017 -2.389760
v -2.837152 0.306942 -2.389760
v -2.853086 0.322875 -2.389760
v -2.866012 0.341334 -2.389760
v -2.875535 0.361757 -2.389760
v -2.881367 0.383523 -2.389760
v -2.883332 0.405971 -2.389760
v -2.883343 0.428768 -2.387410
v -2.877420 0.450872 -2.387410
v -2.867749 0.471611 -2.387410
v -2.854624 0.490356 -2.387410
v -2.838443 0.506537 -2.387410
v -2.819698 0.519663 -2.387410
v -2.798958 0.529334 -2.387410
v -2.776854 0.535257 -2.387410
v -2.754057 0.537251 -2.387410
v -2.731261 0.535257 -2.387410
v -2.709157 0.529334 -2.387410
v -2.688417 0.519663 -2.387410
v -2.669672 0.506537 -2.387410
v -2.653491 0.490356 -2.387410
v -2.640366 0.471611 -2.387410
v -2.630695 0.450872 -2.387410
v -2.624772 0.428768 -2.387410
v -2.622777 0.405971 -2.387410
v -2.624772 0.383175 -2.387410
v -2.630695 0.361071 -2.387410
v -2.640366 0.340331 -2.387410
v -2.653491 0.321586 -2.387410
v -2.669672 0.305405 -2.387410
v -2.688417 0.292279 -2.387410
v -2.709157 0.282608 -2.387410
v -2.731261 0.276686 -2.387410
v -2.754057 0.274691 -2.387410
v -2.776854 0.276686 -2.387410
v -2.798958 0.282608 -2.387410
v -2.819698 0.292279 -2.387410
v -2.838443 0.305405 -2.387410
v -2.854624 0.321586 -2.387410
v -2.867749 0.340331 -2.387410
v -2.877420 0.361071 -2.387410
v -2.883343 0.383175 -2.387410
v -2.885338 0.405971 -2.387410
v -2.885657 0.429176 -2.385405
v -2.879627 0.451675 -2.385405
v -2.869784 0.472786 -2.385405
v -2.856424 0.491866 -2.385405
v -2.839952 0.508337 -2.385405
v -2.820872 0.521697 -2.385405
v -2.799762 0.531541 -2.385405
v -2.777261 0.537570 -2.385405
v -2.754057 0.539600 -2.385405
v -2.730853 0.537570 -2.385405
v -2.708354 0.531541 -2.385405
v -2.687243 0.521697 -2.385405
v -2.668163 0.508337 -2.385405
v -2.651691 0.491866 -2.385405
v -2.638331 0.472786 -2.385405
v -2.628488 0.451675 -2.385405
v -2.622458 0.429176 -2.385405
v -2.620429 0.405971 -2.385405
v -2.622458 0.382767 -2.385405
v -2.628488 0.360267 -2.385405
v -2.638331 0.339157 -2.385405
v -2.651691 0.320076 -2.385405
v -2.668163 0.303606 -2.385405
v -2.687243 0.290245 -2.385405
v -2.708354 0.280401 -2.385405
v -2.730853 0.274372 -2.385405
v -2.754057 0.272342 -2.385405
v -2.777261 0.274372 -2.385405
v -2.799762 0.280401 -2.385405
v -2.820872 0.290245 -2.385405
v -2.839952 0.303606 -2.385405
v -2.856424 0.320076 -2.385405
v -2.869784 0.339157 -2.385405
v -2.879627 0.360267 -2.385405
v -2.885657 0.382767 -2.385405
v -2.887686 0.405971 -2.385405
v -2.888250 0.429633 -2.383790
v -2.882102 0.452576 -2.383790
v -2.872065 0.474103 -2.383790
v -2.858441 0.493559 -2.383790
v -2.841645 0.510354 -2.383790
v -2.822189 0.523978 -2.383790
v -2.800663 0.534016 -2.383790
v -2.777719 0.540164 -2.383790
v -2.754057 0.542234 -2.383790
v -2.730396 0.540164 -2.383790
v -2.707453 0.534016 -2.383790
v -2.685925 0.523978 -2.383790
v -2.666470 0.510354 -2.383790
v -2.649674 0.493559 -2.383790
v -2.636050 0.474103 -2.383790
v -2.626013 0.452576 -2.383790
v -2.619864 0.429633 -2.383790
v -2.617795 0.405971 -2.383790
v -2.619864 0.382309 -2.383790
v -2.626013 0.359367 -2.383790
v -2.636050 0.337840 -2.383790
v -2.649674 0.318383 -2.383790
v -2.666470 0.301588 -2.383790
v -2.685925 0.287964 -2.383790
v -2.707453 0.277926 -2.383790
v -2.730396 0.271779 -2.383790
v -2.754057 0.269709 -2.383790
v -2.777719 0.271779 -2.383790
v -2.800663 0.277926 -2.383790
v -2.822189 0.287964 -2.383790
v -2.841645 0.301588 -2.383790
v -2.858441 0.318383 -2.383790
v -2.872065 0.337840 -2.383790
v -2.882102 0.359367 -2.383790
v -2.888250 0.382309 -2.383790
v -2.890321 0.405971 -2.383790
v -2.891061 0.430129 -2.382608
v -2.884784 0.453552 -2.382608
v -2.874536 0.475529 -2.382608
v -2.860626 0.495394 -2.382608
v -2.843480 0.512540 -2.382608
v -2.823616 0.526450 -2.382608
v -2.801637 0.536698 -2.382608
v -2.778214 0.542974 -2.382608
v -2.754057 0.545088 -2.382608
v -2.729899 0.542974 -2.382608
v -2.706476 0.536698 -2.382608
v -2.684500 0.526450 -2.382608
v -2.664635 0.512540 -2.382608
v -2.647488 0.495394 -2.382608
v -2.633579 0.475529 -2.382608
v -2.623331 0.453552 -2.382608
v -2.617054 0.430129 -2.382608
v -2.614940 0.405971 -2.382608
v -2.617054 0.381814 -2.382608
v -2.623331 0.358391 -2.382608
v -2.633579 0.336413 -2.382608
v -2.647488 0.316549 -2.382608
v -2.664635 0.299402 -2.382608
v -2.684500 0.285493 -2.382608
v -2.706476 0.275244 -2.382608
v -2.729899 0.268968 -2.382608
v -2.754057 0.266855 -2.382608
v -2.778214 0.268968 -2.382608
v -2.801637 0.275244 -2.382608
v -2.823616 0.285493 -2.382608
v -2.843480 0.299402 -2.382608
v -2.860626 0.316549 -2.382608
v -2.874536 0.336413 -2.382608
v -2.884784 0.358391 -2.382608
v -2.877136 0.477031 -2.381886
v -2.862927 0.497324 -2.381886
v -2.845411 0.514841 -2.381886
v -2.825118 0.529051 -2.381886
v -2.802665 0.539520 -2.381886
v -2.778737 0.545932 -2.381886
v -2.754057 0.548091 -2.381886
v -2.729378 0.545932 -2.381886
v -2.705450 0.539520 -2.381886
v -2.682997 0.529051 -2.381886
v -2.662704 0.514841 -2.381886
v -2.645188 0.497324 -2.381886
v -2.630978 0.477031 -2.381886
v -2.630978 0.334911 -2.381886
v -2.645188 0.314618 -2.381886
v -2.662704 0.297101 -2.381886
v -2.682997 0.282892 -2.381886
v -2.705450 0.272422 -2.381886
v -2.729378 0.266010 -2.381886
v -2.754057 0.263851 -2.381886
v -2.778737 0.266010 -2.381886
v -2.802665 0.272422 -2.381886
v -2.825118 0.282892 -2.381886
v -2.845411 0.297101 -2.381886
v -2.862927 0.314618 -2.381886
v -2.877136 0.334911 -2.381886
v -4.009601 0.280097 -2.968059
v -4.009601 0.280097 -2.918846
v -3.960071 0.242394 -2.968059
v -3.960071 0.242394 -2.918846
v -3.431641 0.242394 -2.968059
v -3.431641 0.242394 -2.918845
v -3.382112 0.280097 -2.968059
v -3.382112 0.280097 -2.918845
v -3.382112 0.387558 -2.919002
v -3.382112 0.376725 -2.918845
v -3.382112 0.426410 -2.919260
v -3.382112 0.443216 -2.919008
v -3.382112 0.550685 -2.968059
v -3.382112 0.405399 -2.919260
v -3.382112 0.415391 -2.919404
v -3.382112 0.416095 -2.919414
v -3.431641 0.588389 -2.968059
v -3.960071 0.588389 -2.968059
v -4.009601 0.550685 -2.968059
v -4.009601 0.443225 -2.919002
v -4.009601 0.404373 -2.919260
v -4.009601 0.387566 -2.919008
v -4.009601 0.376725 -2.918846
v -4.009601 0.425383 -2.919260
v -4.009601 0.415391 -2.919404
v -4.009601 0.414688 -2.919414
v -3.678710 0.440029 -2.938531
v -3.680866 0.415391 -2.997586
v -3.680866 0.415391 -2.938531
v -3.678710 0.390754 -2.997586
v -3.678710 0.390754 -2.938531
v -3.672310 0.366865 -2.997586
v -3.672310 0.366865 -2.938531
v -3.661856 0.344450 -2.997586
v -3.661856 0.344450 -2.938531
v -3.647671 0.324191 -2.997586
v -3.647671 0.324191 -2.938531
v -3.630183 0.306703 -2.997586
v -3.630183 0.306703 -2.938531
v -3.609925 0.292518 -2.997586
v -3.609925 0.292518 -2.938530
v -3.587510 0.282066 -2.997586
v -3.587510 0.282066 -2.938530
v -3.563622 0.275665 -2.997586
v -3.563622 0.275665 -2.938530
v -3.538984 0.273509 -2.997586
v -3.538984 0.273509 -2.938530
v -3.514345 0.275665 -2.997586
v -3.514345 0.275665 -2.938530
v -3.490457 0.282066 -2.997586
v -3.490457 0.282066 -2.938530
v -3.468043 0.292518 -2.997586
v -3.468043 0.292518 -2.938530
v -3.447783 0.306703 -2.997586
v -3.447783 0.306703 -2.938530
v -3.430295 0.324191 -2.997586
v -3.430295 0.324191 -2.938530
v -3.416110 0.344450 -2.997586
v -3.416110 0.344450 -2.938530
v -3.405658 0.366865 -2.997586
v -3.405658 0.366865 -2.938530
v -3.399256 0.390754 -2.997586
v -3.399256 0.390754 -2.938530
v -3.397102 0.415391 -2.997586
v -3.397102 0.415391 -2.938530
v -3.399256 0.440029 -2.997586
v -3.399256 0.440029 -2.938530
v -3.405658 0.463918 -2.997586
v -3.405658 0.463918 -2.938530
v -3.416110 0.486332 -2.997586
v -3.416110 0.486332 -2.938530
v -3.430295 0.506591 -2.997586
v -3.430295 0.506591 -2.938531
v -3.447783 0.524079 -2.997586
v -3.447783 0.524079 -2.938531
v -3.468043 0.538265 -2.997586
v -3.468043 0.538265 -2.938531
v -3.490457 0.548717 -2.997586
v -3.490457 0.548717 -2.938531
v -3.514345 0.555118 -2.997586
v -3.514345 0.555118 -2.938531
v -3.538984 0.557274 -2.997586
v -3.538984 0.557274 -2.938531
v -3.563622 0.555118 -2.997586
v -3.563622 0.555118 -2.938531
v -3.587510 0.548717 -2.997586
v -3.587510 0.548717 -2.938531
v -3.609925 0.538265 -2.997586
v -3.609925 0.538265 -2.938531
v -3.630183 0.524079 -2.997586
v -3.630183 0.524079 -2.938531
v -3.647671 0.506591 -2.997586
v -3.647671 0.506591 -2.938531
v -3.661856 0.486332 -2.997586
v -3.661856 0.486332 -2.938531
v -3.672310 0.463918 -2.997586
v -3.672310 0.463918 -2.938531
v -3.678710 0.440029 -2.997586
v -3.992455 0.440029 -2.938531
v -3.994611 0.415391 -2.938531
v -3.992455 0.390754 -2.938531
v -3.986053 0.366865 -2.938531
v -3.975601 0.344450 -2.938531
v -3.961416 0.324191 -2.938531
v -3.943928 0.306703 -2.938531
v -3.923670 0.292518 -2.938531
v -3.901254 0.282066 -2.938531
v -3.877366 0.275665 -2.938531
v -3.852727 0.273509 -2.938531
v -3.828090 0.275665 -2.938531
v -3.804202 0.282066 -2.938531
v -3.781786 0.292518 -2.938531
v -3.761528 0.306703 -2.938531
v -3.744040 0.324191 -2.938531
v -3.729855 0.344450 -2.938531
v -3.719403 0.366865 -2.938531
v -3.713001 0.390754 -2.938531
v -3.710845 0.415391 -2.938531
v -3.713001 0.440029 -2.938531
v -3.719403 0.463918 -2.938531
v -3.729855 0.486332 -2.938531
v -3.744040 0.506591 -2.938531
v -3.761528 0.524079 -2.938531
v -3.781786 0.538265 -2.938531
v -3.804202 0.548717 -2.938531
v -3.828090 0.555118 -2.938531
v -3.852727 0.557274 -2.938531
v -3.877366 0.555118 -2.938531
v -3.901254 0.548717 -2.938531
v -3.923670 0.538265 -2.938531
v -3.943928 0.524079 -2.938531
v -3.961416 0.506591 -2.938531
v -3.975601 0.486332 -2.938531
v -3.986053 0.463918 -2.938531
v -3.771945 0.275470 -2.918846
v -3.748874 0.291624 -2.918846
v -3.662750 0.311538 -2.918846
v -3.728961 0.311538 -2.918846
v -3.712806 0.334608 -2.918846
v -3.678905 0.334608 -2.918846
v -3.483725 0.263568 -2.918845
v -3.458200 0.275470 -2.918845
v -3.435129 0.291624 -2.918845
v -3.415215 0.311538 -2.918845
v -3.399063 0.334608 -2.918845
v -3.387160 0.360132 -2.918845
v -3.690808 0.360132 -2.918846
v -3.700905 0.360132 -2.918846
v -3.695856 0.376725 -2.918846
v -3.933511 0.275470 -2.918846
v -3.907988 0.263568 -2.918846
v -3.797468 0.263568 -2.918846
v -3.642837 0.291624 -2.918846
v -3.824672 0.256279 -2.918846
v -3.619766 0.275470 -2.918845
v -3.594243 0.263568 -2.918845
v -4.004551 0.360132 -2.918846
v -3.992650 0.334608 -2.918846
v -3.976496 0.311538 -2.918846
v -3.956582 0.291624 -2.918846
v -3.852727 0.253824 -2.918846
v -3.880784 0.256279 -2.918846
v -3.567039 0.256279 -2.918845
v -3.538984 0.253824 -2.918845
v -3.510927 0.256279 -2.918845
v -3.448074 0.431421 -2.918845
v -3.446671 0.415391 -2.918845
v -3.631295 0.415391 -2.918846
v -3.522954 0.506301 -2.918846
v -3.507411 0.502136 -2.918846
v -3.598320 0.486107 -2.918846
v -3.468269 0.474728 -2.918846
v -3.479646 0.486107 -2.918846
v -3.492827 0.495336 -2.918846
v -3.459038 0.461547 -2.918846
v -3.452239 0.446964 -2.918845
v -3.448074 0.399361 -2.918845
v -3.452239 0.383819 -2.918845
v -3.459038 0.369235 -2.918845
v -3.468269 0.356054 -2.918845
v -3.479646 0.344676 -2.918845
v -3.492827 0.335447 -2.918845
v -3.609699 0.474728 -2.918846
v -3.507411 0.328646 -2.918845
v -3.522954 0.324482 -2.918845
v -3.538984 0.323079 -2.918845
v -3.570555 0.328646 -2.918845
v -3.585140 0.335447 -2.918845
v -3.598320 0.344676 -2.918846
v -3.609699 0.356054 -2.918846
v -3.618928 0.369235 -2.918846
v -3.625729 0.383819 -2.918846
v -3.629894 0.399361 -2.918846
v -3.570555 0.502136 -2.918846
v -3.555013 0.506301 -2.918846
v -3.538984 0.507703 -2.918846
v -3.555013 0.324482 -2.918845
v -3.629894 0.431421 -2.918846
v -3.625729 0.446964 -2.918846
v -3.618928 0.461547 -2.918846
v -3.585140 0.495336 -2.918846
v -3.631295 0.415391 -2.958216
v -3.629894 0.431421 -2.958216
v -3.625729 0.446964 -2.958216
v -3.618928 0.461547 -2.958216
v -3.609699 0.474728 -2.958216
v -3.598320 0.486107 -2.958216
v -3.585140 0.495336 -2.958216
v -3.570555 0.502136 -2.958216
v -3.555013 0.506301 -2.958216
v -3.538984 0.507703 -2.958216
v -3.522954 0.506301 -2.958216
v -3.507411 0.502136 -2.958216
v -3.492827 0.495336 -2.958216
v -3.479646 0.486107 -2.958216
v -3.468269 0.474728 -2.958216
v -3.459038 0.461547 -2.958216
v -3.452239 0.446964 -2.958215
v -3.448074 0.431421 -2.958215
v -3.446671 0.415391 -2.958215
v -3.448074 0.399361 -2.958215
v -3.452239 0.383819 -2.958215
v -3.459038 0.369235 -2.958215
v -3.468269 0.356054 -2.958215
v -3.479646 0.344676 -2.958215
v -3.492827 0.335447 -2.958215
v -3.507411 0.328646 -2.958215
v -3.522954 0.324482 -2.958215
v -3.538984 0.323079 -2.958215
v -3.555013 0.324482 -2.958215
v -3.570555 0.328646 -2.958215
v -3.585140 0.335447 -2.958215
v -3.598320 0.344676 -2.958216
v -3.609699 0.356054 -2.958216
v -3.618928 0.369235 -2.958216
v -3.625729 0.383819 -2.958216
v -3.629894 0.399361 -2.958216
v -3.653023 0.481232 -2.997586
v -3.639858 0.500035 -2.997586
v -3.623626 0.516266 -2.997586
v -3.604825 0.529431 -2.997586
v -3.584022 0.539132 -2.997586
v -3.561850 0.545073 -2.997586
v -3.538984 0.547074 -2.997586
v -3.516117 0.545073 -2.997586
v -3.493946 0.539132 -2.997586
v -3.473143 0.529431 -2.997586
v -3.454340 0.516266 -2.997586
v -3.438108 0.500035 -2.997586
v -3.424943 0.481232 -2.997586
v -3.415242 0.460429 -2.997586
v -3.409302 0.438258 -2.997586
v -3.407301 0.415391 -2.997586
v -3.409302 0.392525 -2.997586
v -3.415242 0.370353 -2.997586
v -3.424943 0.349550 -2.997586
v -3.438108 0.330748 -2.997586
v -3.454340 0.314517 -2.997586
v -3.473143 0.301351 -2.997586
v -3.493946 0.291650 -2.997586
v -3.516117 0.285710 -2.997586
v -3.538984 0.283709 -2.997586
v -3.561850 0.285710 -2.997586
v -3.584022 0.291650 -2.997586
v -3.604825 0.301351 -2.997586
v -3.623626 0.314517 -2.997586
v -3.639858 0.330748 -2.997586
v -3.653023 0.349550 -2.997586
v -3.662724 0.370353 -2.997586
v -3.668665 0.392525 -2.997586
v -3.670666 0.415391 -2.997586
v -3.668665 0.438258 -2.997586
v -3.662724 0.460429 -2.997586
v -3.943638 0.399361 -2.918846
v -3.945040 0.415391 -2.958216
v -3.945040 0.415391 -2.918846
v -3.943638 0.431421 -2.958216
v -3.943638 0.431421 -2.918846
v -3.939472 0.446964 -2.958216
v -3.939472 0.446964 -2.918846
v -3.932673 0.461547 -2.958216
v -3.932673 0.461547 -2.918846
v -3.923444 0.474728 -2.958216
v -3.923444 0.474728 -2.918846
v -3.912066 0.486107 -2.958216
v -3.912066 0.486107 -2.918846
v -3.898885 0.495336 -2.958216
v -3.898885 0.495336 -2.918846
v -3.884300 0.502136 -2.958216
v -3.884300 0.502136 -2.918846
v -3.868757 0.506301 -2.958216
v -3.868757 0.506301 -2.918846
v -3.852727 0.507703 -2.958216
v -3.852727 0.507703 -2.918846
v -3.836699 0.506301 -2.958216
v -3.836699 0.506301 -2.918846
v -3.821156 0.502136 -2.958216
v -3.821156 0.502136 -2.918846
v -3.806571 0.495336 -2.958216
v -3.806571 0.495336 -2.918846
v -3.793391 0.486107 -2.958216
v -3.793391 0.486107 -2.918846
v -3.782012 0.474728 -2.958216
v -3.782012 0.474728 -2.918846
v -3.772784 0.461547 -2.958216
v -3.772784 0.461547 -2.918846
v -3.765983 0.446964 -2.958216
v -3.765983 0.446964 -2.918846
v -3.761818 0.431421 -2.958216
v -3.761818 0.431421 -2.918846
v -3.760416 0.415391 -2.958216
v -3.760416 0.415391 -2.918846
v -3.761818 0.399361 -2.958216
v -3.761818 0.399361 -2.918846
v -3.765983 0.383819 -2.958216
v -3.765983 0.383819 -2.918846
v -3.772784 0.369235 -2.958216
v -3.772784 0.369235 -2.918846
v -3.782012 0.356054 -2.958216
v -3.782012 0.356054 -2.918846
v -3.793391 0.344676 -2.958216
v -3.793391 0.344676 -2.918846
v -3.806571 0.335447 -2.958216
v -3.806571 0.335447 -2.918846
v -3.821156 0.328646 -2.958216
v -3.821156 0.328646 -2.918846
v -3.836699 0.324482 -2.958216
v -3.836699 0.324482 -2.918846
v -3.852727 0.323079 -2.958216
v -3.852727 0.323079 -2.918846
v -3.868757 0.324482 -2.958216
v -3.868757 0.324482 -2.918846
v -3.884300 0.328646 -2.958216
v -3.884300 0.328646 -2.918846
v -3.898885 0.335447 -2.958216
v -3.898885 0.335447 -2.918846
v -3.912066 0.344676 -2.958216
v -3.912066 0.344676 -2.918846
v -3.923444 0.356054 -2.958216
v -3.923444 0.356054 -2.918846
v -3.932673 0.369235 -2.958216
v -3.932673 0.369235 -2.918846
v -3.939472 0.383819 -2.958216
v -3.939472 0.383819 -2.918846
v -3.943638 0.399361 -2.958216
v -3.695856 0.415391 -2.918846
v -3.696981 0.442854 -2.919145
v -3.695856 0.443436 -2.918846
v -4.008474 0.442854 -2.919145
v -4.001339 0.469481 -2.919145
v -4.007563 0.415391 -2.920033
v -4.005210 0.388505 -2.920033
v -4.008474 0.387929 -2.919145
v -4.001339 0.361301 -2.919145
v -3.695856 0.376983 -2.918846
v -3.704117 0.361301 -2.919145
v -3.695856 0.387346 -2.918846
v -3.696981 0.387929 -2.919145
v -3.695856 0.453799 -2.918846
v -3.704117 0.469481 -2.919145
v -3.992749 0.440081 -2.935113
v -3.986335 0.464020 -2.935113
v -3.975861 0.486482 -2.935113
v -3.961646 0.506784 -2.935113
v -3.944120 0.524308 -2.935113
v -3.923819 0.538524 -2.935113
v -3.901356 0.548998 -2.935113
v -3.877418 0.555413 -2.935113
v -3.852727 0.557573 -2.935113
v -3.828038 0.555413 -2.935113
v -3.804100 0.548998 -2.935113
v -3.781637 0.538524 -2.935113
v -3.761336 0.524308 -2.935113
v -3.743810 0.506784 -2.935113
v -3.729595 0.486482 -2.935113
v -3.719121 0.464020 -2.935113
v -3.712707 0.440081 -2.935113
v -3.710546 0.415391 -2.935113
v -3.712707 0.390702 -2.935113
v -3.719121 0.366762 -2.935113
v -3.729595 0.344301 -2.935113
v -3.743810 0.323999 -2.935113
v -3.761336 0.306474 -2.935113
v -3.781637 0.292259 -2.935113
v -3.804100 0.281785 -2.935113
v -3.828038 0.275370 -2.935113
v -3.852727 0.273210 -2.935113
v -3.877418 0.275370 -2.935113
v -3.901356 0.281785 -2.935113
v -3.923819 0.292259 -2.935113
v -3.944120 0.306474 -2.935113
v -3.961646 0.323999 -2.935113
v -3.975861 0.344301 -2.935113
v -3.986335 0.366762 -2.935113
v -3.992749 0.390702 -2.935113
v -3.994910 0.415391 -2.935113
v -3.993623 0.440235 -2.931799
v -3.987170 0.464324 -2.931799
v -3.976629 0.486926 -2.931799
v -3.962326 0.507354 -2.931799
v -3.944691 0.524989 -2.931799
v -3.924263 0.539293 -2.931799
v -3.901660 0.549833 -2.931799
v -3.877572 0.556287 -2.931799
v -3.852727 0.558461 -2.931799
v -3.827884 0.556287 -2.931799
v -3.803796 0.549833 -2.931799
v -3.781193 0.539293 -2.931799
v -3.760765 0.524989 -2.931799
v -3.743130 0.507354 -2.931799
v -3.728827 0.486926 -2.931799
v -3.718287 0.464324 -2.931799
v -3.711833 0.440235 -2.931799
v -3.709659 0.415391 -2.931799
v -3.711833 0.390548 -2.931799
v -3.718287 0.366459 -2.931799
v -3.728827 0.343857 -2.931799
v -3.743130 0.323428 -2.931799
v -3.760765 0.305794 -2.931799
v -3.781193 0.291490 -2.931799
v -3.803796 0.280950 -2.931799
v -3.827884 0.274495 -2.931799
v -3.852727 0.272322 -2.931799
v -3.877572 0.274495 -2.931799
v -3.901660 0.280950 -2.931799
v -3.924263 0.291490 -2.931799
v -3.944691 0.305794 -2.931799
v -3.962326 0.323428 -2.931799
v -3.976629 0.343857 -2.931799
v -3.987170 0.366459 -2.931799
v -3.993623 0.390548 -2.931799
v -3.995798 0.415391 -2.931799
v -3.995052 0.440487 -2.928689
v -3.988532 0.464820 -2.928689
v -3.977885 0.487651 -2.928689
v -3.963437 0.508287 -2.928689
v -3.945624 0.526100 -2.928689
v -3.924988 0.540549 -2.928689
v -3.902157 0.551195 -2.928689
v -3.877824 0.557715 -2.928689
v -3.852727 0.559911 -2.928689
v -3.827632 0.557715 -2.928689
v -3.803299 0.551195 -2.928689
v -3.780468 0.540549 -2.928689
v -3.759833 0.526100 -2.928689
v -3.742019 0.508287 -2.928689
v -3.727571 0.487651 -2.928689
v -3.716924 0.464820 -2.928689
v -3.710403 0.440487 -2.928689
v -3.708209 0.415391 -2.928689
v -3.710403 0.390296 -2.928689
v -3.716924 0.365963 -2.928689
v -3.727571 0.343132 -2.928689
v -3.742019 0.322496 -2.928689
v -3.759833 0.304683 -2.928689
v -3.780468 0.290234 -2.928689
v -3.803299 0.279587 -2.928689
v -3.827632 0.273067 -2.928689
v -3.852727 0.270872 -2.928689
v -3.877824 0.273067 -2.928689
v -3.902157 0.279587 -2.928689
v -3.924988 0.290234 -2.928689
v -3.945624 0.304683 -2.928689
v -3.963437 0.322496 -2.928689
v -3.977885 0.343132 -2.928689
v -3.988532 0.365963 -2.928689
v -3.995052 0.390296 -2.928689
v -3.997247 0.415391 -2.928689
v -3.996990 0.440829 -2.925878
v -3.990381 0.465493 -2.925878
v -3.979589 0.488635 -2.925878
v -3.964943 0.509552 -2.925878
v -3.946888 0.527607 -2.925878
v -3.925972 0.542253 -2.925878
v -3.902829 0.553045 -2.925878
v -3.878165 0.559653 -2.925878
v -3.852727 0.561879 -2.925878
v -3.827291 0.559653 -2.925878
v -3.802627 0.553045 -2.925878
v -3.779485 0.542253 -2.925878
v -3.758568 0.527607 -2.925878
v -3.740511 0.509552 -2.925878
v -3.725866 0.488635 -2.925878
v -3.715075 0.465493 -2.925878
v -3.708466 0.440829 -2.925878
v -3.706240 0.415391 -2.925878
v -3.708466 0.389954 -2.925878
v -3.715075 0.365290 -2.925878
v -3.725866 0.342147 -2.925878
v -3.740511 0.321231 -2.925878
v -3.758568 0.303175 -2.925878
v -3.779485 0.288529 -2.925878
v -3.802627 0.277738 -2.925878
v -3.827291 0.271129 -2.925878
v -3.852727 0.268904 -2.925878
v -3.878165 0.271129 -2.925878
v -3.902829 0.277738 -2.925878
v -3.925972 0.288529 -2.925878
v -3.946888 0.303175 -2.925878
v -3.964943 0.321231 -2.925878
v -3.979589 0.342147 -2.925878
v -3.990381 0.365290 -2.925878
v -3.996990 0.389954 -2.925878
v -3.999216 0.415391 -2.925878
v -3.999380 0.441250 -2.923452
v -3.992661 0.466323 -2.923452
v -3.981692 0.489848 -2.923452
v -3.966803 0.511111 -2.923452
v -3.948447 0.529466 -2.923452
v -3.927186 0.544354 -2.923452
v -3.903660 0.555325 -2.923452
v -3.878587 0.562043 -2.923452
v -3.852727 0.564305 -2.923452
v -3.826869 0.562043 -2.923452
v -3.801796 0.555325 -2.923452
v -3.778271 0.544354 -2.923452
v -3.757008 0.529466 -2.923452
v -3.738653 0.511111 -2.923452
v -3.723764 0.489848 -2.923452
v -3.712795 0.466323 -2.923452
v -3.706077 0.441250 -2.923452
v -3.703815 0.415391 -2.923452
v -3.706077 0.389533 -2.923452
v -3.712795 0.364460 -2.923452
v -3.723764 0.340934 -2.923452
v -3.738653 0.319671 -2.923452
v -3.757008 0.301317 -2.923452
v -3.778271 0.286428 -2.923452
v -3.801796 0.275458 -2.923452
v -3.826869 0.268740 -2.923452
v -3.852727 0.266477 -2.923452
v -3.878587 0.268740 -2.923452
v -3.903660 0.275458 -2.923452
v -3.927186 0.286428 -2.923452
v -3.948447 0.301317 -2.923452
v -3.966803 0.319671 -2.923452
v -3.981692 0.340934 -2.923452
v -3.992661 0.364460 -2.923452
v -3.999380 0.389533 -2.923452
v -4.001642 0.415391 -2.923452
v -4.002148 0.441738 -2.921483
v -3.995302 0.467284 -2.921483
v -3.984126 0.491254 -2.921483
v -3.968956 0.512918 -2.921483
v -3.950254 0.531619 -2.921483
v -3.928591 0.546789 -2.921483
v -3.904620 0.557966 -2.921483
v -3.879075 0.564811 -2.921483
v -3.852727 0.567116 -2.921483
v -3.826381 0.564811 -2.921483
v -3.800834 0.557966 -2.921483
v -3.776865 0.546789 -2.921483
v -3.755202 0.531619 -2.921483
v -3.736501 0.512918 -2.921483
v -3.721330 0.491254 -2.921483
v -3.710154 0.467284 -2.921483
v -3.703309 0.441738 -2.921483
v -3.701004 0.415391 -2.921483
v -3.703309 0.389045 -2.921483
v -3.710154 0.363498 -2.921483
v -3.721330 0.339529 -2.921483
v -3.736501 0.317864 -2.921483
v -3.755202 0.299163 -2.921483
v -3.776865 0.283994 -2.921483
v -3.800834 0.272817 -2.921483
v -3.826381 0.265972 -2.921483
v -3.852727 0.263667 -2.921483
v -3.879075 0.265972 -2.921483
v -3.904620 0.272817 -2.921483
v -3.928591 0.283994 -2.921483
v -3.950254 0.299163 -2.921483
v -3.968956 0.317864 -2.921483
v -3.984126 0.339529 -2.921483
v -3.995302 0.363498 -2.921483
v -4.002148 0.389045 -2.921483
v -4.004453 0.415391 -2.921483
v -4.005210 0.442278 -2.920033
v -3.998224 0.468348 -2.920033
v -3.986819 0.492809 -2.920033
v -3.971339 0.514917 -2.920033
v -3.952254 0.534001 -2.920033
v -3.930146 0.549482 -2.920033
v -3.905684 0.560888 -2.920033
v -3.879615 0.567874 -2.920033
v -3.852727 0.570226 -2.920033
v -3.825841 0.567874 -2.920033
v -3.799772 0.560888 -2.920033
v -3.775311 0.549482 -2.920033
v -3.753202 0.534001 -2.920033
v -3.734118 0.514917 -2.920033
v -3.718637 0.492809 -2.920033
v -3.707232 0.468348 -2.920033
v -3.700246 0.442278 -2.920033
v -3.697894 0.415391 -2.920033
v -3.700246 0.388505 -2.920033
v -3.707232 0.362435 -2.920033
v -3.718637 0.337974 -2.920033
v -3.734118 0.315865 -2.920033
v -3.753202 0.296781 -2.920033
v -3.775311 0.281301 -2.920033
v -3.799772 0.269894 -2.920033
v -3.825841 0.262909 -2.920033
v -3.852727 0.260557 -2.920033
v -3.879615 0.262909 -2.920033
v -3.905684 0.269894 -2.920033
v -3.930146 0.281301 -2.920033
v -3.952254 0.296781 -2.920033
v -3.971339 0.315865 -2.920033
v -3.986819 0.337974 -2.920033
v -3.998224 0.362435 -2.920033
v -3.989689 0.494466 -2.919145
v -3.973876 0.517047 -2.919145
v -3.954385 0.536540 -2.919145
v -3.931803 0.552352 -2.919145
v -3.906819 0.564003 -2.919145
v -3.880191 0.571138 -2.919145
v -3.852727 0.573540 -2.919145
v -3.825265 0.571138 -2.919145
v -3.798638 0.564003 -2.919145
v -3.773654 0.552352 -2.919145
v -3.751071 0.536540 -2.919145
v -3.731579 0.517047 -2.919145
v -3.715766 0.494466 -2.919145
v -3.715766 0.336317 -2.919145
v -3.731579 0.313735 -2.919145
v -3.751071 0.294242 -2.919145
v -3.773654 0.278430 -2.919145
v -3.798638 0.266780 -2.919145
v -3.825265 0.259645 -2.919145
v -3.852727 0.257242 -2.919145
v -3.880191 0.259645 -2.919145
v -3.906819 0.266780 -2.919145
v -3.931803 0.278430 -2.919145
v -3.954385 0.294242 -2.919145
v -3.973876 0.313735 -2.919145
v -3.989689 0.336317 -2.919145
v -3.694730 0.387929 -2.919145
v -3.383236 0.387929 -2.919144
v -3.390372 0.361301 -2.919144
v -3.384149 0.415391 -2.920033
v -3.386502 0.442278 -2.920033
v -3.383236 0.442854 -2.919144
v -3.390372 0.469481 -2.919144
v -3.687594 0.469481 -2.919145
v -3.694730 0.442854 -2.919145
v -3.687594 0.361301 -2.919145
v -3.679004 0.440081 -2.935113
v -3.672590 0.464020 -2.935113
v -3.662117 0.486482 -2.935113
v -3.647901 0.506784 -2.935113
v -3.630376 0.524308 -2.935113
v -3.610075 0.538524 -2.935113
v -3.587613 0.548998 -2.935113
v -3.563673 0.555413 -2.935113
v -3.538984 0.557573 -2.935113
v -3.514293 0.555413 -2.935113
v -3.490355 0.548998 -2.935113
v -3.467892 0.538524 -2.935113
v -3.447591 0.524308 -2.935113
v -3.430067 0.506784 -2.935113
v -3.415851 0.486482 -2.935112
v -3.405376 0.464020 -2.935112
v -3.398962 0.440081 -2.935112
v -3.396801 0.415391 -2.935112
v -3.398962 0.390702 -2.935112
v -3.405376 0.366762 -2.935112
v -3.415851 0.344301 -2.935112
v -3.430067 0.323999 -2.935112
v -3.447591 0.306474 -2.935112
v -3.467892 0.292259 -2.935112
v -3.490355 0.281785 -2.935112
v -3.514293 0.275370 -2.935112
v -3.538984 0.273210 -2.935112
v -3.563673 0.275370 -2.935112
v -3.587613 0.281785 -2.935112
v -3.610075 0.292259 -2.935112
v -3.630376 0.306474 -2.935113
v -3.647901 0.323999 -2.935113
v -3.662117 0.344301 -2.935113
v -3.672590 0.366762 -2.935113
v -3.679004 0.390702 -2.935113
v -3.681165 0.415391 -2.935113
v -3.679879 0.440235 -2.931799
v -3.673424 0.464324 -2.931799
v -3.662885 0.486926 -2.931799
v -3.648581 0.507354 -2.931799
v -3.630947 0.524989 -2.931799
v -3.610518 0.539293 -2.931799
v -3.587917 0.549833 -2.931799
v -3.563828 0.556287 -2.931799
v -3.538984 0.558461 -2.931799
v -3.514139 0.556287 -2.931799
v -3.490051 0.549833 -2.931799
v -3.467448 0.539293 -2.931799
v -3.447021 0.524989 -2.931799
v -3.429385 0.507354 -2.931799
v -3.415082 0.486926 -2.931798
v -3.404541 0.464324 -2.931798
v -3.398088 0.440235 -2.931798
v -3.395915 0.415391 -2.931798
v -3.398088 0.390548 -2.931798
v -3.404541 0.366459 -2.931798
v -3.415082 0.343857 -2.931798
v -3.429385 0.323428 -2.931798
v -3.447021 0.305794 -2.931798
v -3.467448 0.291490 -2.931798
v -3.490051 0.280950 -2.931798
v -3.514139 0.274495 -2.931798
v -3.538984 0.272322 -2.931798
v -3.563828 0.274495 -2.931798
v -3.587917 0.280950 -2.931798
v -3.610518 0.291490 -2.931798
v -3.630947 0.305794 -2.931799
v -3.648581 0.323428 -2.931799
v -3.662885 0.343857 -2.931799
v -3.673424 0.366459 -2.931799
v -3.679879 0.390548 -2.931799
v -3.682053 0.415391 -2.931799
v -3.681308 0.440487 -2.928689
v -3.674788 0.464820 -2.928689
v -3.664141 0.487651 -2.928689
v -3.649692 0.508287 -2.928689
v -3.631879 0.526100 -2.928689
v -3.611243 0.540549 -2.928689
v -3.588413 0.551195 -2.928689
v -3.564080 0.557715 -2.928689
v -3.538984 0.559911 -2.928689
v -3.513887 0.557715 -2.928689
v -3.489554 0.551195 -2.928689
v -3.466723 0.540549 -2.928689
v -3.446088 0.526100 -2.928689
v -3.428276 0.508287 -2.928689
v -3.413826 0.487651 -2.928689
v -3.403179 0.464820 -2.928689
v -3.396660 0.440487 -2.928689
v -3.394464 0.415391 -2.928689
v -3.396660 0.390296 -2.928689
v -3.403179 0.365963 -2.928689
v -3.413826 0.343132 -2.928689
v -3.428276 0.322496 -2.928689
v -3.446088 0.304683 -2.928689
v -3.466723 0.290234 -2.928689
v -3.489554 0.279587 -2.928689
v -3.513887 0.273067 -2.928689
v -3.538984 0.270872 -2.928689
v -3.564080 0.273067 -2.928689
v -3.588413 0.279587 -2.928689
v -3.611243 0.290234 -2.928689
v -3.631879 0.304683 -2.928689
v -3.649692 0.322496 -2.928689
v -3.664141 0.343132 -2.928689
v -3.674788 0.365963 -2.928689
v -3.681308 0.390296 -2.928689
v -3.683502 0.415391 -2.928689
v -3.683245 0.440829 -2.925878
v -3.676636 0.465493 -2.925878
v -3.665846 0.488635 -2.925878
v -3.651200 0.509552 -2.925878
v -3.633143 0.527607 -2.925878
v -3.612227 0.542253 -2.925878
v -3.589086 0.553045 -2.925878
v -3.564420 0.559653 -2.925878
v -3.538984 0.561879 -2.925878
v -3.513546 0.559653 -2.925878
v -3.488882 0.553045 -2.925878
v -3.465739 0.542253 -2.925878
v -3.444824 0.527607 -2.925878
v -3.426768 0.509552 -2.925878
v -3.412122 0.488635 -2.925878
v -3.401330 0.465493 -2.925878
v -3.394722 0.440829 -2.925878
v -3.392496 0.415391 -2.925878
v -3.394722 0.389954 -2.925878
v -3.401330 0.365290 -2.925878
v -3.412122 0.342147 -2.925878
v -3.426768 0.321231 -2.925878
v -3.444824 0.303175 -2.925878
v -3.465739 0.288529 -2.925878
v -3.488882 0.277738 -2.925878
v -3.513546 0.271129 -2.925878
v -3.538984 0.268904 -2.925878
v -3.564420 0.271129 -2.925878
v -3.589086 0.277738 -2.925878
v -3.612227 0.288529 -2.925878
v -3.633143 0.303175 -2.925878
v -3.651200 0.321231 -2.925878
v -3.665846 0.342147 -2.925878
v -3.676636 0.365290 -2.925878
v -3.683245 0.389954 -2.925878
v -3.685472 0.415391 -2.925878
v -3.685636 0.441250 -2.923452
v -3.678916 0.466323 -2.923452
v -3.667947 0.489848 -2.923452
v -3.653059 0.511111 -2.923452
v -3.634704 0.529466 -2.923452
v -3.613441 0.544354 -2.923452
v -3.589916 0.555325 -2.923452
v -3.564842 0.562043 -2.923452
v -3.538984 0.564305 -2.923452
v -3.513124 0.562043 -2.923452
v -3.488051 0.555325 -2.923452
v -3.464526 0.544354 -2.923452
v -3.443264 0.529466 -2.923452
v -3.424909 0.511111 -2.923452
v -3.410021 0.489848 -2.923451
v -3.399050 0.466323 -2.923451
v -3.392332 0.441250 -2.923451
v -3.390069 0.415391 -2.923451
v -3.392332 0.389533 -2.923451
v -3.399050 0.364460 -2.923451
v -3.410021 0.340934 -2.923451
v -3.424909 0.319671 -2.923451
v -3.443264 0.301317 -2.923451
v -3.464526 0.286428 -2.923451
v -3.488051 0.275458 -2.923451
v -3.513124 0.268740 -2.923451
v -3.538984 0.266477 -2.923451
v -3.564842 0.268740 -2.923451
v -3.589916 0.275458 -2.923451
v -3.613441 0.286428 -2.923451
v -3.634704 0.301317 -2.923452
v -3.653059 0.319671 -2.923452
v -3.667947 0.340934 -2.923452
v -3.678916 0.364460 -2.923452
v -3.685636 0.389533 -2.923452
v -3.687897 0.415391 -2.923452
v -3.688404 0.441738 -2.921483
v -3.681559 0.467284 -2.921483
v -3.670381 0.491254 -2.921483
v -3.655211 0.512918 -2.921483
v -3.636511 0.531619 -2.921483
v -3.614846 0.546789 -2.921483
v -3.590877 0.557966 -2.921483
v -3.565331 0.564811 -2.921483
v -3.538984 0.567116 -2.921483
v -3.512636 0.564811 -2.921483
v -3.487091 0.557966 -2.921483
v -3.463120 0.546789 -2.921483
v -3.441457 0.531619 -2.921483
v -3.422755 0.512918 -2.921483
v -3.407586 0.491254 -2.921483
v -3.396409 0.467284 -2.921483
v -3.389564 0.441738 -2.921483
v -3.387259 0.415391 -2.921483
v -3.389564 0.389045 -2.921483
v -3.396409 0.363498 -2.921483
v -3.407586 0.339529 -2.921483
v -3.422755 0.317864 -2.921483
v -3.441457 0.299163 -2.921483
v -3.463120 0.283994 -2.921483
v -3.487091 0.272817 -2.921483
v -3.512636 0.265972 -2.921483
v -3.538984 0.263667 -2.921483
v -3.565331 0.265972 -2.921483
v -3.590877 0.272817 -2.921483
v -3.614846 0.283994 -2.921483
v -3.636511 0.299163 -2.921483
v -3.655211 0.317864 -2.921483
v -3.670381 0.339529 -2.921483
v -3.681559 0.363498 -2.921483
v -3.688404 0.389045 -2.921483
v -3.690709 0.415391 -2.921483
v -3.691466 0.442278 -2.920033
v -3.684480 0.468348 -2.920033
v -3.673074 0.492809 -2.920033
v -3.657593 0.514917 -2.920033
v -3.638510 0.534001 -2.920033
v -3.616400 0.549482 -2.920033
v -3.591939 0.560888 -2.920033
v -3.565871 0.567874 -2.920033
v -3.538984 0.570226 -2.920033
v -3.512096 0.567874 -2.920033
v -3.486027 0.560888 -2.920033
v -3.461565 0.549482 -2.920033
v -3.439457 0.534001 -2.920033
v -3.420372 0.514917 -2.920033
v -3.404892 0.492809 -2.920033
v -3.393486 0.468348 -2.920033
v -3.386502 0.388505 -2.920033
v -3.393486 0.362435 -2.920033
v -3.404892 0.337974 -2.920033
v -3.420372 0.315865 -2.920033
v -3.439457 0.296781 -2.920033
v -3.461565 0.281301 -2.920033
v -3.486027 0.269894 -2.920033
v -3.512096 0.262909 -2.920033
v -3.538984 0.260557 -2.920033
v -3.565871 0.262909 -2.920033
v -3.591939 0.269894 -2.920033
v -3.616400 0.281301 -2.920033
v -3.638510 0.296781 -2.920033
v -3.657593 0.315865 -2.920033
v -3.673074 0.337974 -2.920033
v -3.684480 0.362435 -2.920033
v -3.691466 0.388505 -2.920033
v -3.693818 0.415391 -2.920033
v -3.402023 0.336317 -2.919144
v -3.417835 0.313735 -2.919144
v -3.437328 0.294242 -2.919144
v -3.459908 0.278430 -2.919144
v -3.484894 0.266780 -2.919144
v -3.511521 0.259645 -2.919144
v -3.538984 0.257242 -2.919144
v -3.566446 0.259645 -2.919144
v -3.593074 0.266780 -2.919144
v -3.618057 0.278430 -2.919144
v -3.640640 0.294242 -2.919145
v -3.660132 0.313735 -2.919145
v -3.675945 0.336317 -2.919145
v -3.675945 0.494466 -2.919145
v -3.660132 0.517047 -2.919145
v -3.640640 0.536540 -2.919145
v -3.618057 0.552352 -2.919145
v -3.593074 0.564003 -2.919145
v -3.566446 0.571138 -2.919145
v -3.538984 0.573540 -2.919145
v -3.511521 0.571138 -2.919145
v -3.484894 0.564003 -2.919145
v -3.459908 0.552352 -2.919145
v -3.437328 0.536540 -2.919145
v -3.417835 0.517047 -2.919145
v -3.402023 0.494466 -2.919144
vt 0.542629 0.817467
vt 0.542629 0.817467
vt 0.543466 0.817467
vt 0.593809 0.817467
vt 0.594646 0.817467
vt 0.595483 0.817467
vt 0.607261 0.817467
vt 0.611493 0.817467
vt 0.550841 0.817467
vt 0.646663 0.817467
vt 0.646663 0.817467
vt 0.645826 0.817467
vt 0.643853 0.817467
vt 0.591836 0.817467
vt 0.582031 0.817467
vt 0.603437 0.817467
vt 0.577799 0.817467
vt 0.573289 0.817467
vt 0.597457 0.817467
vt 0.600135 0.817467
vt 0.589158 0.817467
vt 0.585856 0.817467
vt 0.629817 0.817467
vt 0.634048 0.817467
vt 0.638452 0.817467
vt 0.637873 0.817467
vt 0.641175 0.817467
vt 0.563986 0.817467
vt 0.559476 0.817467
vt 0.555244 0.817467
vt 0.616003 0.817467
vt 0.620655 0.817467
vt 0.625306 0.817467
vt 0.545440 0.817467
vt 0.548118 0.817467
vt 0.551419 0.817467
vt 0.568638 0.817467
vt 0.642155 0.839519
vt 0.642487 0.839519
vt 0.643821 0.839519
vt 0.641170 0.839519
vt 0.642759 0.839519
vt 0.639562 0.839519
vt 0.641027 0.839519
vt 0.637379 0.839519
vt 0.638675 0.839519
vt 0.634688 0.839519
vt 0.635775 0.839519
vt 0.631571 0.839519
vt 0.632417 0.839519
vt 0.628122 0.839519
vt 0.628700 0.839519
vt 0.624446 0.839519
vt 0.624740 0.839519
vt 0.620655 0.839519
vt 0.620655 0.839519
vt 0.616864 0.839519
vt 0.616570 0.839519
vt 0.613188 0.839519
vt 0.612609 0.839519
vt 0.609739 0.839519
vt 0.608893 0.839519
vt 0.606621 0.839519
vt 0.605534 0.839519
vt 0.603930 0.839519
vt 0.602635 0.839519
vt 0.601748 0.839519
vt 0.600283 0.839519
vt 0.600139 0.839519
vt 0.598550 0.839519
vt 0.599154 0.839519
vt 0.597489 0.839519
vt 0.598823 0.839519
vt 0.597132 0.839519
vt 0.599154 0.839519
vt 0.597489 0.839519
vt 0.600139 0.839519
vt 0.598550 0.839519
vt 0.601748 0.839519
vt 0.600283 0.839519
vt 0.603930 0.839519
vt 0.602635 0.839519
vt 0.606621 0.839519
vt 0.605534 0.839519
vt 0.609739 0.839519
vt 0.608893 0.839519
vt 0.613188 0.839519
vt 0.612609 0.839519
vt 0.616864 0.839519
vt 0.616570 0.839519
vt 0.620655 0.839519
vt 0.620655 0.839519
vt 0.624446 0.839519
vt 0.624740 0.839519
vt 0.628122 0.839519
vt 0.628700 0.839519
vt 0.631571 0.839519
vt 0.632417 0.839519
vt 0.634688 0.839519
vt 0.635775 0.839519
vt 0.637379 0.839519
vt 0.638675 0.839519
vt 0.639562 0.839519
vt 0.641027 0.839519
vt 0.641170 0.839519
vt 0.642759 0.839519
vt 0.642155 0.839519
vt 0.643821 0.839519
vt 0.644178 0.839519
vt 0.549190 0.839519
vt 0.656656 0.839519
vt 0.532637 0.839519
vt 0.640103 0.839519
vt 0.651559 0.839519
vt 0.656656 0.839519
vt 0.651559 0.839519
vt 0.655225 0.839519
vt 0.640103 0.839519
vt 0.534067 0.839519
vt 0.549190 0.839519
vt 0.532637 0.839519
vt 0.537734 0.839519
vt 0.537734 0.839519
vt 0.459350 0.667016
vt 0.461859 0.667016
vt 0.461123 0.667016
vt 0.461859 0.667016
vt 0.373347 0.667016
vt 0.370940 0.667016
vt 0.368431 0.667016
vt 0.369166 0.667016
vt 0.368431 0.667016
vt 0.456943 0.667016
vt 0.453976 0.667016
vt 0.457014 0.667016
vt 0.450538 0.667016
vt 0.446735 0.667016
vt 0.442682 0.667016
vt 0.420061 0.667016
vt 0.410229 0.667016
vt 0.407262 0.667016
vt 0.438502 0.667016
vt 0.434321 0.667016
vt 0.373275 0.667016
vt 0.387608 0.667016
vt 0.383554 0.667016
vt 0.379751 0.667016
vt 0.376314 0.667016
vt 0.430268 0.667016
vt 0.426465 0.667016
vt 0.423028 0.667016
vt 0.412636 0.667016
vt 0.417654 0.667016
vt 0.414409 0.667016
vt 0.415880 0.667016
vt 0.415145 0.667016
vt 0.403824 0.667016
vt 0.400021 0.667016
vt 0.395968 0.667016
vt 0.391788 0.667016
vt 0.460393 0.694581
vt 0.464118 0.694581
vt 0.466754 0.694581
vt 0.467363 0.694581
vt 0.466754 0.694581
vt 0.467363 0.694581
vt 0.460393 0.694581
vt 0.464118 0.694581
vt 0.457140 0.694581
vt 0.457428 0.694581
vt 0.458995 0.694581
vt 0.456287 0.694581
vt 0.458056 0.694581
vt 0.454892 0.694581
vt 0.456523 0.694581
vt 0.453000 0.694581
vt 0.454443 0.694581
vt 0.450667 0.694581
vt 0.451878 0.694581
vt 0.447965 0.694581
vt 0.448906 0.694581
vt 0.444975 0.694581
vt 0.445619 0.694581
vt 0.441788 0.694581
vt 0.442115 0.694581
vt 0.438502 0.694581
vt 0.438502 0.694581
vt 0.435215 0.694581
vt 0.434888 0.694581
vt 0.432028 0.694581
vt 0.431384 0.694581
vt 0.429038 0.694581
vt 0.428097 0.694581
vt 0.426336 0.694581
vt 0.425126 0.694581
vt 0.424003 0.694581
vt 0.422561 0.694581
vt 0.422111 0.694581
vt 0.420480 0.694581
vt 0.420717 0.694581
vt 0.418947 0.694581
vt 0.419863 0.694581
vt 0.418008 0.694581
vt 0.419575 0.694581
vt 0.417692 0.694581
vt 0.419863 0.694581
vt 0.418008 0.694581
vt 0.420717 0.694581
vt 0.418947 0.694581
vt 0.422111 0.694581
vt 0.420480 0.694581
vt 0.424003 0.694581
vt 0.422561 0.694581
vt 0.426336 0.694581
vt 0.425126 0.694581
vt 0.429038 0.694581
vt 0.428097 0.694581
vt 0.432028 0.694581
vt 0.431384 0.694581
vt 0.435215 0.694581
vt 0.434888 0.694581
vt 0.438502 0.694581
vt 0.438502 0.694581
vt 0.441788 0.694581
vt 0.442115 0.694581
vt 0.444975 0.694581
vt 0.445619 0.694581
vt 0.447965 0.694581
vt 0.448906 0.694581
vt 0.450667 0.694581
vt 0.451878 0.694581
vt 0.453000 0.694581
vt 0.454443 0.694581
vt 0.454892 0.694581
vt 0.456523 0.694581
vt 0.456287 0.694581
vt 0.458056 0.694581
vt 0.457140 0.694581
vt 0.458995 0.694581
vt 0.459311 0.694581
vt 0.363535 0.694581
vt 0.369896 0.694581
vt 0.366171 0.694581
vt 0.362926 0.694581
vt 0.366171 0.694581
vt 0.369896 0.694581
vt 0.363535 0.694581
vt 0.362926 0.694581
vt 0.362926 0.645502
vt 0.362926 0.669141
vt 0.362926 0.635351
vt 0.362926 0.464313
vt 0.362926 0.528496
vt 0.362926 0.464313
vt 0.362926 0.530495
vt 0.362926 0.669141
vt 0.467363 0.530495
vt 0.467363 0.528496
vt 0.467363 0.464313
vt 0.467363 0.464313
vt 0.467363 0.635351
vt 0.467363 0.669141
vt 0.467363 0.669141
vt 0.467363 0.645502
vt 0.609283 0.134326
vt 0.610965 0.134326
vt 0.609509 0.134326
vt 0.610965 0.134326
vt 0.580010 0.134326
vt 0.578328 0.134326
vt 0.579784 0.134326
vt 0.578328 0.134326
vt 0.580010 0.134326
vt 0.580680 0.134326
vt 0.610030 0.134326
vt 0.610431 0.134326
vt 0.606032 0.134326
vt 0.583224 0.134326
vt 0.587215 0.134326
vt 0.589563 0.134326
vt 0.610725 0.134326
vt 0.610431 0.134326
vt 0.606032 0.134326
vt 0.610030 0.134326
vt 0.607517 0.134326
vt 0.608612 0.134326
vt 0.609283 0.134326
vt 0.607582 0.134326
vt 0.608292 0.134326
vt 0.604200 0.134326
vt 0.579263 0.134326
vt 0.578862 0.134326
vt 0.583261 0.134326
vt 0.597227 0.134326
vt 0.606069 0.134326
vt 0.594646 0.134326
vt 0.592066 0.134326
vt 0.599730 0.134326
vt 0.602077 0.134326
vt 0.606835 0.134326
vt 0.604200 0.134326
vt 0.607582 0.134326
vt 0.609531 0.134326
vt 0.608947 0.134326
vt 0.608292 0.134326
vt 0.606069 0.134326
vt 0.602077 0.134326
vt 0.599730 0.134326
vt 0.580680 0.134326
vt 0.581775 0.134326
vt 0.578388 0.134326
vt 0.578568 0.134326
vt 0.610904 0.134326
vt 0.609531 0.134326
vt 0.581711 0.134326
vt 0.581001 0.134326
vt 0.585093 0.134326
vt 0.580346 0.134326
vt 0.579762 0.134326
vt 0.608612 0.134326
vt 0.607517 0.134326
vt 0.610904 0.134326
vt 0.610725 0.134326
vt 0.608947 0.134326
vt 0.606835 0.134326
vt 0.597227 0.134326
vt 0.594646 0.134326
vt 0.583224 0.134326
vt 0.592066 0.134326
vt 0.581001 0.134326
vt 0.585093 0.134326
vt 0.580346 0.134326
vt 0.579762 0.134326
vt 0.578388 0.134326
vt 0.583261 0.134326
vt 0.581775 0.134326
vt 0.578568 0.134326
vt 0.578862 0.134326
vt 0.579263 0.134326
vt 0.582458 0.134326
vt 0.589563 0.134326
vt 0.587215 0.134326
vt 0.582458 0.134326
vt 0.581711 0.134326
vt 0.619189 0.095734
vt 0.570103 0.095734
vt 0.631568 0.295389
vt 0.557725 0.295389
vt 0.610030 0.095734
vt 0.609531 0.095734
vt 0.578328 0.095734
vt 0.553345 0.095734
vt 0.578328 0.095734
vt 0.553345 0.095734
vt 0.578388 0.095734
vt 0.579263 0.095734
vt 0.579762 0.095734
vt 0.560048 0.095734
vt 0.580346 0.095734
vt 0.581001 0.095734
vt 0.581711 0.095734
vt 0.610965 0.095734
vt 0.635948 0.095734
vt 0.610965 0.095734
vt 0.635948 0.095734
vt 0.610904 0.095734
vt 0.610904 0.095734
vt 0.610725 0.095734
vt 0.610431 0.095734
vt 0.578388 0.095734
vt 0.578568 0.095734
vt 0.578862 0.095734
vt 0.629244 0.095734
vt 0.606835 0.095734
vt 0.607582 0.095734
vt 0.608947 0.095734
vt 0.608292 0.095734
vt 0.607582 0.095734
vt 0.580346 0.095734
vt 0.579762 0.095734
vt 0.582458 0.095734
vt 0.583224 0.095734
vt 0.606069 0.095734
vt 0.608292 0.095734
vt 0.608947 0.095734
vt 0.609531 0.095734
vt 0.610030 0.095734
vt 0.610431 0.095734
vt 0.610725 0.095734
vt 0.582458 0.095734
vt 0.581711 0.095734
vt 0.581001 0.095734
vt 0.579263 0.095734
vt 0.578862 0.095734
vt 0.578568 0.095734
vt 0.606835 0.095734
vt 0.606069 0.095734
vt 0.583224 0.095734
vt 0.539340 0.429741
vt 0.649953 0.429741
vt 0.532637 0.635351
vt 0.532637 0.453070
vt 0.532637 0.429741
vt 0.532637 0.429741
vt 0.532637 0.814811
vt 0.532637 0.728252
vt 0.532637 0.669141
vt 0.532637 0.442777
vt 0.532637 0.453070
vt 0.532637 0.549144
vt 0.532637 0.723874
vt 0.532637 0.639788
vt 0.532637 0.669141
vt 0.656656 0.814811
vt 0.656656 0.669141
vt 0.656656 0.728252
vt 0.656656 0.669141
vt 0.656656 0.723874
vt 0.656656 0.639788
vt 0.656656 0.429741
vt 0.656656 0.549144
vt 0.656656 0.453070
vt 0.656656 0.429741
vt 0.656656 0.453070
vt 0.656656 0.442777
vt 0.656656 0.635351
vt 0.464935 0.549144
vt 0.464935 0.639788
vt 0.467363 0.530444
vt 0.467363 0.464313
vt 0.466720 0.453070
vt 0.466720 0.453070
vt 0.384794 0.218597
vt 0.384794 0.234401
vt 0.384794 0.218597
vt 0.384794 0.234401
vt 0.421101 0.218597
vt 0.421101 0.234401
vt 0.421101 0.218597
vt 0.421101 0.234401
vt 0.409188 0.196524
vt 0.409188 0.186795
vt 0.409188 0.196524
vt 0.409188 0.186795
vt 0.445495 0.196524
vt 0.445495 0.186795
vt 0.445495 0.196524
vt 0.445495 0.186795
vt 0.416195 0.234401
vt 0.416195 0.234401
vt 0.425018 0.234401
vt 0.449900 0.234401
vt 0.441579 0.234401
vt 0.445495 0.234401
vt 0.449900 0.234401
vt 0.445495 0.234401
vt 0.442545 0.234401
vt 0.441579 0.234401
vt 0.425018 0.234401
vt 0.380138 0.234401
vt 0.380138 0.234401
vt 0.388711 0.234401
vt 0.413844 0.234401
vt 0.405272 0.234401
vt 0.409188 0.234401
vt 0.413844 0.234401
vt 0.409188 0.234401
vt 0.405272 0.234401
vt 0.387494 0.234401
vt 0.388711 0.234401
vt 0.467363 0.464313
vt 0.377662 0.206836
vt 0.380138 0.206836
vt 0.377662 0.206836
vt 0.413844 0.206836
vt 0.387495 0.206836
vt 0.442544 0.206836
vt 0.416195 0.206836
vt 0.442545 0.206836
vt 0.449900 0.206836
vt 0.452628 0.206836
vt 0.449900 0.206836
vt 0.452628 0.206836
vt 0.416195 0.206836
vt 0.413844 0.206836
vt 0.387494 0.206836
vt 0.380138 0.206836
vt 0.389510 0.239926
vt 0.391090 0.212316
vt 0.411175 0.212316
vt 0.372760 0.464313
vt 0.389251 0.244440
vt 0.415020 0.212316
vt 0.438949 0.212316
vt 0.457279 0.464313
vt 0.452864 0.455449
vt 0.377175 0.455449
vt 0.322442 0.453070
vt 0.322442 0.453070
vt 0.363569 0.453070
vt 0.363569 0.453070
vt 0.322442 0.669141
vt 0.322442 0.669141
vt 0.322442 0.635351
vt 0.322442 0.639788
vt 0.365354 0.639788
vt 0.322442 0.549144
vt 0.365354 0.549144
vt 0.362926 0.530444
vt 0.362926 0.464313
vt 0.098450 0.037133
vt 0.098450 0.037133
vt 0.094681 0.052647
vt 0.092355 0.062223
vt 0.089437 0.074236
vt 0.086755 0.085276
vt 0.083236 0.099759
vt 0.082416 0.103136
vt 0.082295 0.103635
vt 0.079538 0.114984
vt 0.074775 0.134592
vt 0.071646 0.147470
vt 0.072925 0.142208
vt 0.070057 0.154014
vt 0.063764 0.179916
vt 0.060870 0.191828
vt 0.062556 0.184891
vt 0.059921 0.195738
vt 0.054805 0.216795
vt 0.051847 0.228971
vt 0.050182 0.235826
vt 0.048075 0.244500
vt 0.045908 0.253420
vt 0.042852 0.266000
vt 0.037813 0.286744
vt 0.036130 0.293673
vt 0.036990 0.290131
vt 0.036130 0.293673
vt 0.036548 0.304448
vt 0.036869 0.312694
vt 0.037568 0.330673
vt 0.037666 0.333197
vt 0.046891 0.570454
vt 0.047503 0.586179
vt 0.047136 0.576755
vt 0.047503 0.586179
vt 0.046477 0.559791
vt 0.045605 0.537364
vt 0.044980 0.521300
vt 0.045346 0.530712
vt 0.044761 0.515659
vt 0.044114 0.499029
vt 0.043516 0.483632
vt 0.043198 0.475476
vt 0.042886 0.467450
vt 0.042639 0.461101
vt 0.042608 0.460294
vt 0.038136 0.345280
vt 0.038268 0.348668
vt 0.038955 0.366340
vt 0.039104 0.370183
vt 0.039670 0.384738
vt 0.040441 0.404556
vt 0.041066 0.420637
vt 0.040597 0.408582
vt 0.041166 0.423216
vt 0.042059 0.446180
vt 0.042363 0.453989
vt 0.051111 0.574870
vt 0.053796 0.566454
vt 0.059723 0.547879
vt 0.057528 0.554756
vt 0.059723 0.547879
vt 0.136144 0.784549
vt 0.139828 0.795957
vt 0.139005 0.793410
vt 0.139828 0.795957
vt 0.091811 0.647252
vt 0.086329 0.630278
vt 0.081771 0.616161
vt 0.076161 0.598786
vt 0.075829 0.597758
vt 0.074375 0.593255
vt 0.071638 0.584780
vt 0.065776 0.566627
vt 0.061281 0.552704
vt 0.133331 0.775838
vt 0.127795 0.758693
vt 0.123145 0.744293
vt 0.123706 0.746029
vt 0.122405 0.742002
vt 0.117058 0.725441
vt 0.111999 0.709773
vt 0.107230 0.695003
vt 0.107601 0.696152
vt 0.106626 0.693133
vt 0.101830 0.678282
vt 0.096454 0.661632
vt 0.090751 0.643971
vt 0.138559 0.811859
vt 0.137346 0.827066
vt 0.138201 0.816345
vt 0.136613 0.836261
vt 0.134845 0.858425
vt 0.135782 0.846673
vt 0.134845 0.858425
vt 0.040313 0.649001
vt 0.040023 0.648358
vt 0.031363 0.629174
vt 0.024405 0.613758
vt 0.020995 0.606205
vt 0.020995 0.606205
vt 0.117474 0.819942
vt 0.121301 0.828420
vt 0.118785 0.822846
vt 0.128840 0.845124
vt 0.115766 0.816159
vt 0.113615 0.811394
vt 0.106178 0.794919
vt 0.098831 0.778641
vt 0.098347 0.777570
vt 0.096735 0.773998
vt 0.091353 0.762075
vt 0.084265 0.746371
vt 0.079083 0.734892
vt 0.077803 0.732056
vt 0.076655 0.729514
vt 0.069717 0.714143
vt 0.061899 0.696823
vt 0.059016 0.690435
vt 0.059723 0.692002
vt 0.055028 0.681601
vt 0.046860 0.663505
vt 0.045004 0.659394
vt 0.040414 0.649225
vt 0.020995 0.590676
vt 0.020995 0.571741
vt 0.020995 0.549136
vt 0.020995 0.333456
vt 0.020995 0.319789
vt 0.020995 0.297438
vt 0.020995 0.282204
vt 0.020995 0.279895
vt 0.020995 0.279895
vt 0.020995 0.554124
vt 0.020995 0.543056
vt 0.020995 0.546792
vt 0.020995 0.529207
vt 0.020995 0.504671
vt 0.020995 0.500835
vt 0.020995 0.496369
vt 0.020995 0.487913
vt 0.020995 0.463480
vt 0.020995 0.447356
vt 0.020995 0.443020
vt 0.020995 0.443013
vt 0.020995 0.422665
vt 0.020995 0.407027
vt 0.020995 0.387922
vt 0.020995 0.389771
vt 0.020995 0.381780
vt 0.020995 0.366376
vt 0.020995 0.340248
vt 0.020995 0.337088
vt 0.020995 0.324933
vt 0.022914 0.273882
vt 0.094061 0.050889
vt 0.087513 0.071412
vt 0.079702 0.095893
vt 0.083454 0.084134
vt 0.075337 0.109574
vt 0.091052 0.060320
vt 0.028171 0.257404
vt 0.032228 0.244688
vt 0.037963 0.226713
vt 0.063463 0.146792
vt 0.065188 0.141384
vt 0.068275 0.131708
vt 0.067068 0.135493
vt 0.078869 0.098504
vt 0.035801 0.233489
vt 0.040944 0.217370
vt 0.040040 0.220205
vt 0.043888 0.208142
vt 0.051746 0.183514
vt 0.050544 0.187281
vt 0.053095 0.179286
vt 0.055458 0.171880
vt 0.063141 0.147801
vt 0.150684 0.813136
vt 0.150684 0.813136
vt 0.150022 0.819236
vt 0.145767 0.858425
vt 0.145767 0.858425
vt 0.217126 0.880536
vt 0.217126 0.880536
vt 0.207835 0.871112
vt 0.200583 0.863754
vt 0.159568 0.822148
vt 0.165226 0.827887
vt 0.167065 0.829753
vt 0.179321 0.842186
vt 0.183785 0.846714
vt 0.184412 0.847350
vt 0.188401 0.851397
vt 0.203678 0.866894
vt 0.207630 0.877594
vt 0.201166 0.875591
vt 0.197411 0.874427
vt 0.187078 0.871226
vt 0.176669 0.868000
vt 0.177355 0.868213
vt 0.176269 0.867877
vt 0.157526 0.862069
vt 0.154677 0.861186
vt 0.152328 0.860458
vt 0.284187 0.990355
vt 0.293494 0.992702
vt 0.290769 0.992015
vt 0.233170 0.977493
vt 0.233170 0.977493
vt 0.243427 0.980079
vt 0.258091 0.983776
vt 0.306587 0.996003
vt 0.310426 0.996971
vt 0.322442 1.000000
vt 0.288623 0.991474
vt 0.275004 0.988040
vt 0.263358 0.985104
vt 0.259240 0.984065
vt 0.255115 0.983025
vt 0.137254 0.898456
vt 0.131262 0.893518
vt 0.123914 0.887463
vt 0.125576 0.888833
vt 0.123914 0.887463
vt 0.178865 0.932744
vt 0.161804 0.918686
vt 0.160964 0.917993
vt 0.161755 0.918646
vt 0.151405 0.910117
vt 0.147487 0.906888
vt 0.140131 0.900826
vt 0.222352 0.968578
vt 0.208014 0.956764
vt 0.231954 0.976491
vt 0.204552 0.953910
vt 0.191903 0.943488
vt 0.184456 0.937351
vt 0.190289 0.942157
vt 0.176055 0.930429
vt 0.206233 0.955296
vt 0.218865 0.965705
vt 0.022956 0.661398
vt 0.013159 0.639460
vt 0.009327 0.630879
vt 0.010173 0.632773
vt 0.009327 0.630879
vt 0.118944 0.876335
vt 0.113936 0.865121
vt 0.116618 0.871127
vt 0.100978 0.836105
vt 0.108787 0.853592
vt 0.096395 0.825842
vt 0.100548 0.835143
vt 0.084952 0.800220
vt 0.092675 0.817514
vt 0.080512 0.790278
vt 0.082847 0.795505
vt 0.076570 0.781450
vt 0.069586 0.765813
vt 0.064821 0.755141
vt 0.064580 0.754602
vt 0.060481 0.745424
vt 0.054255 0.731483
vt 0.049113 0.719968
vt 0.046212 0.713472
vt 0.044421 0.709461
vt 0.038776 0.696821
vt 0.033182 0.684295
vt 0.027781 0.672201
vt 0.028400 0.673587
vt 0.023171 0.661878
vt 0.000000 0.302270
vt 0.000000 0.302270
vt 0.000415 0.316894
vt 0.000438 0.317691
vt 0.000682 0.326300
vt 0.001023 0.338310
vt 0.001470 0.354047
vt 0.001953 0.371077
vt 0.001703 0.362278
vt 0.002297 0.383217
vt 0.009112 0.623309
vt 0.008484 0.601187
vt 0.008713 0.609242
vt 0.007822 0.577850
vt 0.008350 0.596456
vt 0.007287 0.559022
vt 0.007283 0.558861
vt 0.006573 0.533856
vt 0.007068 0.551284
vt 0.005848 0.508307
vt 0.006020 0.514385
vt 0.005786 0.506128
vt 0.003228 0.415993
vt 0.002936 0.405719
vt 0.003544 0.427142
vt 0.004144 0.448262
vt 0.004506 0.461021
vt 0.004397 0.457175
vt 0.004780 0.470674
vt 0.005352 0.490838
vt 0.065813 0.075692
vt 0.075047 0.049522
vt 0.078456 0.040244
vt 0.080130 0.035550
vt 0.040044 0.154847
vt 0.047553 0.131042
vt 0.050782 0.120792
vt 0.050785 0.120795
vt 0.051729 0.117780
vt 0.052408 0.115652
vt 0.052134 0.116493
vt 0.055828 0.105219
vt 0.064664 0.079120
vt 0.065262 0.077287
vt 0.068725 0.067462
vt 0.039561 0.156472
vt 0.039125 0.157859
vt 0.035345 0.170704
vt 0.028272 0.194577
vt 0.028061 0.195448
vt 0.026792 0.199758
vt 0.023897 0.210337
vt 0.023888 0.210329
vt 0.023785 0.210742
vt 0.017124 0.234945
vt 0.017098 0.234829
vt 0.015141 0.242165
vt 0.012792 0.251430
vt 0.006527 0.275587
vt 0.004176 0.285054
vt 0.006688 0.275229
vt 0.102394 0.000000
vt 0.103334 0.016281
vt 0.103543 0.019906
vt 0.104662 0.039275
vt 0.104667 0.039357
vt 0.114150 0.203552
vt 0.114419 0.208206
vt 0.112689 0.178252
vt 0.105816 0.059257
vt 0.105727 0.057706
vt 0.107050 0.080621
vt 0.107874 0.094879
vt 0.107383 0.086382
vt 0.108387 0.103768
vt 0.109468 0.122485
vt 0.109458 0.122306
vt 0.113028 0.184119
vt 0.111922 0.164977
vt 0.111922 0.164977
vt 0.110555 0.141302
vt 0.110623 0.142481
vt 0.111490 0.157501
vt 0.108155 0.099761
vt 0.322442 0.430915
vt 0.322442 0.758728
vt 0.322442 0.683458
vt 0.322442 0.716557
vt 0.322442 0.438753
vt 0.322442 0.399633
vt 0.322442 0.399052
vt 0.322442 0.399052
vt 0.322442 0.925315
vt 0.322442 0.986715
vt 0.322442 0.952779
vt 0.322442 0.904927
vt 0.322442 0.862712
vt 0.322442 0.856557
vt 0.322442 0.799097
vt 0.322442 0.807785
vt 0.322442 0.734665
vt 0.312124 0.387580
vt 0.305513 0.380229
vt 0.314515 0.390239
vt 0.318658 0.394845
vt 0.308382 0.383419
vt 0.300470 0.374622
vt 0.294808 0.368326
vt 0.298600 0.372542
vt 0.287569 0.360277
vt 0.284103 0.356424
vt 0.274980 0.346279
vt 0.251699 0.320393
vt 0.255463 0.324579
vt 0.241263 0.308789
vt 0.212503 0.276811
vt 0.187838 0.249387
vt 0.183931 0.245042
vt 0.180385 0.241099
vt 0.180312 0.241018
vt 0.169543 0.229044
vt 0.158863 0.217169
vt 0.127380 0.613829
vt 0.119435 0.587226
vt 0.145861 0.566879
vt 0.072029 0.478210
vt 0.070599 0.444644
vt 0.099457 0.443071
vt 0.151111 0.743019
vt 0.137051 0.719180
vt 0.158294 0.686149
vt 0.053080 0.298065
vt 0.060135 0.262534
vt 0.086902 0.279716
vt 0.166432 0.824914
vt 0.148493 0.802863
vt 0.166243 0.764908
vt 0.239087 0.933425
vt 0.215847 0.920730
vt 0.225621 0.875817
vt 0.205116 0.861505
vt 0.093163 0.607454
vt 0.102136 0.637500
vt 0.043653 0.483605
vt 0.047709 0.334427
vt 0.104159 0.133048
vt 0.286983 0.949330
vt 0.262849 0.942978
vt 0.013667 0.447748
vt 0.083472 0.030098
vt 0.096994 0.008041
vt 0.054545 0.171012
vt 0.043227 0.207575
vt 0.019975 0.324686
vt 0.015952 0.365383
vt 0.013845 0.406489
vt 0.015419 0.488902
vt 0.019091 0.529693
vt 0.052333 0.684201
vt 0.079322 0.752907
vt 0.065023 0.719456
vt 0.095141 0.784345
vt 0.112380 0.813575
vt 0.150682 0.864689
vt 0.193272 0.904974
vt 0.171505 0.886255
vt 0.311339 0.952442
vt 0.312357 0.904620
vt 0.313386 0.856282
vt 0.314423 0.807542
vt 0.315467 0.758516
vt 0.138360 0.217992
vt 0.144025 0.204742
vt 0.147443 0.207610
vt 0.162322 0.245708
vt 0.154793 0.213777
vt 0.090911 0.163109
vt 0.114537 0.190437
vt 0.117818 0.182604
vt 0.133849 0.196205
vt 0.042142 0.408729
vt 0.046907 0.520636
vt 0.051964 0.557126
vt 0.075023 0.511481
vt 0.085624 0.576305
vt 0.112486 0.666255
vt 0.124149 0.693538
vt 0.098211 0.071931
vt 0.079110 0.194844
vt 0.254456 0.840771
vt 0.273836 0.848563
vt 0.268313 0.896024
vt 0.075744 0.344273
vt 0.072463 0.377466
vt 0.044055 0.371392
vt 0.120804 0.269628
vt 0.094709 0.248755
vt 0.068830 0.228055
vt 0.279406 0.800707
vt 0.262246 0.793808
vt 0.245463 0.784641
vt 0.238290 0.726107
vt 0.241303 0.728698
vt 0.229161 0.773262
vt 0.235501 0.830418
vt 0.246730 0.887347
vt 0.217089 0.817567
vt 0.199335 0.802298
vt 0.213441 0.759744
vt 0.198404 0.744170
vt 0.185346 0.844502
vt 0.182351 0.784709
vt 0.184141 0.726638
vt 0.170743 0.707257
vt 0.190490 0.671285
vt 0.190449 0.671216
vt 0.136544 0.639288
vt 0.146870 0.663445
vt 0.112759 0.559646
vt 0.107394 0.531261
vt 0.079564 0.544247
vt 0.103373 0.502249
vt 0.100722 0.472791
vt 0.129584 0.467340
vt 0.129075 0.455394
vt 0.101106 0.383590
vt 0.104012 0.354201
vt 0.108282 0.325291
vt 0.080567 0.311621
vt 0.113891 0.297041
vt 0.141038 0.314467
vt 0.141863 0.311199
vt 0.290234 0.901794
vt 0.293521 0.853744
vt 0.296835 0.805295
vt 0.300168 0.756561
vt 0.293541 0.754817
vt 0.255483 0.738596
vt 0.265283 0.743949
vt 0.270082 0.746570
vt 0.285008 0.752571
vt 0.202144 0.688143
vt 0.213159 0.701684
vt 0.214550 0.703393
vt 0.227630 0.716940
vt 0.179661 0.652925
vt 0.170763 0.635241
vt 0.152771 0.590019
vt 0.154468 0.594732
vt 0.160742 0.612164
vt 0.169724 0.633177
vt 0.141919 0.550594
vt 0.131890 0.492963
vt 0.133392 0.503803
vt 0.135387 0.518199
vt 0.140054 0.542889
vt 0.128483 0.441489
vt 0.070744 0.410993
vt 0.099585 0.413276
vt 0.128595 0.415572
vt 0.129063 0.406438
vt 0.136159 0.339040
vt 0.133356 0.358016
vt 0.132445 0.364187
vt 0.129918 0.389750
vt 0.147051 0.290623
vt 0.103940 0.218933
vt 0.128977 0.243223
vt 0.154161 0.267655
vt 0.154395 0.267024
vt 0.113578 0.860371
vt 0.230506 0.964577
vt 0.223797 0.960775
vt 0.309134 0.986260
vt 0.289097 0.983515
vt 0.282607 0.982626
vt 0.256066 0.975268
vt 0.256340 0.975383
vt 0.162526 0.916291
vt 0.180807 0.932584
vt 0.192520 0.941055
vt 0.205273 0.950279
vt 0.157268 0.911605
vt 0.134809 0.887482
vt 0.134133 0.886618
vt 0.009777 0.603997
vt 0.015391 0.629409
vt 0.019082 0.646118
vt 0.003621 0.293569
vt 0.143320 0.404256
vt 0.142871 0.420245
vt 0.224736 0.425108
vt 0.242442 0.506162
vt 0.236651 0.510114
vt 0.240238 0.518707
vt 0.277119 0.436788
vt 0.278949 0.433853
vt 0.261739 0.461372
vt 0.269422 0.449133
vt 0.226237 0.460312
vt 0.259869 0.464351
vt 0.228647 0.477510
vt 0.247711 0.483599
vt 0.232132 0.494174
vt 0.245904 0.486460
vt 0.232682 0.561105
vt 0.174888 0.604094
vt 0.178247 0.612391
vt 0.232843 0.562222
vt 0.238277 0.529866
vt 0.238309 0.529684
vt 0.170036 0.592111
vt 0.164752 0.576484
vt 0.162822 0.570776
vt 0.186615 0.629845
vt 0.187402 0.631484
vt 0.236564 0.587929
vt 0.197440 0.649265
vt 0.200016 0.653145
vt 0.239334 0.607070
vt 0.208296 0.665617
vt 0.240615 0.616157
vt 0.214800 0.673923
vt 0.243684 0.637917
vt 0.219899 0.680433
vt 0.247546 0.644624
vt 0.230747 0.692086
vt 0.232173 0.693617
vt 0.259348 0.665120
vt 0.300672 0.732431
vt 0.304952 0.708408
vt 0.286316 0.728472
vt 0.287753 0.700394
vt 0.284249 0.727607
vt 0.287255 0.700162
vt 0.272198 0.722566
vt 0.276571 0.695316
vt 0.265721 0.718896
vt 0.272057 0.687375
vt 0.258408 0.714753
vt 0.263849 0.672936
vt 0.247805 0.707084
vt 0.245037 0.705082
vt 0.315169 0.734417
vt 0.303233 0.732782
vt 0.267062 0.378319
vt 0.239296 0.347403
vt 0.234988 0.357090
vt 0.238462 0.346475
vt 0.214819 0.320151
vt 0.230818 0.373299
vt 0.300895 0.416285
vt 0.293314 0.407679
vt 0.292168 0.406379
vt 0.285959 0.399440
vt 0.275311 0.387538
vt 0.290346 0.429307
vt 0.292774 0.428338
vt 0.225663 0.407504
vt 0.298043 0.426209
vt 0.304073 0.423773
vt 0.156652 0.548525
vt 0.147601 0.501867
vt 0.150065 0.516551
vt 0.151568 0.525506
vt 0.156370 0.547246
vt 0.145619 0.484943
vt 0.142631 0.428799
vt 0.143105 0.452733
vt 0.224928 0.442778
vt 0.143118 0.453355
vt 0.144778 0.477764
vt 0.270749 0.447006
vt 0.144571 0.387884
vt 0.227698 0.390168
vt 0.148203 0.355854
vt 0.145182 0.379888
vt 0.306594 0.422754
vt 0.152365 0.332311
vt 0.169875 0.270154
vt 0.163991 0.287311
vt 0.161714 0.295233
vt 0.157639 0.309413
vt 0.154043 0.325024
vt 0.071684 0.071744
vt 0.061360 0.092673
vt 0.089150 0.039612
vt 0.078398 0.058134
vt 0.097032 0.026035
vt 0.240662 0.905622
vt 0.191461 0.872584
vt 0.196454 0.877163
vt 0.197226 0.874370
vt 0.046372 0.251510
vt 0.042245 0.268499
vt 0.045615 0.270422
vt 0.048638 0.582622
vt 0.047387 0.583212
vt 0.047503 0.586179
vt 0.113345 0.713943
vt 0.119393 0.732673
vt 0.130475 0.716035
vt 0.168288 0.268082
vt 0.312103 0.862359
vt 0.020995 0.597838
vt 0.020995 0.578941
vt 0.020995 0.553363
vt 0.020995 0.533901
vt 0.020995 0.510484
vt 0.020995 0.488542
vt 0.020995 0.468674
vt 0.020995 0.442891
vt 0.020995 0.427366
vt 0.020995 0.416760
vt 0.020995 0.386010
vt 0.020995 0.370920
vt 0.020995 0.344055
vt 0.020995 0.325274
vt 0.020995 0.300925
vt 0.039381 0.222269
vt 0.034590 0.237285
vt 0.027363 0.259937
vt 0.020995 0.279895
vt 0.063081 0.147988
vt 0.060144 0.157194
vt 0.051234 0.185119
vt 0.047358 0.197266
vt 0.075078 0.110388
vt 0.072937 0.117098
vt 0.087390 0.071797
vt 0.098450 0.037133
vt 0.096839 0.043763
vt 0.089332 0.074668
vt 0.105358 0.099316
vt 0.090202 0.130039
vt 0.076567 0.162731
vt 0.166400 0.265984
vt 0.145750 0.243033
vt 0.130380 0.256849
vt 0.138104 0.234534
vt 0.133679 0.229615
vt 0.107700 0.196689
vt 0.097196 0.226774
vt 0.125838 0.220900
vt 0.085718 0.077038
vt 0.034148 0.635343
vt 0.020995 0.606205
vt 0.148974 0.828890
vt 0.138092 0.817714
vt 0.146312 0.853405
vt 0.134845 0.858425
vt 0.145767 0.858425
vt 0.037342 0.642418
vt 0.049708 0.669814
vt 0.053715 0.678692
vt 0.064836 0.703330
vt 0.070078 0.714941
vt 0.079744 0.736356
vt 0.086417 0.751139
vt 0.094626 0.769326
vt 0.102720 0.787256
vt 0.109678 0.802671
vt 0.118975 0.823269
vt 0.125102 0.836841
vt 0.176671 0.785618
vt 0.160177 0.764556
vt 0.150684 0.813136
vt 0.138817 0.808624
vt 0.138296 0.815156
vt 0.144745 0.741311
vt 0.126625 0.755070
vt 0.130363 0.766645
vt 0.139828 0.795957
vt 0.108806 0.699884
vt 0.117461 0.688893
vt 0.100045 0.672753
vt 0.105789 0.660063
vt 0.098457 0.667836
vt 0.095534 0.629735
vt 0.088221 0.636136
vt 0.079535 0.565381
vt 0.073493 0.590525
vt 0.086763 0.598105
vt 0.077942 0.604302
vt 0.086756 0.631599
vt 0.045831 0.543192
vt 0.073896 0.531777
vt 0.059723 0.547879
vt 0.067487 0.571925
vt 0.069883 0.497514
vt 0.044319 0.504290
vt 0.045708 0.540013
vt 0.066831 0.427907
vt 0.042128 0.447935
vt 0.067523 0.462814
vt 0.042826 0.465909
vt 0.043916 0.493919
vt 0.067811 0.393018
vt 0.040345 0.402102
vt 0.041336 0.427567
vt 0.070457 0.358378
vt 0.038571 0.356456
vt 0.039828 0.388783
vt 0.074752 0.324212
vt 0.037221 0.321736
vt 0.038282 0.349045
vt 0.038842 0.308742
vt 0.036679 0.307795
vt 0.036804 0.311026
vt 0.036130 0.293673
vt 0.051346 0.231036
vt 0.054200 0.233153
vt 0.056573 0.209517
vt 0.064539 0.197177
vt 0.060479 0.193440
vt 0.066726 0.167722
vt 0.069764 0.155218
vt 0.076825 0.126150
vt 0.079332 0.115832
vt 0.086865 0.084824
vt 0.212407 0.820658
vt 0.200339 0.863506
vt 0.231414 0.834405
vt 0.217126 0.880536
vt 0.251018 0.845513
vt 0.218217 0.892904
vt 0.198456 0.874751
vt 0.161031 0.823632
vt 0.169962 0.832692
vt 0.194119 0.804359
vt 0.180660 0.843545
vt 0.193560 0.856630
vt 0.296054 0.796389
vt 0.278654 0.791591
vt 0.261540 0.784433
vt 0.244825 0.774961
vt 0.228618 0.763239
vt 0.213024 0.749342
vt 0.198147 0.733362
vt 0.184083 0.715402
vt 0.170924 0.695582
vt 0.158756 0.674029
vt 0.147660 0.650886
vt 0.137707 0.626304
vt 0.128963 0.600443
vt 0.121485 0.573473
vt 0.115321 0.545571
vt 0.110513 0.516918
vt 0.107092 0.487702
vt 0.105079 0.458115
vt 0.104489 0.428350
vt 0.105325 0.398601
vt 0.107581 0.369064
vt 0.111243 0.339932
vt 0.116287 0.311395
vt 0.122680 0.283640
vt 0.088165 0.258194
vt 0.080668 0.290745
vt 0.310604 0.924910
vt 0.287008 0.921678
vt 0.263643 0.915235
vt 0.291494 0.859536
vt 0.313626 0.798796
vt 0.271088 0.853908
vt 0.172665 0.866760
vt 0.171971 0.866545
vt 0.146622 0.858690
vt 0.244914 0.561105
vt 0.255928 0.496236
vt 0.255928 0.625975
vt 0.284995 0.451544
vt 0.284995 0.670667
vt 0.077991 0.121352
vt 0.079519 0.115063
vt 0.088254 0.079106
vt 0.089402 0.074381
vt 0.098450 0.037133
vt 0.036130 0.293673
vt 0.042854 0.265992
vt 0.046936 0.249188
vt 0.051847 0.228973
vt 0.057315 0.206465
vt 0.060877 0.191801
vt 0.067673 0.163824
vt 0.070059 0.154004
vt 0.036544 0.304345
vt 0.047503 0.586179
vt 0.037594 0.331342
vt 0.037926 0.339871
vt 0.038141 0.345400
vt 0.039674 0.384841
vt 0.039729 0.386241
vt 0.041166 0.423197
vt 0.041531 0.432602
vt 0.042639 0.461102
vt 0.043332 0.478917
vt 0.044113 0.499010
vt 0.045130 0.525145
vt 0.045605 0.537379
vt 0.046922 0.571253
vt 0.047133 0.576657
vt 0.059723 0.547879
vt 0.051110 0.574874
vt 0.086258 0.630057
vt 0.076158 0.598778
vt 0.073004 0.589009
vt 0.065783 0.566647
vt 0.139828 0.795957
vt 0.139003 0.793403
vt 0.127767 0.758605
vt 0.125751 0.752363
vt 0.117036 0.725373
vt 0.112642 0.711766
vt 0.106642 0.693184
vt 0.099475 0.670987
vt 0.096448 0.661615
vt 0.134845 0.858425
vt 0.136510 0.837545
vt 0.138565 0.811780
vt 0.020995 0.606205
vt 0.031392 0.629238
vt 0.036564 0.640695
vt 0.046871 0.663531
vt 0.052837 0.676748
vt 0.061891 0.696804
vt 0.069168 0.712926
vt 0.076653 0.729510
vt 0.085545 0.749206
vt 0.091350 0.762067
vt 0.101957 0.785567
vt 0.106165 0.794889
vt 0.118394 0.821981
vt 0.121293 0.828404
vt 0.020995 0.590622
vt 0.020995 0.560827
vt 0.020995 0.546865
vt 0.020995 0.515150
vt 0.020995 0.504671
vt 0.020995 0.469231
vt 0.020995 0.463445
vt 0.020995 0.443075
vt 0.020995 0.422668
vt 0.020995 0.397029
vt 0.020995 0.381764
vt 0.020995 0.351219
vt 0.020995 0.340238
vt 0.020995 0.305673
vt 0.020995 0.297563
vt 0.020995 0.279895
vt 0.028177 0.257385
vt 0.033839 0.239639
vt 0.040036 0.220217
vt 0.046663 0.199446
vt 0.051746 0.183513
vt 0.059458 0.159343
vt 0.063458 0.146805
vt 0.072217 0.119355
vt 0.075322 0.109622
vt 0.084931 0.079506
vt 0.087500 0.071454
vt 0.145767 0.858425
vt 0.150684 0.813136
vt 0.167069 0.829757
vt 0.174324 0.837117
vt 0.183786 0.846715
vt 0.197939 0.861073
vt 0.200551 0.863722
vt 0.217126 0.880536
vt 0.176569 0.867969
vt 0.197450 0.874439
vt 0.190600 0.872317
vt 0.164251 0.864153
vt 0.154758 0.861211
vt 0.031955 0.462255
vt 0.035865 0.344774
vt 0.032707 0.383716
vt 0.031401 0.422960
vt 0.034365 0.501350
vt 0.038616 0.539994
vt 0.044681 0.577941
vt 0.052520 0.614949
vt 0.073313 0.685208
vt 0.062085 0.650781
vt 0.086133 0.718010
vt 0.100463 0.748977
vt 0.116212 0.777912
vt 0.133278 0.804629
vt 0.035939 0.344797
vt 0.100521 0.748895
vt 0.032782 0.383729
vt 0.031477 0.422963
vt 0.032030 0.462247
vt 0.034440 0.501332
vt 0.038689 0.539966
vt 0.052590 0.614902
vt 0.044753 0.577903
vt 0.062152 0.650724
vt 0.073377 0.685142
vt 0.086194 0.717936
vt 0.116265 0.777822
vt 0.133327 0.804533
vt 0.362926 0.464313
vt 0.455924 0.554646
vt 0.374366 0.554646
vt 0.374366 0.665579
vt 0.455924 0.665579
vt 0.371136 0.693356
vt 0.459154 0.693356
vt 0.459154 0.693356
vt 0.455924 0.665579
vt 0.371136 0.693356
vt 0.374366 0.665579
vt 0.371881 0.468976
vt 0.458395 0.470029
vt 0.466812 0.454688
vt 0.363414 0.455781
vt 0.415020 0.213300
vt 0.438949 0.213300
vt 0.452864 0.456432
vt 0.377175 0.456432
vt 0.389251 0.245424
vt 0.411175 0.213300
vt 0.389510 0.240910
vt 0.391090 0.213300
vt 0.384794 0.186795
vt 0.387640 0.179270
vt 0.384794 0.196524
vt 0.388711 0.179270
vt 0.386217 0.201073
vt 0.386217 0.213711
vt 0.384794 0.186795
vt 0.384794 0.196524
vt 0.388711 0.179270
vt 0.387640 0.179270
vt 0.386217 0.213711
vt 0.386217 0.201073
vt 0.405272 0.179270
vt 0.409188 0.218597
vt 0.406342 0.179270
vt 0.407765 0.201073
vt 0.407765 0.213711
vt 0.409188 0.218597
vt 0.405272 0.179270
vt 0.406342 0.179270
vt 0.407765 0.213711
vt 0.407765 0.201073
vt 0.395551 0.179270
vt 0.394886 0.179270
vt 0.393034 0.179270
vt 0.392844 0.179270
vt 0.392780 0.179270
vt 0.392844 0.179270
vt 0.395551 0.179270
vt 0.394886 0.179270
vt 0.394284 0.179270
vt 0.398432 0.179270
vt 0.399097 0.179270
vt 0.393034 0.179270
vt 0.393344 0.179270
vt 0.393765 0.179270
vt 0.396260 0.179270
vt 0.396991 0.179270
vt 0.397723 0.179270
vt 0.400217 0.179270
vt 0.399698 0.179270
vt 0.399097 0.179270
vt 0.398432 0.179270
vt 0.397723 0.179270
vt 0.396991 0.179270
vt 0.396260 0.179270
vt 0.394284 0.179270
vt 0.393765 0.179270
vt 0.393344 0.179270
vt 0.399698 0.179270
vt 0.400217 0.179270
vt 0.400638 0.179270
vt 0.400948 0.179270
vt 0.400638 0.179270
vt 0.400948 0.179270
vt 0.401138 0.179270
vt 0.401202 0.179270
vt 0.401138 0.179270
vt 0.421101 0.186795
vt 0.423947 0.179270
vt 0.421101 0.196524
vt 0.425018 0.179270
vt 0.422524 0.201073
vt 0.422524 0.213711
vt 0.421101 0.186795
vt 0.421101 0.196524
vt 0.425018 0.179270
vt 0.423947 0.179270
vt 0.422524 0.213711
vt 0.422524 0.201073
vt 0.441579 0.179270
vt 0.445495 0.218597
vt 0.442649 0.179270
vt 0.444072 0.201073
vt 0.444072 0.213711
vt 0.445495 0.218597
vt 0.441579 0.179270
vt 0.442649 0.179270
vt 0.444072 0.213711
vt 0.444072 0.201073
vt 0.431858 0.179270
vt 0.431193 0.179270
vt 0.429151 0.179270
vt 0.429087 0.179270
vt 0.429151 0.179270
vt 0.429341 0.179270
vt 0.431858 0.179270
vt 0.431193 0.179270
vt 0.430591 0.179270
vt 0.429341 0.179270
vt 0.429651 0.179270
vt 0.430072 0.179270
vt 0.434738 0.179270
vt 0.435404 0.179270
vt 0.430591 0.179270
vt 0.430072 0.179270
vt 0.429651 0.179270
vt 0.432567 0.179270
vt 0.433298 0.179270
vt 0.434029 0.179270
vt 0.436005 0.179270
vt 0.436524 0.179270
vt 0.436945 0.179270
vt 0.437255 0.179270
vt 0.436524 0.179270
vt 0.436945 0.179270
vt 0.437255 0.179270
vt 0.436005 0.179270
vt 0.435404 0.179270
vt 0.434738 0.179270
vt 0.437445 0.179270
vt 0.437509 0.179270
vt 0.437445 0.179270
vt 0.434029 0.179270
vt 0.433298 0.179270
vt 0.432567 0.179270
vt 0.429151 0.195809
vt 0.429087 0.195809
vt 0.429151 0.195809
vt 0.429341 0.195809
vt 0.429651 0.195809
vt 0.430072 0.195809
vt 0.430591 0.195809
vt 0.431193 0.195809
vt 0.431858 0.195809
vt 0.432567 0.195809
vt 0.433298 0.195809
vt 0.434029 0.195809
vt 0.434738 0.195809
vt 0.435404 0.195809
vt 0.436005 0.195809
vt 0.436524 0.195809
vt 0.436945 0.195809
vt 0.437255 0.195809
vt 0.437445 0.195809
vt 0.437509 0.195809
vt 0.437445 0.195809
vt 0.437255 0.195809
vt 0.436945 0.195809
vt 0.436524 0.195809
vt 0.436005 0.195809
vt 0.435404 0.195809
vt 0.434738 0.195809
vt 0.434029 0.195809
vt 0.433298 0.195809
vt 0.432567 0.195809
vt 0.431858 0.195809
vt 0.431193 0.195809
vt 0.430591 0.195809
vt 0.430072 0.195809
vt 0.429651 0.195809
vt 0.429341 0.195809
vt 0.392844 0.195809
vt 0.392780 0.195809
vt 0.392844 0.195809
vt 0.393034 0.195809
vt 0.393344 0.195809
vt 0.393765 0.195809
vt 0.394284 0.195809
vt 0.394886 0.195809
vt 0.395551 0.195809
vt 0.396260 0.195809
vt 0.396991 0.195809
vt 0.397723 0.195809
vt 0.398432 0.195809
vt 0.399097 0.195809
vt 0.399698 0.195809
vt 0.400217 0.195809
vt 0.400638 0.195809
vt 0.400948 0.195809
vt 0.401138 0.195809
vt 0.401202 0.195809
vt 0.401138 0.195809
vt 0.400948 0.195809
vt 0.400638 0.195809
vt 0.400217 0.195809
vt 0.399698 0.195809
vt 0.399097 0.195809
vt 0.398432 0.195809
vt 0.397723 0.195809
vt 0.396991 0.195809
vt 0.396260 0.195809
vt 0.395551 0.195809
vt 0.394886 0.195809
vt 0.394284 0.195809
vt 0.393765 0.195809
vt 0.393344 0.195809
vt 0.393034 0.195809
vt 0.548695 0.814811
vt 0.640598 0.814811
vt 0.640264 0.696183
vt 0.549029 0.696183
vt 0.640598 0.449645
vt 0.548695 0.449645
vt 0.644418 0.443191
vt 0.544874 0.443191
vt 0.954870 0.525145
vt 0.954395 0.537379
vt 0.961384 0.539994
vt 0.914455 0.749206
vt 0.923347 0.729510
vt 0.913867 0.718010
vt 0.979005 0.515150
vt 0.979005 0.504671
vt 0.965635 0.501350
vt 0.979005 0.397029
vt 0.979005 0.381764
vt 0.967293 0.383716
vt 0.901550 0.037133
vt 0.910598 0.074381
vt 0.912501 0.071454
vt 0.915069 0.079506
vt 0.911746 0.079106
vt 0.924678 0.109622
vt 0.920481 0.115063
vt 0.927783 0.119355
vt 0.922009 0.121352
vt 0.936542 0.146805
vt 0.929941 0.154004
vt 0.940542 0.159343
vt 0.932327 0.163824
vt 0.948253 0.183513
vt 0.939123 0.191801
vt 0.953337 0.199446
vt 0.942685 0.206465
vt 0.959964 0.220217
vt 0.948153 0.228973
vt 0.966161 0.239639
vt 0.953064 0.249188
vt 0.971823 0.257385
vt 0.957146 0.265992
vt 0.979005 0.279895
vt 0.963871 0.293673
vt 0.979005 0.297563
vt 0.963456 0.304345
vt 0.979005 0.305673
vt 0.962406 0.331342
vt 0.979005 0.340238
vt 0.964135 0.344774
vt 0.979005 0.351219
vt 0.979005 0.422668
vt 0.968599 0.422960
vt 0.979005 0.443075
vt 0.968045 0.462255
vt 0.979005 0.463445
vt 0.979005 0.469231
vt 0.979005 0.546865
vt 0.979005 0.560827
vt 0.955319 0.577941
vt 0.979005 0.590622
vt 0.947480 0.614949
vt 0.968608 0.629238
vt 0.979005 0.606205
vt 0.937915 0.650781
vt 0.953129 0.663531
vt 0.963436 0.640695
vt 0.926687 0.685208
vt 0.930832 0.712926
vt 0.938109 0.696804
vt 0.947163 0.676748
vt 0.898043 0.785567
vt 0.908650 0.762067
vt 0.899537 0.748977
vt 0.893835 0.794889
vt 0.883788 0.777912
vt 0.881606 0.821981
vt 0.866722 0.804629
vt 0.878707 0.828404
vt 0.863490 0.837545
vt 0.865156 0.858425
vt 0.860997 0.793403
vt 0.860172 0.795957
vt 0.861435 0.811780
vt 0.874249 0.752363
vt 0.872233 0.758605
vt 0.882964 0.725373
vt 0.887358 0.711766
vt 0.926996 0.589009
vt 0.923842 0.598778
vt 0.913742 0.630057
vt 0.903552 0.661615
vt 0.900525 0.670987
vt 0.893358 0.693184
vt 0.952868 0.576657
vt 0.952497 0.586179
vt 0.940277 0.547879
vt 0.934217 0.566647
vt 0.948890 0.574874
vt 0.953078 0.571253
vt 0.955886 0.499010
vt 0.956668 0.478917
vt 0.957361 0.461102
vt 0.958469 0.432602
vt 0.958834 0.423197
vt 0.960271 0.386241
vt 0.960326 0.384841
vt 0.961859 0.345400
vt 0.962074 0.339871
vt 0.802550 0.874439
vt 0.799449 0.863722
vt 0.782874 0.880536
vt 0.854233 0.858425
vt 0.849316 0.813136
vt 0.832931 0.829757
vt 0.802060 0.861073
vt 0.809400 0.872317
vt 0.816214 0.846715
vt 0.823431 0.867969
vt 0.825676 0.837117
vt 0.835749 0.864153
vt 0.845242 0.861211
vt 0.905319 0.052647
vt 0.901550 0.037133
vt 0.912487 0.071412
vt 0.882526 0.819942
vt 0.878699 0.828420
vt 0.866673 0.804533
vt 0.948889 0.574870
vt 0.934223 0.566627
vt 0.940277 0.547879
vt 0.964061 0.344797
vt 0.962334 0.333197
vt 0.979005 0.333456
vt 0.963131 0.312694
vt 0.979005 0.297438
vt 0.963452 0.304448
vt 0.963871 0.293673
vt 0.967218 0.383729
vt 0.961045 0.366340
vt 0.961864 0.345280
vt 0.967970 0.462247
vt 0.958834 0.423216
vt 0.968523 0.422963
vt 0.958934 0.420637
vt 0.960330 0.384738
vt 0.955886 0.499029
vt 0.956801 0.475476
vt 0.957361 0.461101
vt 0.952497 0.586179
vt 0.952864 0.576755
vt 0.955248 0.577903
vt 0.954395 0.537364
vt 0.961311 0.539966
vt 0.954654 0.530712
vt 0.965560 0.501332
vt 0.947410 0.614902
vt 0.925625 0.593255
vt 0.923839 0.598786
vt 0.937848 0.650724
vt 0.913671 0.630278
vt 0.909249 0.643971
vt 0.926623 0.685142
vt 0.903546 0.661632
vt 0.913806 0.717936
vt 0.893374 0.693133
vt 0.892770 0.695003
vt 0.899479 0.748895
vt 0.882942 0.725441
vt 0.876294 0.746029
vt 0.883735 0.777822
vt 0.872205 0.758693
vt 0.860995 0.793410
vt 0.860172 0.795957
vt 0.861441 0.811859
vt 0.861799 0.816345
vt 0.865156 0.858425
vt 0.893822 0.794919
vt 0.940277 0.692002
vt 0.938101 0.696823
vt 0.923345 0.729514
vt 0.920917 0.734892
vt 0.908647 0.762075
vt 0.901653 0.777570
vt 0.953140 0.663505
vt 0.959687 0.649001
vt 0.968637 0.629174
vt 0.979005 0.606205
vt 0.979005 0.496369
vt 0.979005 0.504671
vt 0.979005 0.546792
vt 0.979005 0.549136
vt 0.979005 0.590676
vt 0.979005 0.463480
vt 0.979005 0.340248
vt 0.979005 0.381780
vt 0.979005 0.387922
vt 0.979005 0.422665
vt 0.979005 0.443020
vt 0.979005 0.279895
vt 0.977086 0.273882
vt 0.971829 0.257404
vt 0.957148 0.266000
vt 0.962037 0.226713
vt 0.951925 0.244500
vt 0.959960 0.220205
vt 0.948152 0.228971
vt 0.940079 0.195738
vt 0.948254 0.183514
vt 0.939130 0.191828
vt 0.946905 0.179286
vt 0.936537 0.146792
vt 0.929943 0.154014
vt 0.931725 0.131708
vt 0.928354 0.147470
vt 0.924663 0.109574
vt 0.920462 0.114984
vt 0.916546 0.084134
vt 0.916764 0.099759
vt 0.910563 0.074236
vt 0.849316 0.813136
vt 0.854233 0.858425
vt 0.840432 0.822148
vt 0.845323 0.861186
vt 0.832935 0.829753
vt 0.816215 0.846714
vt 0.823731 0.867877
vt 0.823331 0.868000
vt 0.811599 0.851397
vt 0.802589 0.874427
vt 0.799417 0.863754
vt 0.792370 0.877594
vt 0.782874 0.880536
vt 0.715005 0.670667
vt 0.723429 0.695316
vt 0.727943 0.687375
vt 0.736151 0.672936
vt 0.740652 0.665120
vt 0.744072 0.625975
vt 0.752454 0.644624
vt 0.756316 0.637917
vt 0.759385 0.616157
vt 0.760666 0.607070
vt 0.763436 0.587929
vt 0.755086 0.561105
vt 0.767157 0.562222
vt 0.767318 0.561105
vt 0.757558 0.506162
vt 0.754096 0.486460
vt 0.744072 0.496236
vt 0.761723 0.529866
vt 0.759762 0.518707
vt 0.761691 0.529684
vt 0.752289 0.483599
vt 0.721051 0.433853
vt 0.715005 0.451544
vt 0.722881 0.436788
vt 0.729251 0.447006
vt 0.740131 0.464351
vt 0.738261 0.461372
vt 0.730578 0.449133
vt 0.999585 0.316894
vt 1.000000 0.302270
vt 0.996379 0.293569
vt 0.993473 0.275587
vt 0.991650 0.596456
vt 0.990222 0.603997
vt 0.991516 0.601187
vt 0.990673 0.630879
vt 0.989827 0.632773
vt 0.984609 0.629409
vt 0.986841 0.639460
vt 0.980918 0.646118
vt 0.976829 0.661878
vt 0.963871 0.293673
vt 0.952613 0.583212
vt 0.952497 0.586179
vt 0.963322 0.307795
vt 0.963196 0.311026
vt 0.962779 0.321736
vt 0.954169 0.543192
vt 0.954292 0.540013
vt 0.955681 0.504290
vt 0.956084 0.493919
vt 0.957174 0.465909
vt 0.957873 0.447935
vt 0.958665 0.427567
vt 0.959654 0.402102
vt 0.960172 0.388783
vt 0.961429 0.356456
vt 0.961717 0.349045
vt 0.940277 0.547879
vt 0.951362 0.582622
vt 0.932513 0.571925
vt 0.926507 0.590525
vt 0.922058 0.604302
vt 0.913244 0.631599
vt 0.911779 0.636136
vt 0.901543 0.667836
vt 0.899955 0.672753
vt 0.891195 0.699884
vt 0.886655 0.713943
vt 0.880607 0.732673
vt 0.873375 0.755070
vt 0.869637 0.766645
vt 0.860172 0.795957
vt 0.865156 0.858425
vt 0.861908 0.817714
vt 0.861704 0.815156
vt 0.861183 0.808624
vt 0.874898 0.836841
vt 0.881025 0.823269
vt 0.890322 0.802671
vt 0.897280 0.787256
vt 0.905374 0.769326
vt 0.913583 0.751139
vt 0.920256 0.736356
vt 0.929922 0.714941
vt 0.935164 0.703330
vt 0.946285 0.678692
vt 0.950292 0.669814
vt 0.962659 0.642418
vt 0.965852 0.635343
vt 0.979005 0.606205
vt 0.979005 0.300925
vt 0.979005 0.279895
vt 0.979005 0.442891
vt 0.979005 0.468674
vt 0.979005 0.488542
vt 0.979005 0.510484
vt 0.979005 0.533901
vt 0.979005 0.553363
vt 0.979005 0.578941
vt 0.979005 0.597838
vt 0.979005 0.427366
vt 0.979005 0.416760
vt 0.979005 0.386010
vt 0.979005 0.370920
vt 0.979005 0.344055
vt 0.979005 0.325274
vt 0.901550 0.037133
vt 0.912610 0.071797
vt 0.914282 0.077038
vt 0.924922 0.110388
vt 0.927063 0.117098
vt 0.936919 0.147988
vt 0.939856 0.157194
vt 0.948766 0.185119
vt 0.952642 0.197266
vt 0.960619 0.222269
vt 0.965410 0.237285
vt 0.972637 0.259937
vt 0.957755 0.268499
vt 0.953628 0.251510
vt 0.948654 0.231036
vt 0.943427 0.209517
vt 0.939521 0.193440
vt 0.933274 0.167722
vt 0.930236 0.155218
vt 0.923175 0.126150
vt 0.920668 0.115832
vt 0.913135 0.084824
vt 0.910668 0.074668
vt 0.903161 0.043763
vt 0.849316 0.813136
vt 0.838969 0.823632
vt 0.830038 0.832692
vt 0.819340 0.843545
vt 0.806441 0.856630
vt 0.799661 0.863506
vt 0.782874 0.880536
vt 0.853378 0.858690
vt 0.854233 0.858425
vt 0.801544 0.874751
vt 0.802774 0.874370
vt 0.808539 0.872584
vt 0.828029 0.866545
vt 0.827335 0.866760
vt 0.853688 0.853405
vt 0.851026 0.828890
vt 0.715813 0.990355
vt 0.711378 0.991474
vt 0.706506 0.992702
vt 0.709231 0.992015
vt 0.689574 0.996971
vt 0.693413 0.996003
vt 0.677558 1.000000
vt 0.766830 0.977493
vt 0.766830 0.977493
vt 0.756573 0.980079
vt 0.741909 0.983776
vt 0.744885 0.983025
vt 0.736642 0.985104
vt 0.740760 0.984065
vt 0.724996 0.988040
vt 0.876087 0.887463
vt 0.876087 0.887463
vt 0.874424 0.888833
vt 0.862746 0.898456
vt 0.868738 0.893518
vt 0.859869 0.900826
vt 0.848595 0.910117
vt 0.852513 0.906888
vt 0.839036 0.917993
vt 0.791986 0.956764
vt 0.777648 0.968578
vt 0.768046 0.976491
vt 0.815544 0.937351
vt 0.808097 0.943488
vt 0.793767 0.955296
vt 0.795448 0.953910
vt 0.781135 0.965705
vt 0.838245 0.918646
vt 0.838196 0.918686
vt 0.821135 0.932744
vt 0.823945 0.930429
vt 0.809711 0.942157
vt 0.886064 0.865121
vt 0.945745 0.731483
vt 0.953788 0.713472
vt 0.950887 0.719968
vt 0.990673 0.630879
vt 0.977043 0.661398
vt 0.930414 0.765813
vt 0.935420 0.754602
vt 0.935179 0.755141
vt 0.972219 0.672201
vt 0.971600 0.673587
vt 0.961224 0.696821
vt 0.966818 0.684295
vt 0.955579 0.709461
vt 0.917153 0.795505
vt 0.881056 0.876335
vt 0.883382 0.871127
vt 0.891213 0.853592
vt 0.899022 0.836105
vt 0.903605 0.825842
vt 0.899452 0.835143
vt 0.907325 0.817514
vt 0.915048 0.800220
vt 0.919488 0.790278
vt 0.923430 0.781450
vt 0.939519 0.745424
vt 0.999562 0.317691
vt 1.000000 0.302270
vt 0.999318 0.326300
vt 0.998531 0.354047
vt 0.998977 0.338310
vt 0.998297 0.362278
vt 0.998047 0.371077
vt 0.997703 0.383217
vt 0.997064 0.405719
vt 0.996772 0.415993
vt 0.995856 0.448262
vt 0.990888 0.623309
vt 0.991287 0.609242
vt 0.992178 0.577850
vt 0.992717 0.558861
vt 0.992713 0.559022
vt 0.992932 0.551284
vt 0.993427 0.533856
vt 0.993980 0.514385
vt 0.994152 0.508307
vt 0.994214 0.506128
vt 0.994648 0.490838
vt 0.995220 0.470674
vt 0.995603 0.457175
vt 0.995494 0.461021
vt 0.996456 0.427142
vt 0.947866 0.116493
vt 0.935336 0.079120
vt 0.934738 0.077287
vt 0.934187 0.075692
vt 0.931275 0.067462
vt 0.924953 0.049522
vt 0.921544 0.040244
vt 0.919870 0.035550
vt 0.944172 0.105219
vt 0.947592 0.115652
vt 0.948271 0.117780
vt 0.949215 0.120795
vt 0.949218 0.120792
vt 0.952447 0.131042
vt 0.960439 0.156472
vt 0.959956 0.154847
vt 0.960875 0.157859
vt 0.964655 0.170704
vt 0.971939 0.195448
vt 0.971728 0.194577
vt 0.973208 0.199758
vt 0.976113 0.210329
vt 0.976103 0.210337
vt 0.976215 0.210742
vt 0.982876 0.234945
vt 0.982902 0.234829
vt 0.984859 0.242165
vt 0.987208 0.251430
vt 0.993312 0.275229
vt 0.995824 0.285054
vt 0.897606 0.000000
vt 0.896666 0.016281
vt 0.903006 0.008041
vt 0.902968 0.026035
vt 0.916528 0.030098
vt 0.910850 0.039612
vt 0.921602 0.058134
vt 0.928316 0.071744
vt 0.938640 0.092673
vt 0.896457 0.019906
vt 0.895338 0.039275
vt 0.895333 0.039357
vt 0.894273 0.057706
vt 0.894184 0.059257
vt 0.892127 0.094879
vt 0.885581 0.208206
vt 0.885850 0.203552
vt 0.887311 0.178252
vt 0.886972 0.184119
vt 0.888078 0.164977
vt 0.888078 0.164977
vt 0.888510 0.157501
vt 0.889445 0.141302
vt 0.889377 0.142481
vt 0.890532 0.122485
vt 0.891613 0.103768
vt 0.890543 0.122306
vt 0.891845 0.099761
vt 0.892617 0.086382
vt 0.892950 0.080621
vt 0.901550 0.037133
vt 0.905939 0.050889
vt 0.908948 0.060320
vt 0.920298 0.095893
vt 0.979005 0.279895
vt 0.967772 0.244688
vt 0.921131 0.098504
vt 0.932932 0.135493
vt 0.934812 0.141384
vt 0.936859 0.147801
vt 0.944542 0.171880
vt 0.949456 0.187281
vt 0.956111 0.208142
vt 0.959056 0.217370
vt 0.964199 0.233489
vt 0.979005 0.282204
vt 0.979005 0.571741
vt 0.979005 0.606205
vt 0.979005 0.319789
vt 0.979005 0.324933
vt 0.979005 0.337088
vt 0.979005 0.366376
vt 0.979005 0.389771
vt 0.979005 0.407027
vt 0.979005 0.443013
vt 0.979005 0.447356
vt 0.979005 0.487913
vt 0.979005 0.500835
vt 0.979005 0.529207
vt 0.979005 0.543056
vt 0.979005 0.554124
vt 0.975595 0.613758
vt 0.959977 0.648358
vt 0.881216 0.822846
vt 0.871160 0.845124
vt 0.865156 0.858425
vt 0.959586 0.649225
vt 0.954996 0.659394
vt 0.944972 0.681601
vt 0.940984 0.690435
vt 0.930283 0.714143
vt 0.922197 0.732056
vt 0.915735 0.746371
vt 0.903265 0.773998
vt 0.901169 0.778641
vt 0.886385 0.811394
vt 0.884234 0.816159
vt 0.864218 0.846673
vt 0.863387 0.836261
vt 0.862654 0.827066
vt 0.860172 0.795957
vt 0.940277 0.547879
vt 0.938719 0.552704
vt 0.928362 0.584780
vt 0.924171 0.597758
vt 0.918229 0.616161
vt 0.908189 0.647252
vt 0.863856 0.784549
vt 0.866669 0.775838
vt 0.876855 0.744293
vt 0.877594 0.742002
vt 0.888001 0.709773
vt 0.892399 0.696152
vt 0.898170 0.678282
vt 0.942472 0.554756
vt 0.946204 0.566454
vt 0.952497 0.586179
vt 0.963871 0.293673
vt 0.962432 0.330673
vt 0.957392 0.460294
vt 0.957114 0.467450
vt 0.956484 0.483632
vt 0.955239 0.515659
vt 0.955020 0.521300
vt 0.953523 0.559791
vt 0.953109 0.570454
vt 0.961732 0.348668
vt 0.960896 0.370183
vt 0.959559 0.404556
vt 0.959403 0.408582
vt 0.957941 0.446180
vt 0.957637 0.453989
vt 0.913245 0.085276
vt 0.907645 0.062223
vt 0.963010 0.290131
vt 0.962187 0.286744
vt 0.954092 0.253420
vt 0.949818 0.235826
vt 0.945195 0.216795
vt 0.937444 0.184891
vt 0.936236 0.179916
vt 0.927075 0.142208
vt 0.925225 0.134592
vt 0.917705 0.103635
vt 0.917584 0.103136
vt 0.782874 0.880536
vt 0.798834 0.875591
vt 0.812922 0.871226
vt 0.822645 0.868213
vt 0.842474 0.862069
vt 0.847672 0.860458
vt 0.854233 0.858425
vt 0.792165 0.871112
vt 0.796322 0.866894
vt 0.815588 0.847350
vt 0.849316 0.813136
vt 0.834774 0.827887
vt 0.820679 0.842186
vt 0.849978 0.819236
vt 0.833598 0.265986
vt 0.819607 0.241108
vt 0.831712 0.268082
vt 0.812162 0.249387
vt 0.865616 0.196656
vt 0.866309 0.229628
vt 0.882181 0.182604
vt 0.855977 0.204742
vt 0.852558 0.207610
vt 0.861899 0.234530
vt 0.845105 0.213861
vt 0.858758 0.238021
vt 0.841137 0.217169
vt 0.826663 0.233262
vt 0.693406 0.422754
vt 0.677558 0.399633
vt 0.677558 0.438753
vt 0.709654 0.429307
vt 0.707226 0.428338
vt 0.701957 0.426209
vt 0.695927 0.423773
vt 0.677558 0.716557
vt 0.695048 0.708408
vt 0.677558 0.683458
vt 0.712246 0.700394
vt 0.712745 0.700162
vt 0.706695 0.407702
vt 0.699748 0.415570
vt 0.769182 0.373299
vt 0.765012 0.357090
vt 0.712090 0.401608
vt 0.710970 0.402859
vt 0.761539 0.346471
vt 0.760701 0.347404
vt 0.745179 0.364678
vt 0.724690 0.387546
vt 0.813556 0.288583
vt 0.835860 0.287451
vt 0.830125 0.270154
vt 0.677558 0.734665
vt 0.684818 0.734008
vt 0.696774 0.732926
vt 0.699309 0.732232
vt 0.713667 0.728303
vt 0.715769 0.727728
vt 0.727740 0.722182
vt 0.734326 0.719131
vt 0.752233 0.707234
vt 0.741502 0.714364
vt 0.754900 0.704878
vt 0.767789 0.693493
vt 0.769286 0.692172
vt 0.779974 0.680112
vt 0.785287 0.674118
vt 0.791543 0.665291
vt 0.812554 0.631411
vt 0.802451 0.649087
vt 0.800055 0.653279
vt 0.825230 0.604230
vt 0.821579 0.612163
vt 0.813421 0.629894
vt 0.829748 0.591885
vt 0.763349 0.510114
vt 0.767868 0.494174
vt 0.771353 0.477510
vt 0.773763 0.460312
vt 0.775072 0.442778
vt 0.775264 0.425108
vt 0.774337 0.407504
vt 0.772302 0.390168
vt 0.847456 0.332406
vt 0.846076 0.324946
vt 0.842125 0.309587
vt 0.838408 0.295133
vt 0.851815 0.355972
vt 0.854630 0.379951
vt 0.855558 0.387856
vt 0.856423 0.404295
vt 0.856863 0.453351
vt 0.856909 0.452734
vt 0.857169 0.428792
vt 0.857262 0.420234
vt 0.855044 0.477726
vt 0.848234 0.525387
vt 0.850069 0.516614
vt 0.852150 0.501767
vt 0.854502 0.484984
vt 0.843659 0.547264
vt 0.835348 0.576581
vt 0.837028 0.570654
vt 0.843310 0.548495
vt 0.677558 0.986715
vt 0.690866 0.986260
vt 0.689396 0.924910
vt 0.909798 0.130039
vt 0.892300 0.196689
vt 0.902804 0.226774
vt 0.923433 0.162731
vt 0.894642 0.099316
vt 0.687897 0.862359
vt 0.677558 0.862712
vt 0.677558 0.925315
vt 0.677558 0.799097
vt 0.686374 0.798796
vt 0.703946 0.796389
vt 0.869620 0.256849
vt 0.954385 0.270422
vt 0.961158 0.308742
vt 0.932189 0.393018
vt 0.933169 0.427907
vt 0.929543 0.358378
vt 0.930117 0.497514
vt 0.932477 0.462814
vt 0.926104 0.531777
vt 0.920465 0.565381
vt 0.913237 0.598105
vt 0.904466 0.629735
vt 0.894211 0.660063
vt 0.869525 0.716035
vt 0.882539 0.688893
vt 0.855255 0.741311
vt 0.823329 0.785618
vt 0.839823 0.764556
vt 0.886422 0.860371
vt 0.865867 0.886618
vt 0.865191 0.887482
vt 0.935461 0.197177
vt 0.945800 0.233153
vt 0.787593 0.820658
vt 0.805881 0.804359
vt 0.803546 0.877163
vt 0.781783 0.892904
vt 0.768586 0.834405
vt 0.877320 0.283640
vt 0.883713 0.311395
vt 0.888757 0.339932
vt 0.892419 0.369064
vt 0.894676 0.398601
vt 0.895511 0.428350
vt 0.894921 0.458115
vt 0.892909 0.487702
vt 0.889487 0.516918
vt 0.884679 0.545571
vt 0.878515 0.573473
vt 0.871037 0.600443
vt 0.862293 0.626304
vt 0.852340 0.650886
vt 0.841244 0.674029
vt 0.829076 0.695582
vt 0.815917 0.715402
vt 0.801853 0.733362
vt 0.786976 0.749342
vt 0.771382 0.763239
vt 0.755175 0.774961
vt 0.738460 0.784433
vt 0.721346 0.791591
vt 0.925248 0.324212
vt 0.919332 0.290745
vt 0.911834 0.258194
vt 0.708506 0.859536
vt 0.736358 0.915235
vt 0.759338 0.905622
vt 0.748983 0.845513
vt 0.710903 0.983515
vt 0.717393 0.982626
vt 0.712992 0.921678
vt 0.728912 0.853908
vt 0.842732 0.911605
vt 0.837474 0.916291
vt 0.819193 0.932584
vt 0.807480 0.941055
vt 0.794727 0.950279
vt 0.776203 0.960775
vt 0.743660 0.975383
vt 0.743934 0.975268
vt 0.769494 0.964577
vt 0.801596 0.744170
vt 0.786559 0.759744
vt 0.772370 0.716940
vt 0.829237 0.635241
vt 0.830276 0.633177
vt 0.853130 0.663445
vt 0.863456 0.639288
vt 0.931170 0.228055
vt 0.939865 0.262534
vt 0.955944 0.371392
vt 0.957858 0.408729
vt 0.920436 0.544247
vt 0.947667 0.684201
vt 0.980025 0.324686
vt 0.980909 0.529693
vt 0.688661 0.952442
vt 0.677558 0.758728
vt 0.684533 0.758516
vt 0.685577 0.807542
vt 0.895841 0.133048
vt 0.909089 0.163109
vt 0.885463 0.190437
vt 0.861640 0.217992
vt 0.830457 0.229044
vt 0.837678 0.245708
vt 0.677558 0.807785
vt 0.686614 0.856282
vt 0.677558 0.856557
vt 0.687643 0.904620
vt 0.677558 0.904927
vt 0.677558 0.952779
vt 0.713017 0.949330
vt 0.737151 0.942978
vt 0.760913 0.933425
vt 0.784153 0.920730
vt 0.753270 0.887347
vt 0.806728 0.904974
vt 0.828495 0.886255
vt 0.849318 0.864689
vt 0.904859 0.784345
vt 0.920678 0.752907
vt 0.934977 0.719456
vt 0.984580 0.488902
vt 0.986333 0.447748
vt 0.986155 0.406489
vt 0.984048 0.365383
vt 0.956773 0.207575
vt 0.945455 0.171012
vt 0.901789 0.071931
vt 0.887620 0.813575
vt 0.851507 0.802863
vt 0.875851 0.693538
vt 0.862949 0.719180
vt 0.848889 0.743019
vt 0.914376 0.576305
vt 0.906837 0.607454
vt 0.880565 0.587226
vt 0.953093 0.520636
vt 0.948036 0.557126
vt 0.929401 0.444644
vt 0.952291 0.334427
vt 0.946920 0.298065
vt 0.920890 0.194844
vt 0.774379 0.875817
vt 0.814654 0.844502
vt 0.833568 0.824914
vt 0.726163 0.848563
vt 0.731687 0.896024
vt 0.924977 0.511481
vt 0.956347 0.483605
vt 0.927971 0.478210
vt 0.800665 0.802298
vt 0.817649 0.784709
vt 0.833757 0.764908
vt 0.764499 0.830418
vt 0.782911 0.817567
vt 0.794884 0.861505
vt 0.703165 0.805295
vt 0.706479 0.853744
vt 0.709766 0.901794
vt 0.899278 0.472791
vt 0.896626 0.502249
vt 0.892606 0.531261
vt 0.858081 0.550594
vt 0.859946 0.542889
vt 0.887241 0.559646
vt 0.872620 0.613829
vt 0.897864 0.637500
vt 0.887514 0.666255
vt 0.815859 0.726638
vt 0.829257 0.707257
vt 0.841707 0.686149
vt 0.770839 0.773262
vt 0.754537 0.784641
vt 0.737754 0.793808
vt 0.745544 0.840771
vt 0.720594 0.800707
vt 0.714992 0.752571
vt 0.706459 0.754817
vt 0.871023 0.243223
vt 0.845839 0.267655
vt 0.845605 0.267024
vt 0.896060 0.218933
vt 0.905291 0.248755
vt 0.879196 0.269628
vt 0.852949 0.290623
vt 0.886109 0.297041
vt 0.858962 0.314467
vt 0.858138 0.311199
vt 0.913098 0.279716
vt 0.919433 0.311621
vt 0.891718 0.325291
vt 0.863841 0.339040
vt 0.895989 0.354201
vt 0.867555 0.364187
vt 0.866644 0.358016
vt 0.924256 0.344273
vt 0.927537 0.377466
vt 0.898894 0.383590
vt 0.870082 0.389750
vt 0.900415 0.413276
vt 0.871405 0.415572
vt 0.870937 0.406438
vt 0.929256 0.410993
vt 0.900543 0.443071
vt 0.871517 0.441489
vt 0.870925 0.455394
vt 0.864613 0.518199
vt 0.866608 0.503803
vt 0.868110 0.492963
vt 0.870416 0.467340
vt 0.839258 0.612164
vt 0.845532 0.594732
vt 0.847229 0.590019
vt 0.854139 0.566879
vt 0.820339 0.652925
vt 0.785450 0.703393
vt 0.786841 0.701684
vt 0.797856 0.688143
vt 0.809510 0.671285
vt 0.809551 0.671216
vt 0.761710 0.726107
vt 0.729918 0.746570
vt 0.734717 0.743949
vt 0.744517 0.738596
vt 0.758697 0.728698
vt 0.699832 0.756561
vt 0.677558 0.430915
vt 0.681342 0.394845
vt 0.677558 0.399052
vt 0.685485 0.390239
vt 0.687876 0.387580
vt 0.691618 0.383419
vt 0.699530 0.374622
vt 0.701401 0.372542
vt 0.715897 0.356424
vt 0.725020 0.346279
vt 0.816069 0.245042
vt 0.744537 0.324579
vt 0.787497 0.276811
vt 0.677558 0.399052
vt 0.694480 0.380237
vt 0.712422 0.360287
vt 0.744924 0.324149
vt 0.748303 0.320391
vt 0.677558 0.669141
vt 0.677558 0.669141
vt 0.677558 0.639788
vt 0.677558 0.549144
vt 0.677558 0.453070
vt 0.677558 0.453070
vt 0.677558 0.635351
vt 0.651230 0.342219
vt 0.538063 0.342219
vt 0.549029 0.342590
vt 0.640264 0.342590
vt 0.586855 0.087465
vt 0.585761 0.087465
vt 0.588109 0.087465
vt 0.587191 0.087465
vt 0.589561 0.087465
vt 0.588847 0.087465
vt 0.591168 0.087465
vt 0.590679 0.087465
vt 0.592880 0.087465
vt 0.592632 0.087465
vt 0.594646 0.087465
vt 0.594646 0.087465
vt 0.596412 0.087465
vt 0.596660 0.087465
vt 0.598125 0.087465
vt 0.598613 0.087465
vt 0.599732 0.087465
vt 0.600446 0.087465
vt 0.601184 0.087465
vt 0.602102 0.087465
vt 0.602438 0.087465
vt 0.603531 0.087465
vt 0.603454 0.087465
vt 0.604691 0.087465
vt 0.604204 0.087465
vt 0.605545 0.087465
vt 0.604663 0.087465
vt 0.606069 0.087465
vt 0.604817 0.087465
vt 0.606245 0.087465
vt 0.604663 0.087465
vt 0.606069 0.087465
vt 0.604204 0.087465
vt 0.605545 0.087465
vt 0.603454 0.087465
vt 0.604691 0.087465
vt 0.602438 0.087465
vt 0.603531 0.087465
vt 0.601184 0.087465
vt 0.602102 0.087465
vt 0.599732 0.087465
vt 0.600446 0.087465
vt 0.598125 0.087465
vt 0.598613 0.087465
vt 0.596412 0.087465
vt 0.596660 0.087465
vt 0.594646 0.087465
vt 0.594646 0.087465
vt 0.592880 0.087465
vt 0.592632 0.087465
vt 0.591168 0.087465
vt 0.590679 0.087465
vt 0.589561 0.087465
vt 0.588847 0.087465
vt 0.588109 0.087465
vt 0.587191 0.087465
vt 0.586855 0.087465
vt 0.585761 0.087465
vt 0.585838 0.087465
vt 0.584602 0.087465
vt 0.585089 0.087465
vt 0.583747 0.087465
vt 0.584630 0.087465
vt 0.583224 0.087465
vt 0.584475 0.087465
vt 0.583048 0.087465
vt 0.584630 0.087465
vt 0.583224 0.087465
vt 0.585089 0.087465
vt 0.583747 0.087465
vt 0.585838 0.087465
vt 0.584602 0.087465
vt 0.609283 0.092978
vt 0.609509 0.092978
vt 0.609283 0.092978
vt 0.608612 0.092978
vt 0.607517 0.092978
vt 0.606032 0.092978
vt 0.604200 0.092978
vt 0.602077 0.092978
vt 0.599730 0.092978
vt 0.597227 0.092978
vt 0.594646 0.092978
vt 0.592066 0.092978
vt 0.589563 0.092978
vt 0.587215 0.092978
vt 0.585093 0.092978
vt 0.583261 0.092978
vt 0.581775 0.092978
vt 0.580680 0.092978
vt 0.580010 0.092978
vt 0.579784 0.092978
vt 0.580010 0.092978
vt 0.580680 0.092978
vt 0.581775 0.092978
vt 0.583261 0.092978
vt 0.585093 0.092978
vt 0.587215 0.092978
vt 0.589563 0.092978
vt 0.592066 0.092978
vt 0.594646 0.092978
vt 0.597227 0.092978
vt 0.599730 0.092978
vt 0.602077 0.092978
vt 0.604200 0.092978
vt 0.606032 0.092978
vt 0.607517 0.092978
vt 0.608612 0.092978
vt 0.604817 0.156378
vt 0.604663 0.156378
vt 0.604204 0.156378
vt 0.603454 0.156378
vt 0.602438 0.156378
vt 0.601184 0.156378
vt 0.599732 0.156378
vt 0.598125 0.156378
vt 0.596412 0.156378
vt 0.594646 0.156378
vt 0.592880 0.156378
vt 0.591168 0.156378
vt 0.589561 0.156378
vt 0.588109 0.156378
vt 0.586855 0.156378
vt 0.585838 0.156378
vt 0.585089 0.156378
vt 0.584630 0.156378
vt 0.584475 0.156378
vt 0.584630 0.156378
vt 0.585089 0.156378
vt 0.585838 0.156378
vt 0.586855 0.156378
vt 0.588109 0.156378
vt 0.589561 0.156378
vt 0.591168 0.156378
vt 0.592880 0.156378
vt 0.594646 0.156378
vt 0.596412 0.156378
vt 0.598125 0.156378
vt 0.599732 0.156378
vt 0.601184 0.156378
vt 0.602438 0.156378
vt 0.603454 0.156378
vt 0.604204 0.156378
vt 0.604663 0.156378
vt 0.582666 0.087548
vt 0.583215 0.087548
vt 0.584111 0.087548
vt 0.585327 0.087548
vt 0.586827 0.087548
vt 0.588564 0.087548
vt 0.590486 0.087548
vt 0.592534 0.087548
vt 0.594646 0.087548
vt 0.596759 0.087548
vt 0.598807 0.087548
vt 0.600729 0.087548
vt 0.602466 0.087548
vt 0.603966 0.087548
vt 0.605182 0.087548
vt 0.606078 0.087548
vt 0.606627 0.087548
vt 0.606812 0.087548
vt 0.606627 0.087548
vt 0.606078 0.087548
vt 0.605182 0.087548
vt 0.603966 0.087548
vt 0.602466 0.087548
vt 0.600729 0.087548
vt 0.598807 0.087548
vt 0.596759 0.087548
vt 0.594646 0.087548
vt 0.592534 0.087548
vt 0.590486 0.087548
vt 0.588564 0.087548
vt 0.586827 0.087548
vt 0.585327 0.087548
vt 0.584111 0.087548
vt 0.583215 0.087548
vt 0.582666 0.087548
vt 0.582481 0.087548
vt 0.582125 0.087797
vt 0.582698 0.087797
vt 0.583635 0.087797
vt 0.584906 0.087797
vt 0.586473 0.087797
vt 0.588289 0.087797
vt 0.590298 0.087797
vt 0.592438 0.087797
vt 0.594646 0.087797
vt 0.596854 0.087797
vt 0.598995 0.087797
vt 0.601004 0.087797
vt 0.602819 0.087797
vt 0.604387 0.087797
vt 0.605658 0.087797
vt 0.606594 0.087797
vt 0.607168 0.087797
vt 0.607361 0.087797
vt 0.607168 0.087797
vt 0.606594 0.087797
vt 0.605658 0.087797
vt 0.604387 0.087797
vt 0.602819 0.087797
vt 0.601004 0.087797
vt 0.598995 0.087797
vt 0.596854 0.087797
vt 0.594646 0.087797
vt 0.592438 0.087797
vt 0.590298 0.087797
vt 0.588289 0.087797
vt 0.586473 0.087797
vt 0.584906 0.087797
vt 0.583635 0.087797
vt 0.582698 0.087797
vt 0.582125 0.087797
vt 0.581931 0.087797
vt 0.581617 0.088203
vt 0.582214 0.088203
vt 0.583188 0.088203
vt 0.584511 0.088203
vt 0.586142 0.088203
vt 0.588031 0.088203
vt 0.590121 0.088203
vt 0.592349 0.088203
vt 0.594646 0.088203
vt 0.596944 0.088203
vt 0.599171 0.088203
vt 0.601261 0.088203
vt 0.603151 0.088203
vt 0.604781 0.088203
vt 0.606104 0.088203
vt 0.607079 0.088203
vt 0.607676 0.088203
vt 0.607877 0.088203
vt 0.607676 0.088203
vt 0.607079 0.088203
vt 0.606104 0.088203
vt 0.604781 0.088203
vt 0.603151 0.088203
vt 0.601261 0.088203
vt 0.599171 0.088203
vt 0.596944 0.088203
vt 0.594646 0.088203
vt 0.592349 0.088203
vt 0.590121 0.088203
vt 0.588031 0.088203
vt 0.586142 0.088203
vt 0.584511 0.088203
vt 0.583188 0.088203
vt 0.582214 0.088203
vt 0.581617 0.088203
vt 0.581416 0.088203
vt 0.581158 0.088754
vt 0.581776 0.088754
vt 0.582785 0.088754
vt 0.584154 0.088754
vt 0.585842 0.088754
vt 0.587798 0.088754
vt 0.589962 0.088754
vt 0.592268 0.088754
vt 0.594646 0.088754
vt 0.597025 0.088754
vt 0.599331 0.088754
vt 0.601495 0.088754
vt 0.603450 0.088754
vt 0.605138 0.088754
vt 0.606508 0.088754
vt 0.607517 0.088754
vt 0.608135 0.088754
vt 0.608343 0.088754
vt 0.608135 0.088754
vt 0.607517 0.088754
vt 0.606508 0.088754
vt 0.605138 0.088754
vt 0.603450 0.088754
vt 0.601495 0.088754
vt 0.599331 0.088754
vt 0.597025 0.088754
vt 0.594646 0.088754
vt 0.592268 0.088754
vt 0.589962 0.088754
vt 0.587798 0.088754
vt 0.585842 0.088754
vt 0.584154 0.088754
vt 0.582785 0.088754
vt 0.581776 0.088754
vt 0.581158 0.088754
vt 0.580950 0.088754
vt 0.580762 0.089434
vt 0.581398 0.089434
vt 0.582436 0.089434
vt 0.583846 0.089434
vt 0.585584 0.089434
vt 0.587597 0.089434
vt 0.589824 0.089434
vt 0.592198 0.089434
vt 0.594646 0.089434
vt 0.597095 0.089434
vt 0.599468 0.089434
vt 0.601696 0.089434
vt 0.603709 0.089434
vt 0.605447 0.089434
vt 0.606856 0.089434
vt 0.607895 0.089434
vt 0.608531 0.089434
vt 0.608745 0.089434
vt 0.608531 0.089434
vt 0.607895 0.089434
vt 0.606856 0.089434
vt 0.605447 0.089434
vt 0.603709 0.089434
vt 0.601696 0.089434
vt 0.599468 0.089434
vt 0.597095 0.089434
vt 0.594646 0.089434
vt 0.592198 0.089434
vt 0.589824 0.089434
vt 0.587597 0.089434
vt 0.585584 0.089434
vt 0.583846 0.089434
vt 0.582436 0.089434
vt 0.581398 0.089434
vt 0.580762 0.089434
vt 0.580548 0.089434
vt 0.580440 0.090221
vt 0.581091 0.090221
vt 0.582154 0.090221
vt 0.583596 0.090221
vt 0.585374 0.090221
vt 0.587434 0.090221
vt 0.589713 0.090221
vt 0.592141 0.090221
vt 0.594646 0.090221
vt 0.597151 0.090221
vt 0.599580 0.090221
vt 0.601859 0.090221
vt 0.603918 0.090221
vt 0.605696 0.090221
vt 0.607139 0.090221
vt 0.608201 0.090221
vt 0.608852 0.090221
vt 0.609071 0.090221
vt 0.608852 0.090221
vt 0.608201 0.090221
vt 0.607139 0.090221
vt 0.605696 0.090221
vt 0.603918 0.090221
vt 0.601859 0.090221
vt 0.599580 0.090221
vt 0.597151 0.090221
vt 0.594646 0.090221
vt 0.592141 0.090221
vt 0.589713 0.090221
vt 0.587434 0.090221
vt 0.585374 0.090221
vt 0.583596 0.090221
vt 0.582154 0.090221
vt 0.581091 0.090221
vt 0.580440 0.090221
vt 0.580221 0.090221
vt 0.580204 0.091092
vt 0.580865 0.091092
vt 0.581946 0.091092
vt 0.583412 0.091092
vt 0.585220 0.091092
vt 0.587314 0.091092
vt 0.589630 0.091092
vt 0.592100 0.091092
vt 0.594646 0.091092
vt 0.597193 0.091092
vt 0.599662 0.091092
vt 0.601979 0.091092
vt 0.604073 0.091092
vt 0.605881 0.091092
vt 0.607347 0.091092
vt 0.608427 0.091092
vt 0.609089 0.091092
vt 0.609312 0.091092
vt 0.609089 0.091092
vt 0.608427 0.091092
vt 0.607347 0.091092
vt 0.605881 0.091092
vt 0.604073 0.091092
vt 0.601979 0.091092
vt 0.599662 0.091092
vt 0.597193 0.091092
vt 0.594646 0.091092
vt 0.592100 0.091092
vt 0.589630 0.091092
vt 0.587314 0.091092
vt 0.585220 0.091092
vt 0.583412 0.091092
vt 0.581946 0.091092
vt 0.580865 0.091092
vt 0.580204 0.091092
vt 0.579981 0.091092
vt 0.580059 0.092020
vt 0.580727 0.092020
vt 0.581818 0.092020
vt 0.583299 0.092020
vt 0.585125 0.092020
vt 0.587240 0.092020
vt 0.589580 0.092020
vt 0.592074 0.092020
vt 0.594646 0.092020
vt 0.597219 0.092020
vt 0.599712 0.092020
vt 0.602053 0.092020
vt 0.604168 0.092020
vt 0.605994 0.092020
vt 0.607474 0.092020
vt 0.608566 0.092020
vt 0.609234 0.092020
vt 0.609459 0.092020
vt 0.609234 0.092020
vt 0.608566 0.092020
vt 0.607474 0.092020
vt 0.605994 0.092020
vt 0.604168 0.092020
vt 0.602053 0.092020
vt 0.599712 0.092020
vt 0.597219 0.092020
vt 0.594646 0.092020
vt 0.592074 0.092020
vt 0.589580 0.092020
vt 0.587240 0.092020
vt 0.585125 0.092020
vt 0.583299 0.092020
vt 0.581818 0.092020
vt 0.580727 0.092020
vt 0.580059 0.092020
vt 0.579834 0.092020
vt 0.461859 0.686312
vt 0.457014 0.686312
vt 0.373275 0.686312
vt 0.368431 0.686312
vt 0.368431 0.667110
vt 0.368431 0.667059
vt 0.368431 0.686312
vt 0.368431 0.667016
vt 0.368431 0.667016
vt 0.368431 0.667049
vt 0.368431 0.667110
vt 0.368431 0.667132
vt 0.368431 0.667146
vt 0.373275 0.686312
vt 0.373275 0.667016
vt 0.457014 0.686312
vt 0.457014 0.667016
vt 0.461859 0.686312
vt 0.461859 0.667016
vt 0.412281 0.672529
vt 0.412597 0.694581
vt 0.412597 0.672529
vt 0.412281 0.694581
vt 0.412281 0.672529
vt 0.411342 0.694581
vt 0.411342 0.672529
vt 0.409809 0.694581
vt 0.409809 0.672529
vt 0.407729 0.694581
vt 0.407729 0.672529
vt 0.405164 0.694581
vt 0.405164 0.672529
vt 0.402193 0.694581
vt 0.402193 0.672529
vt 0.398905 0.694581
vt 0.398905 0.672529
vt 0.395401 0.694581
vt 0.395401 0.672529
vt 0.391788 0.694581
vt 0.391788 0.672529
vt 0.388174 0.694581
vt 0.388174 0.672529
vt 0.384671 0.694581
vt 0.384671 0.672529
vt 0.381383 0.694581
vt 0.381383 0.672529
vt 0.378412 0.694581
vt 0.378412 0.672529
vt 0.375847 0.694581
vt 0.375847 0.672529
vt 0.373766 0.694581
vt 0.373766 0.672529
vt 0.372233 0.694581
vt 0.372233 0.672529
vt 0.371294 0.694581
vt 0.371294 0.672529
vt 0.370978 0.694581
vt 0.370978 0.672529
vt 0.371294 0.694581
vt 0.371294 0.672529
vt 0.372233 0.694581
vt 0.372233 0.672529
vt 0.373766 0.694581
vt 0.373766 0.672529
vt 0.375847 0.694581
vt 0.375847 0.672529
vt 0.378412 0.694581
vt 0.378412 0.672529
vt 0.381383 0.694581
vt 0.381383 0.672529
vt 0.384671 0.694581
vt 0.384671 0.672529
vt 0.388174 0.694581
vt 0.388174 0.672529
vt 0.391788 0.694581
vt 0.391788 0.672529
vt 0.395401 0.694581
vt 0.395401 0.672529
vt 0.398905 0.694581
vt 0.398905 0.672529
vt 0.402193 0.694581
vt 0.402193 0.672529
vt 0.405164 0.694581
vt 0.405164 0.672529
vt 0.407729 0.694581
vt 0.407729 0.672529
vt 0.409809 0.694581
vt 0.409809 0.672529
vt 0.411342 0.694581
vt 0.411342 0.672529
vt 0.412281 0.694581
vt 0.461859 0.667110
vt 0.461859 0.667059
vt 0.461859 0.667049
vt 0.461859 0.667016
vt 0.461859 0.667110
vt 0.461859 0.667132
vt 0.461859 0.667146
vt 0.458995 0.672529
vt 0.459311 0.672529
vt 0.458995 0.672529
vt 0.458056 0.672529
vt 0.456523 0.672529
vt 0.454443 0.672529
vt 0.451878 0.672529
vt 0.448906 0.672529
vt 0.445619 0.672529
vt 0.442115 0.672529
vt 0.438502 0.672529
vt 0.434888 0.672529
vt 0.431384 0.672529
vt 0.428097 0.672529
vt 0.425126 0.672529
vt 0.422561 0.672529
vt 0.420480 0.672529
vt 0.418947 0.672529
vt 0.418008 0.672529
vt 0.417692 0.672529
vt 0.418008 0.672529
vt 0.418947 0.672529
vt 0.420480 0.672529
vt 0.422561 0.672529
vt 0.425126 0.672529
vt 0.428097 0.672529
vt 0.431384 0.672529
vt 0.434888 0.672529
vt 0.438502 0.672529
vt 0.442115 0.672529
vt 0.445619 0.672529
vt 0.448906 0.672529
vt 0.451878 0.672529
vt 0.454443 0.672529
vt 0.456523 0.672529
vt 0.458056 0.672529
vt 0.370940 0.667016
vt 0.369166 0.667016
vt 0.383554 0.667016
vt 0.387608 0.667016
vt 0.391788 0.667016
vt 0.395968 0.667016
vt 0.456943 0.667016
vt 0.459350 0.667016
vt 0.461123 0.667016
vt 0.373347 0.667016
vt 0.376314 0.667016
vt 0.379751 0.667016
vt 0.400021 0.667016
vt 0.403824 0.667016
vt 0.407262 0.667016
vt 0.442682 0.667016
vt 0.446735 0.667016
vt 0.450538 0.667016
vt 0.453976 0.667016
vt 0.417654 0.667016
vt 0.420061 0.667016
vt 0.412636 0.667016
vt 0.423028 0.667016
vt 0.410229 0.667016
vt 0.426465 0.667016
vt 0.430268 0.667016
vt 0.434321 0.667016
vt 0.438502 0.667016
vt 0.415880 0.667016
vt 0.414409 0.667016
vt 0.415145 0.667016
vt 0.395074 0.694581
vt 0.391788 0.694581
vt 0.388501 0.694581
vt 0.385315 0.694581
vt 0.382325 0.694581
vt 0.379622 0.694581
vt 0.377289 0.694581
vt 0.375397 0.694581
vt 0.374003 0.694581
vt 0.373149 0.694581
vt 0.372862 0.694581
vt 0.373149 0.694581
vt 0.374003 0.694581
vt 0.375397 0.694581
vt 0.377289 0.694581
vt 0.379622 0.694581
vt 0.382325 0.694581
vt 0.385315 0.694581
vt 0.388501 0.694581
vt 0.391788 0.694581
vt 0.395074 0.694581
vt 0.398261 0.694581
vt 0.401251 0.694581
vt 0.403953 0.694581
vt 0.406286 0.694581
vt 0.408179 0.694581
vt 0.409573 0.694581
vt 0.410427 0.694581
vt 0.410714 0.694581
vt 0.410427 0.694581
vt 0.409573 0.694581
vt 0.408179 0.694581
vt 0.406286 0.694581
vt 0.403953 0.694581
vt 0.401251 0.694581
vt 0.398261 0.694581
vt 0.403999 0.667016
vt 0.404187 0.683555
vt 0.404187 0.667016
vt 0.403999 0.683555
vt 0.403999 0.667016
vt 0.403439 0.683555
vt 0.403439 0.667016
vt 0.402526 0.683555
vt 0.402526 0.667016
vt 0.401286 0.683555
vt 0.401286 0.667016
vt 0.399758 0.683555
vt 0.399758 0.667016
vt 0.397987 0.683555
vt 0.397987 0.667016
vt 0.396028 0.683555
vt 0.396028 0.667016
vt 0.393941 0.683555
vt 0.393941 0.667016
vt 0.391788 0.683555
vt 0.391788 0.667016
vt 0.389635 0.683555
vt 0.389635 0.667016
vt 0.387547 0.683555
vt 0.387547 0.667016
vt 0.385588 0.683555
vt 0.385588 0.667016
vt 0.383818 0.683555
vt 0.383818 0.667016
vt 0.382290 0.683555
vt 0.382290 0.667016
vt 0.381050 0.683555
vt 0.381050 0.667016
vt 0.380137 0.683555
vt 0.380137 0.667016
vt 0.379577 0.683555
vt 0.379577 0.667016
vt 0.379389 0.683555
vt 0.379389 0.667016
vt 0.379577 0.683555
vt 0.379577 0.667016
vt 0.380137 0.683555
vt 0.380137 0.667016
vt 0.381050 0.683555
vt 0.381050 0.667016
vt 0.382290 0.683555
vt 0.382290 0.667016
vt 0.383818 0.683555
vt 0.383818 0.667016
vt 0.385588 0.683555
vt 0.385588 0.667016
vt 0.387547 0.683555
vt 0.387547 0.667016
vt 0.389635 0.683555
vt 0.389635 0.667016
vt 0.391788 0.683555
vt 0.391788 0.667016
vt 0.393941 0.683555
vt 0.393941 0.667016
vt 0.396028 0.683555
vt 0.396028 0.667016
vt 0.397987 0.683555
vt 0.397987 0.667016
vt 0.399758 0.683555
vt 0.399758 0.667016
vt 0.401286 0.683555
vt 0.401286 0.667016
vt 0.402526 0.683555
vt 0.402526 0.667016
vt 0.403439 0.683555
vt 0.403439 0.667016
vt 0.403999 0.683555
vt 0.450712 0.667016
vt 0.450901 0.683555
vt 0.450901 0.667016
vt 0.450712 0.683555
vt 0.450712 0.667016
vt 0.450153 0.683555
vt 0.450153 0.667016
vt 0.449239 0.683555
vt 0.449239 0.667016
vt 0.448000 0.683555
vt 0.448000 0.667016
vt 0.446472 0.683555
vt 0.446472 0.667016
vt 0.444701 0.683555
vt 0.444701 0.667016
vt 0.442742 0.683555
vt 0.442742 0.667016
vt 0.440655 0.683555
vt 0.440655 0.667016
vt 0.438502 0.683555
vt 0.438502 0.667016
vt 0.436348 0.683555
vt 0.436348 0.667016
vt 0.434261 0.683555
vt 0.434261 0.667016
vt 0.432302 0.683555
vt 0.432302 0.667016
vt 0.430532 0.683555
vt 0.430532 0.667016
vt 0.429003 0.683555
vt 0.429003 0.667016
vt 0.427764 0.683555
vt 0.427764 0.667016
vt 0.426850 0.683555
vt 0.426850 0.667016
vt 0.426291 0.683555
vt 0.426291 0.667016
vt 0.426103 0.683555
vt 0.426103 0.667016
vt 0.426291 0.683555
vt 0.426291 0.667016
vt 0.426850 0.683555
vt 0.426850 0.667016
vt 0.427764 0.683555
vt 0.427764 0.667016
vt 0.429003 0.683555
vt 0.429003 0.667016
vt 0.430532 0.683555
vt 0.430532 0.667016
vt 0.432302 0.683555
vt 0.432302 0.667016
vt 0.434261 0.683555
vt 0.434261 0.667016
vt 0.436348 0.683555
vt 0.436348 0.667016
vt 0.438502 0.683555
vt 0.438502 0.667016
vt 0.440655 0.683555
vt 0.440655 0.667016
vt 0.442742 0.683555
vt 0.442742 0.667016
vt 0.444701 0.683555
vt 0.444701 0.667016
vt 0.446472 0.683555
vt 0.446472 0.667016
vt 0.448000 0.683555
vt 0.448000 0.667016
vt 0.449239 0.683555
vt 0.449239 0.667016
vt 0.450153 0.683555
vt 0.450153 0.667016
vt 0.450712 0.683555
vt 0.415145 0.667016
vt 0.414993 0.667084
vt 0.415145 0.667016
vt 0.368583 0.667084
vt 0.369646 0.667084
vt 0.368723 0.667286
vt 0.369073 0.667286
vt 0.368583 0.667084
vt 0.369646 0.667084
vt 0.415145 0.667016
vt 0.413929 0.667084
vt 0.415145 0.667016
vt 0.414993 0.667084
vt 0.415145 0.667016
vt 0.413929 0.667084
vt 0.412321 0.671667
vt 0.411380 0.671667
vt 0.409844 0.671667
vt 0.407760 0.671667
vt 0.405190 0.671667
vt 0.402213 0.671667
vt 0.398919 0.671667
vt 0.395408 0.671667
vt 0.391788 0.671667
vt 0.388167 0.671667
vt 0.384657 0.671667
vt 0.381363 0.671667
vt 0.378386 0.671667
vt 0.375816 0.671667
vt 0.373731 0.671667
vt 0.372195 0.671667
vt 0.371255 0.671667
vt 0.370938 0.671667
vt 0.371255 0.671667
vt 0.372195 0.671667
vt 0.373731 0.671667
vt 0.375816 0.671667
vt 0.378386 0.671667
vt 0.381363 0.671667
vt 0.384657 0.671667
vt 0.388167 0.671667
vt 0.391788 0.671667
vt 0.395408 0.671667
vt 0.398919 0.671667
vt 0.402213 0.671667
vt 0.405190 0.671667
vt 0.407760 0.671667
vt 0.409844 0.671667
vt 0.411380 0.671667
vt 0.412321 0.671667
vt 0.412638 0.671667
vt 0.412438 0.670825
vt 0.411493 0.670825
vt 0.409948 0.670825
vt 0.407851 0.670825
vt 0.405267 0.670825
vt 0.402272 0.670825
vt 0.398960 0.670825
vt 0.395429 0.670825
vt 0.391788 0.670825
vt 0.388147 0.670825
vt 0.384616 0.670825
vt 0.381303 0.670825
vt 0.378309 0.670825
vt 0.375724 0.670825
vt 0.373628 0.670825
vt 0.372083 0.670825
vt 0.371137 0.670825
vt 0.370818 0.670825
vt 0.371137 0.670825
vt 0.372083 0.670825
vt 0.373628 0.670825
vt 0.375724 0.670825
vt 0.378309 0.670825
vt 0.381303 0.670825
vt 0.384616 0.670825
vt 0.388147 0.670825
vt 0.391788 0.670825
vt 0.395429 0.670825
vt 0.398960 0.670825
vt 0.402272 0.670825
vt 0.405267 0.670825
vt 0.407851 0.670825
vt 0.409948 0.670825
vt 0.411493 0.670825
vt 0.412438 0.670825
vt 0.412757 0.670825
vt 0.412632 0.670026
vt 0.411677 0.670026
vt 0.410118 0.670026
vt 0.408001 0.670026
vt 0.405393 0.670026
vt 0.402370 0.670026
vt 0.399027 0.670026
vt 0.395463 0.670026
vt 0.391788 0.670026
vt 0.388112 0.670026
vt 0.384549 0.670026
vt 0.381205 0.670026
vt 0.378183 0.670026
vt 0.375574 0.670026
vt 0.373458 0.670026
vt 0.371899 0.670026
vt 0.370944 0.670026
vt 0.370623 0.670026
vt 0.370944 0.670026
vt 0.371899 0.670026
vt 0.373458 0.670026
vt 0.375574 0.670026
vt 0.378183 0.670026
vt 0.381205 0.670026
vt 0.384549 0.670026
vt 0.388112 0.670026
vt 0.391788 0.670026
vt 0.395463 0.670026
vt 0.399027 0.670026
vt 0.402370 0.670026
vt 0.405393 0.670026
vt 0.408001 0.670026
vt 0.410118 0.670026
vt 0.411677 0.670026
vt 0.412632 0.670026
vt 0.412953 0.670026
vt 0.412895 0.669288
vt 0.411928 0.669288
vt 0.410349 0.669288
vt 0.408206 0.669288
vt 0.405565 0.669288
vt 0.402504 0.669288
vt 0.399118 0.669288
vt 0.395510 0.669288
vt 0.391788 0.669288
vt 0.388066 0.669288
vt 0.384457 0.669288
vt 0.381071 0.669288
vt 0.378011 0.669288
vt 0.375369 0.669288
vt 0.373226 0.669288
vt 0.371647 0.669288
vt 0.370681 0.669288
vt 0.370355 0.669288
vt 0.370681 0.669288
vt 0.371647 0.669288
vt 0.373226 0.669288
vt 0.375369 0.669288
vt 0.378011 0.669288
vt 0.381071 0.669288
vt 0.384457 0.669288
vt 0.388066 0.669288
vt 0.391788 0.669288
vt 0.395510 0.669288
vt 0.399118 0.669288
vt 0.402504 0.669288
vt 0.405565 0.669288
vt 0.408206 0.669288
vt 0.410349 0.669288
vt 0.411928 0.669288
vt 0.412895 0.669288
vt 0.413221 0.669288
vt 0.413223 0.668631
vt 0.412241 0.668631
vt 0.410637 0.668631
vt 0.408461 0.668631
vt 0.405778 0.668631
vt 0.402671 0.668631
vt 0.399232 0.668631
vt 0.395567 0.668631
vt 0.391788 0.668631
vt 0.388008 0.668631
vt 0.384344 0.668631
vt 0.380905 0.668631
vt 0.377797 0.668631
vt 0.375115 0.668631
vt 0.372938 0.668631
vt 0.371335 0.668631
vt 0.370353 0.668631
vt 0.370022 0.668631
vt 0.370353 0.668631
vt 0.371335 0.668631
vt 0.372938 0.668631
vt 0.375115 0.668631
vt 0.377797 0.668631
vt 0.380905 0.668631
vt 0.384344 0.668631
vt 0.388008 0.668631
vt 0.391788 0.668631
vt 0.395567 0.668631
vt 0.399232 0.668631
vt 0.402671 0.668631
vt 0.405778 0.668631
vt 0.408461 0.668631
vt 0.410637 0.668631
vt 0.412241 0.668631
vt 0.413223 0.668631
vt 0.413553 0.668631
vt 0.413606 0.668069
vt 0.412607 0.668069
vt 0.410975 0.668069
vt 0.408759 0.668069
vt 0.406029 0.668069
vt 0.402865 0.668069
vt 0.399365 0.668069
vt 0.395635 0.668069
vt 0.391788 0.668069
vt 0.387941 0.668069
vt 0.384210 0.668069
vt 0.380710 0.668069
vt 0.377547 0.668069
vt 0.374816 0.668069
vt 0.372601 0.668069
vt 0.370969 0.668069
vt 0.369969 0.668069
vt 0.369633 0.668069
vt 0.369969 0.668069
vt 0.370969 0.668069
vt 0.372601 0.668069
vt 0.374816 0.668069
vt 0.377547 0.668069
vt 0.380710 0.668069
vt 0.384210 0.668069
vt 0.387941 0.668069
vt 0.391788 0.668069
vt 0.395635 0.668069
vt 0.399365 0.668069
vt 0.402865 0.668069
vt 0.406029 0.668069
vt 0.408759 0.668069
vt 0.410975 0.668069
vt 0.412607 0.668069
vt 0.413606 0.668069
vt 0.413943 0.668069
vt 0.414036 0.667617
vt 0.413017 0.667617
vt 0.411353 0.667617
vt 0.409094 0.667617
vt 0.406309 0.667617
vt 0.403084 0.667617
vt 0.399515 0.667617
vt 0.395711 0.667617
vt 0.391788 0.667617
vt 0.387865 0.667617
vt 0.384061 0.667617
vt 0.380492 0.667617
vt 0.377266 0.667617
vt 0.374482 0.667617
vt 0.372223 0.667617
vt 0.370559 0.667617
vt 0.369540 0.667617
vt 0.369196 0.667617
vt 0.369540 0.667617
vt 0.370559 0.667617
vt 0.372223 0.667617
vt 0.374482 0.667617
vt 0.377266 0.667617
vt 0.380492 0.667617
vt 0.384061 0.667617
vt 0.387865 0.667617
vt 0.391788 0.667617
vt 0.395711 0.667617
vt 0.399515 0.667617
vt 0.403084 0.667617
vt 0.406309 0.667617
vt 0.409094 0.667617
vt 0.411353 0.667617
vt 0.413017 0.667617
vt 0.414036 0.667617
vt 0.414379 0.667617
vt 0.414502 0.667286
vt 0.413462 0.667286
vt 0.411763 0.667286
vt 0.409456 0.667286
vt 0.406614 0.667286
vt 0.403320 0.667286
vt 0.399676 0.667286
vt 0.395793 0.667286
vt 0.391788 0.667286
vt 0.387783 0.667286
vt 0.383899 0.667286
vt 0.380255 0.667286
vt 0.376962 0.667286
vt 0.374119 0.667286
vt 0.371813 0.667286
vt 0.370114 0.667286
vt 0.369073 0.667286
vt 0.370114 0.667286
vt 0.371813 0.667286
vt 0.374119 0.667286
vt 0.376962 0.667286
vt 0.380255 0.667286
vt 0.383899 0.667286
vt 0.387783 0.667286
vt 0.391788 0.667286
vt 0.395793 0.667286
vt 0.399676 0.667286
vt 0.403320 0.667286
vt 0.406614 0.667286
vt 0.409456 0.667286
vt 0.411763 0.667286
vt 0.413462 0.667286
vt 0.414502 0.667286
vt 0.414853 0.667286
vt 0.371382 0.667084
vt 0.373738 0.667084
vt 0.376642 0.667084
vt 0.380006 0.667084
vt 0.383729 0.667084
vt 0.387696 0.667084
vt 0.391788 0.667084
vt 0.395879 0.667084
vt 0.399847 0.667084
vt 0.403569 0.667084
vt 0.406934 0.667084
vt 0.409838 0.667084
vt 0.412194 0.667084
vt 0.412194 0.667084
vt 0.409838 0.667084
vt 0.406934 0.667084
vt 0.403569 0.667084
vt 0.399847 0.667084
vt 0.395879 0.667084
vt 0.391788 0.667084
vt 0.387696 0.667084
vt 0.383729 0.667084
vt 0.380006 0.667084
vt 0.376642 0.667084
vt 0.373738 0.667084
vt 0.371382 0.667084
vt 0.461706 0.667084
vt 0.460643 0.667084
vt 0.461566 0.667286
vt 0.461216 0.667286
vt 0.461706 0.667084
vt 0.460643 0.667084
vt 0.416360 0.667084
vt 0.415341 0.667086
vt 0.415235 0.667094
vt 0.415332 0.667086
vt 0.416360 0.667084
vt 0.459035 0.671667
vt 0.458094 0.671667
vt 0.456558 0.671667
vt 0.454473 0.671667
vt 0.451904 0.671667
vt 0.448926 0.671667
vt 0.445633 0.671667
vt 0.442122 0.671667
vt 0.438502 0.671667
vt 0.434881 0.671667
vt 0.431370 0.671667
vt 0.428077 0.671667
vt 0.425100 0.671667
vt 0.422530 0.671667
vt 0.420445 0.671667
vt 0.418909 0.671667
vt 0.417969 0.671667
vt 0.417652 0.671667
vt 0.417969 0.671667
vt 0.418909 0.671667
vt 0.420445 0.671667
vt 0.422530 0.671667
vt 0.425100 0.671667
vt 0.428077 0.671667
vt 0.431370 0.671667
vt 0.434881 0.671667
vt 0.438502 0.671667
vt 0.442122 0.671667
vt 0.445633 0.671667
vt 0.448926 0.671667
vt 0.451904 0.671667
vt 0.454473 0.671667
vt 0.456558 0.671667
vt 0.458094 0.671667
vt 0.459035 0.671667
vt 0.459351 0.671667
vt 0.459152 0.670825
vt 0.458206 0.670825
vt 0.456662 0.670825
vt 0.454565 0.670825
vt 0.451980 0.670825
vt 0.448986 0.670825
vt 0.445674 0.670825
vt 0.442143 0.670825
vt 0.438502 0.670825
vt 0.434860 0.670825
vt 0.431330 0.670825
vt 0.428017 0.670825
vt 0.425023 0.670825
vt 0.422438 0.670825
vt 0.420342 0.670825
vt 0.418797 0.670825
vt 0.417851 0.670825
vt 0.417532 0.670825
vt 0.417851 0.670825
vt 0.418797 0.670825
vt 0.420342 0.670825
vt 0.422438 0.670825
vt 0.425023 0.670825
vt 0.428017 0.670825
vt 0.431330 0.670825
vt 0.434860 0.670825
vt 0.438502 0.670825
vt 0.442143 0.670825
vt 0.445674 0.670825
vt 0.448986 0.670825
vt 0.451980 0.670825
vt 0.454565 0.670825
vt 0.456662 0.670825
vt 0.458206 0.670825
vt 0.459152 0.670825
vt 0.459471 0.670825
vt 0.459345 0.670026
vt 0.458390 0.670026
vt 0.456831 0.670026
vt 0.454715 0.670026
vt 0.452106 0.670026
vt 0.449084 0.670026
vt 0.445741 0.670026
vt 0.442177 0.670026
vt 0.438502 0.670026
vt 0.434826 0.670026
vt 0.431263 0.670026
vt 0.427919 0.670026
vt 0.424897 0.670026
vt 0.422288 0.670026
vt 0.420172 0.670026
vt 0.418613 0.670026
vt 0.417658 0.670026
vt 0.417336 0.670026
vt 0.417658 0.670026
vt 0.418613 0.670026
vt 0.420172 0.670026
vt 0.422288 0.670026
vt 0.424897 0.670026
vt 0.427919 0.670026
vt 0.431263 0.670026
vt 0.434826 0.670026
vt 0.438502 0.670026
vt 0.442177 0.670026
vt 0.445741 0.670026
vt 0.449084 0.670026
vt 0.452106 0.670026
vt 0.454715 0.670026
vt 0.456831 0.670026
vt 0.458390 0.670026
vt 0.459345 0.670026
vt 0.459667 0.670026
vt 0.459609 0.669288
vt 0.458642 0.669288
vt 0.457063 0.669288
vt 0.454920 0.669288
vt 0.452278 0.669288
vt 0.449218 0.669288
vt 0.445832 0.669288
vt 0.442223 0.669288
vt 0.438502 0.669288
vt 0.434780 0.669288
vt 0.431171 0.669288
vt 0.427785 0.669288
vt 0.424725 0.669288
vt 0.422083 0.669288
vt 0.419940 0.669288
vt 0.418361 0.669288
vt 0.417394 0.669288
vt 0.417069 0.669288
vt 0.417394 0.669288
vt 0.418361 0.669288
vt 0.419940 0.669288
vt 0.422083 0.669288
vt 0.424725 0.669288
vt 0.427785 0.669288
vt 0.431171 0.669288
vt 0.434780 0.669288
vt 0.438502 0.669288
vt 0.442223 0.669288
vt 0.445832 0.669288
vt 0.449218 0.669288
vt 0.452278 0.669288
vt 0.454920 0.669288
vt 0.457063 0.669288
vt 0.458642 0.669288
vt 0.459609 0.669288
vt 0.459935 0.669288
vt 0.459936 0.668631
vt 0.458955 0.668631
vt 0.457351 0.668631
vt 0.455175 0.668631
vt 0.452492 0.668631
vt 0.449384 0.668631
vt 0.445946 0.668631
vt 0.442281 0.668631
vt 0.438502 0.668631
vt 0.434722 0.668631
vt 0.431057 0.668631
vt 0.427619 0.668631
vt 0.424511 0.668631
vt 0.421828 0.668631
vt 0.419652 0.668631
vt 0.418049 0.668631
vt 0.417067 0.668631
vt 0.416736 0.668631
vt 0.417067 0.668631
vt 0.418049 0.668631
vt 0.419652 0.668631
vt 0.421828 0.668631
vt 0.424511 0.668631
vt 0.427619 0.668631
vt 0.431057 0.668631
vt 0.434722 0.668631
vt 0.438502 0.668631
vt 0.442281 0.668631
vt 0.445946 0.668631
vt 0.449384 0.668631
vt 0.452492 0.668631
vt 0.455175 0.668631
vt 0.457351 0.668631
vt 0.458955 0.668631
vt 0.459936 0.668631
vt 0.460267 0.668631
vt 0.460320 0.668069
vt 0.459320 0.668069
vt 0.457688 0.668069
vt 0.455473 0.668069
vt 0.452743 0.668069
vt 0.449579 0.668069
vt 0.446079 0.668069
vt 0.442349 0.668069
vt 0.438502 0.668069
vt 0.434654 0.668069
vt 0.430924 0.668069
vt 0.427424 0.668069
vt 0.424261 0.668069
vt 0.421530 0.668069
vt 0.419315 0.668069
vt 0.417683 0.668069
vt 0.416683 0.668069
vt 0.416347 0.668069
vt 0.416683 0.668069
vt 0.417683 0.668069
vt 0.419315 0.668069
vt 0.421530 0.668069
vt 0.424261 0.668069
vt 0.427424 0.668069
vt 0.430924 0.668069
vt 0.434654 0.668069
vt 0.438502 0.668069
vt 0.442349 0.668069
vt 0.446079 0.668069
vt 0.449579 0.668069
vt 0.452743 0.668069
vt 0.455473 0.668069
vt 0.457688 0.668069
vt 0.459320 0.668069
vt 0.460320 0.668069
vt 0.460657 0.668069
vt 0.460750 0.667617
vt 0.459731 0.667617
vt 0.458067 0.667617
vt 0.455808 0.667617
vt 0.453023 0.667617
vt 0.449797 0.667617
vt 0.446228 0.667617
vt 0.442424 0.667617
vt 0.438502 0.667617
vt 0.434579 0.667617
vt 0.430775 0.667617
vt 0.427206 0.667617
vt 0.423980 0.667617
vt 0.421196 0.667617
vt 0.418937 0.667617
vt 0.417273 0.667617
vt 0.416253 0.667617
vt 0.415910 0.667617
vt 0.416253 0.667617
vt 0.417273 0.667617
vt 0.418937 0.667617
vt 0.421196 0.667617
vt 0.423980 0.667617
vt 0.427206 0.667617
vt 0.430775 0.667617
vt 0.434579 0.667617
vt 0.438502 0.667617
vt 0.442424 0.667617
vt 0.446228 0.667617
vt 0.449797 0.667617
vt 0.453023 0.667617
vt 0.455808 0.667617
vt 0.458067 0.667617
vt 0.459731 0.667617
vt 0.460750 0.667617
vt 0.461093 0.667617
vt 0.461216 0.667286
vt 0.460175 0.667286
vt 0.458476 0.667286
vt 0.456170 0.667286
vt 0.453327 0.667286
vt 0.450034 0.667286
vt 0.446390 0.667286
vt 0.442507 0.667286
vt 0.438502 0.667286
vt 0.434496 0.667286
vt 0.430613 0.667286
vt 0.426969 0.667286
vt 0.423676 0.667286
vt 0.420833 0.667286
vt 0.418527 0.667286
vt 0.416828 0.667286
vt 0.415787 0.667286
vt 0.415437 0.667286
vt 0.415787 0.667286
vt 0.416828 0.667286
vt 0.418527 0.667286
vt 0.420833 0.667286
vt 0.423676 0.667286
vt 0.426969 0.667286
vt 0.430613 0.667286
vt 0.434496 0.667286
vt 0.438502 0.667286
vt 0.442507 0.667286
vt 0.446390 0.667286
vt 0.450034 0.667286
vt 0.453327 0.667286
vt 0.456170 0.667286
vt 0.458476 0.667286
vt 0.460175 0.667286
vt 0.458907 0.667084
vt 0.456552 0.667084
vt 0.453647 0.667084
vt 0.450283 0.667084
vt 0.446561 0.667084
vt 0.442593 0.667084
vt 0.438502 0.667084
vt 0.434410 0.667084
vt 0.430443 0.667084
vt 0.426720 0.667084
vt 0.423356 0.667084
vt 0.420452 0.667084
vt 0.418096 0.667084
vt 0.418096 0.667084
vt 0.420452 0.667084
vt 0.423356 0.667084
vt 0.426720 0.667084
vt 0.430443 0.667084
vt 0.434410 0.667084
vt 0.438502 0.667084
vt 0.442593 0.667084
vt 0.446561 0.667084
vt 0.450283 0.667084
vt 0.453647 0.667084
vt 0.456552 0.667084
vt 0.458907 0.667084
vt 0.646663 0.831250
vt 0.646663 0.817467
vt 0.638452 0.831250
vt 0.638452 0.817467
vt 0.550841 0.831250
vt 0.550841 0.817467
vt 0.542629 0.831250
vt 0.542629 0.817467
vt 0.542629 0.817511
vt 0.542629 0.817467
vt 0.542629 0.817583
vt 0.542629 0.817513
vt 0.542629 0.831250
vt 0.542629 0.817583
vt 0.542629 0.817623
vt 0.542629 0.817626
vt 0.550841 0.831250
vt 0.638452 0.831250
vt 0.646663 0.831250
vt 0.646663 0.817511
vt 0.646663 0.817583
vt 0.646663 0.817513
vt 0.646663 0.817467
vt 0.646663 0.817583
vt 0.646663 0.817623
vt 0.646663 0.817626
vt 0.591804 0.822980
vt 0.592161 0.839519
vt 0.592161 0.822980
vt 0.591804 0.839519
vt 0.591804 0.822980
vt 0.590742 0.839519
vt 0.590742 0.822980
vt 0.589009 0.839519
vt 0.589009 0.822980
vt 0.586658 0.839519
vt 0.586658 0.822980
vt 0.583758 0.839519
vt 0.583758 0.822980
vt 0.580399 0.839519
vt 0.580399 0.822980
vt 0.576683 0.839519
vt 0.576683 0.822980
vt 0.572723 0.839519
vt 0.572723 0.822980
vt 0.568638 0.839519
vt 0.568638 0.822980
vt 0.564553 0.839519
vt 0.564553 0.822980
vt 0.560592 0.839519
vt 0.560592 0.822980
vt 0.556876 0.839519
vt 0.556876 0.822980
vt 0.553517 0.839519
vt 0.553517 0.822980
vt 0.550618 0.839519
vt 0.550618 0.822980
vt 0.548266 0.839519
vt 0.548266 0.822980
vt 0.546533 0.839519
vt 0.546533 0.822980
vt 0.545472 0.839519
vt 0.545472 0.822980
vt 0.545115 0.839519
vt 0.545115 0.822980
vt 0.545472 0.839519
vt 0.545472 0.822980
vt 0.546533 0.839519
vt 0.546533 0.822980
vt 0.548266 0.839519
vt 0.548266 0.822980
vt 0.550618 0.839519
vt 0.550618 0.822980
vt 0.553517 0.839519
vt 0.553517 0.822980
vt 0.556876 0.839519
vt 0.556876 0.822980
vt 0.560592 0.839519
vt 0.560592 0.822980
vt 0.564553 0.839519
vt 0.564553 0.822980
vt 0.568638 0.839519
vt 0.568638 0.822980
vt 0.572723 0.839519
vt 0.572723 0.822980
vt 0.576683 0.839519
vt 0.576683 0.822980
vt 0.580399 0.839519
vt 0.580399 0.822980
vt 0.583758 0.839519
vt 0.583758 0.822980
vt 0.586658 0.839519
vt 0.586658 0.822980
vt 0.589009 0.839519
vt 0.589009 0.822980
vt 0.590742 0.839519
vt 0.590742 0.822980
vt 0.591804 0.839519
vt 0.643821 0.822980
vt 0.644178 0.822980
vt 0.643821 0.822980
vt 0.642759 0.822980
vt 0.641027 0.822980
vt 0.638675 0.822980
vt 0.635775 0.822980
vt 0.632417 0.822980
vt 0.628700 0.822980
vt 0.624740 0.822980
vt 0.620655 0.822980
vt 0.616570 0.822980
vt 0.612609 0.822980
vt 0.608893 0.822980
vt 0.605534 0.822980
vt 0.602635 0.822980
vt 0.600283 0.822980
vt 0.598550 0.822980
vt 0.597489 0.822980
vt 0.597132 0.822980
vt 0.597489 0.822980
vt 0.598550 0.822980
vt 0.600283 0.822980
vt 0.602635 0.822980
vt 0.605534 0.822980
vt 0.608893 0.822980
vt 0.612609 0.822980
vt 0.616570 0.822980
vt 0.620655 0.822980
vt 0.624740 0.822980
vt 0.628700 0.822980
vt 0.632417 0.822980
vt 0.635775 0.822980
vt 0.638675 0.822980
vt 0.641027 0.822980
vt 0.642759 0.822980
vt 0.607261 0.817467
vt 0.603437 0.817467
vt 0.589158 0.817467
vt 0.600135 0.817467
vt 0.597457 0.817467
vt 0.591836 0.817467
vt 0.559476 0.817467
vt 0.555244 0.817467
vt 0.551419 0.817467
vt 0.548118 0.817467
vt 0.545440 0.817467
vt 0.543466 0.817467
vt 0.593809 0.817467
vt 0.595483 0.817467
vt 0.594646 0.817467
vt 0.634048 0.817467
vt 0.629817 0.817467
vt 0.611493 0.817467
vt 0.585856 0.817467
vt 0.616003 0.817467
vt 0.582031 0.817467
vt 0.577799 0.817467
vt 0.645826 0.817467
vt 0.643853 0.817467
vt 0.641175 0.817467
vt 0.637873 0.817467
vt 0.620655 0.817467
vt 0.625306 0.817467
vt 0.573289 0.817467
vt 0.568638 0.817467
vt 0.563986 0.817467
vt 0.553565 0.817467
vt 0.553333 0.817467
vt 0.583943 0.817467
vt 0.565980 0.817467
vt 0.563403 0.817467
vt 0.578476 0.817467
vt 0.556914 0.817467
vt 0.558800 0.817467
vt 0.560985 0.817467
vt 0.555383 0.817467
vt 0.554256 0.817467
vt 0.553565 0.817467
vt 0.554256 0.817467
vt 0.555383 0.817467
vt 0.556914 0.817467
vt 0.558800 0.817467
vt 0.560985 0.817467
vt 0.580362 0.817467
vt 0.563403 0.817467
vt 0.565980 0.817467
vt 0.568638 0.817467
vt 0.573872 0.817467
vt 0.576290 0.817467
vt 0.578476 0.817467
vt 0.580362 0.817467
vt 0.581892 0.817467
vt 0.583020 0.817467
vt 0.583710 0.817467
vt 0.573872 0.817467
vt 0.571295 0.817467
vt 0.568638 0.817467
vt 0.571295 0.817467
vt 0.583710 0.817467
vt 0.583020 0.817467
vt 0.581892 0.817467
vt 0.576290 0.817467
vt 0.583943 0.828493
vt 0.583710 0.828493
vt 0.583020 0.828493
vt 0.581892 0.828493
vt 0.580362 0.828493
vt 0.578476 0.828493
vt 0.576290 0.828493
vt 0.573872 0.828493
vt 0.571295 0.828493
vt 0.568638 0.828493
vt 0.565980 0.828493
vt 0.563403 0.828493
vt 0.560985 0.828493
vt 0.558800 0.828493
vt 0.556914 0.828493
vt 0.555383 0.828493
vt 0.554256 0.828493
vt 0.553565 0.828493
vt 0.553333 0.828493
vt 0.553565 0.828493
vt 0.554256 0.828493
vt 0.555383 0.828493
vt 0.556914 0.828493
vt 0.558800 0.828493
vt 0.560985 0.828493
vt 0.563403 0.828493
vt 0.565980 0.828493
vt 0.568638 0.828493
vt 0.571295 0.828493
vt 0.573872 0.828493
vt 0.576290 0.828493
vt 0.578476 0.828493
vt 0.580362 0.828493
vt 0.581892 0.828493
vt 0.583020 0.828493
vt 0.583710 0.828493
vt 0.587545 0.839519
vt 0.585362 0.839519
vt 0.582671 0.839519
vt 0.579554 0.839519
vt 0.576105 0.839519
vt 0.572429 0.839519
vt 0.568638 0.839519
vt 0.564847 0.839519
vt 0.561171 0.839519
vt 0.557722 0.839519
vt 0.554604 0.839519
vt 0.551913 0.839519
vt 0.549731 0.839519
vt 0.548122 0.839519
vt 0.547137 0.839519
vt 0.546806 0.839519
vt 0.547137 0.839519
vt 0.548122 0.839519
vt 0.549731 0.839519
vt 0.551913 0.839519
vt 0.554604 0.839519
vt 0.557722 0.839519
vt 0.561171 0.839519
vt 0.564847 0.839519
vt 0.568638 0.839519
vt 0.572429 0.839519
vt 0.576105 0.839519
vt 0.579554 0.839519
vt 0.582671 0.839519
vt 0.585362 0.839519
vt 0.587545 0.839519
vt 0.589153 0.839519
vt 0.590138 0.839519
vt 0.590470 0.839519
vt 0.590138 0.839519
vt 0.589153 0.839519
vt 0.635727 0.817467
vt 0.635960 0.828493
vt 0.635960 0.817467
vt 0.635727 0.828493
vt 0.635727 0.817467
vt 0.635037 0.828493
vt 0.635037 0.817467
vt 0.633909 0.828493
vt 0.633909 0.817467
vt 0.632379 0.828493
vt 0.632379 0.817467
vt 0.630493 0.828493
vt 0.630493 0.817467
vt 0.628307 0.828493
vt 0.628307 0.817467
vt 0.625889 0.828493
vt 0.625889 0.817467
vt 0.623312 0.828493
vt 0.623312 0.817467
vt 0.620655 0.828493
vt 0.620655 0.817467
vt 0.617997 0.828493
vt 0.617997 0.817467
vt 0.615420 0.828493
vt 0.615420 0.817467
vt 0.613002 0.828493
vt 0.613002 0.817467
vt 0.610817 0.828493
vt 0.610817 0.817467
vt 0.608931 0.828493
vt 0.608931 0.817467
vt 0.607400 0.828493
vt 0.607400 0.817467
vt 0.606273 0.828493
vt 0.606273 0.817467
vt 0.605583 0.828493
vt 0.605583 0.817467
vt 0.605350 0.828493
vt 0.605350 0.817467
vt 0.605583 0.828493
vt 0.605583 0.817467
vt 0.606273 0.828493
vt 0.606273 0.817467
vt 0.607400 0.828493
vt 0.607400 0.817467
vt 0.608931 0.828493
vt 0.608931 0.817467
vt 0.610817 0.828493
vt 0.610817 0.817467
vt 0.613002 0.828493
vt 0.613002 0.817467
vt 0.615420 0.828493
vt 0.615420 0.817467
vt 0.617997 0.828493
vt 0.617997 0.817467
vt 0.620655 0.828493
vt 0.620655 0.817467
vt 0.623312 0.828493
vt 0.623312 0.817467
vt 0.625889 0.828493
vt 0.625889 0.817467
vt 0.628307 0.828493
vt 0.628307 0.817467
vt 0.630493 0.828493
vt 0.630493 0.817467
vt 0.632379 0.828493
vt 0.632379 0.817467
vt 0.633909 0.828493
vt 0.633909 0.817467
vt 0.635037 0.828493
vt 0.635037 0.817467
vt 0.635727 0.828493
vt 0.594646 0.817467
vt 0.594833 0.817551
vt 0.594646 0.817467
vt 0.646477 0.817551
vt 0.645294 0.817551
vt 0.646325 0.817800
vt 0.645936 0.817800
vt 0.646477 0.817551
vt 0.645294 0.817551
vt 0.594646 0.817467
vt 0.596016 0.817551
vt 0.594646 0.817467
vt 0.594833 0.817551
vt 0.594646 0.817467
vt 0.596016 0.817551
vt 0.643870 0.822023
vt 0.642806 0.822023
vt 0.641069 0.822023
vt 0.638713 0.822023
vt 0.635807 0.822023
vt 0.632441 0.822023
vt 0.628717 0.822023
vt 0.624748 0.822023
vt 0.620655 0.822023
vt 0.616561 0.822023
vt 0.612593 0.822023
vt 0.608868 0.822023
vt 0.605502 0.822023
vt 0.602597 0.822023
vt 0.600240 0.822023
vt 0.598504 0.822023
vt 0.597440 0.822023
vt 0.597082 0.822023
vt 0.597440 0.822023
vt 0.598504 0.822023
vt 0.600240 0.822023
vt 0.602597 0.822023
vt 0.605502 0.822023
vt 0.608868 0.822023
vt 0.612593 0.822023
vt 0.616561 0.822023
vt 0.620655 0.822023
vt 0.624748 0.822023
vt 0.628717 0.822023
vt 0.632441 0.822023
vt 0.635807 0.822023
vt 0.638713 0.822023
vt 0.641069 0.822023
vt 0.642806 0.822023
vt 0.643870 0.822023
vt 0.644228 0.822023
vt 0.644014 0.821095
vt 0.642944 0.821095
vt 0.641197 0.821095
vt 0.638825 0.821095
vt 0.635902 0.821095
vt 0.632515 0.821095
vt 0.628768 0.821095
vt 0.624774 0.821095
vt 0.620655 0.821095
vt 0.616536 0.821095
vt 0.612542 0.821095
vt 0.608795 0.821095
vt 0.605408 0.821095
vt 0.602484 0.821095
vt 0.600113 0.821095
vt 0.598365 0.821095
vt 0.597295 0.821095
vt 0.596935 0.821095
vt 0.597295 0.821095
vt 0.598365 0.821095
vt 0.600113 0.821095
vt 0.602484 0.821095
vt 0.605408 0.821095
vt 0.608795 0.821095
vt 0.612542 0.821095
vt 0.616536 0.821095
vt 0.620655 0.821095
vt 0.624774 0.821095
vt 0.628768 0.821095
vt 0.632515 0.821095
vt 0.635902 0.821095
vt 0.638825 0.821095
vt 0.641197 0.821095
vt 0.642944 0.821095
vt 0.644014 0.821095
vt 0.644375 0.821095
vt 0.644251 0.820224
vt 0.643170 0.820224
vt 0.641405 0.820224
vt 0.639010 0.820224
vt 0.636056 0.820224
vt 0.632635 0.820224
vt 0.628850 0.820224
vt 0.624816 0.820224
vt 0.620655 0.820224
vt 0.616494 0.820224
vt 0.612460 0.820224
vt 0.608675 0.820224
vt 0.605253 0.820224
vt 0.602300 0.820224
vt 0.599904 0.820224
vt 0.598139 0.820224
vt 0.597058 0.820224
vt 0.596694 0.820224
vt 0.597058 0.820224
vt 0.598139 0.820224
vt 0.599904 0.820224
vt 0.602300 0.820224
vt 0.605253 0.820224
vt 0.608675 0.820224
vt 0.612460 0.820224
vt 0.616494 0.820224
vt 0.620655 0.820224
vt 0.624816 0.820224
vt 0.628850 0.820224
vt 0.632635 0.820224
vt 0.636056 0.820224
vt 0.639010 0.820224
vt 0.641405 0.820224
vt 0.643170 0.820224
vt 0.644251 0.820224
vt 0.644615 0.820224
vt 0.644573 0.819437
vt 0.643477 0.819437
vt 0.641688 0.819437
vt 0.639260 0.819437
vt 0.636266 0.819437
vt 0.632798 0.819437
vt 0.628961 0.819437
vt 0.624872 0.819437
vt 0.620655 0.819437
vt 0.616437 0.819437
vt 0.612348 0.819437
vt 0.608512 0.819437
vt 0.605044 0.819437
vt 0.602050 0.819437
vt 0.599622 0.819437
vt 0.597833 0.819437
vt 0.596737 0.819437
vt 0.596368 0.819437
vt 0.596737 0.819437
vt 0.597833 0.819437
vt 0.599622 0.819437
vt 0.602050 0.819437
vt 0.605044 0.819437
vt 0.608512 0.819437
vt 0.612348 0.819437
vt 0.616437 0.819437
vt 0.620655 0.819437
vt 0.624872 0.819437
vt 0.628961 0.819437
vt 0.632798 0.819437
vt 0.636266 0.819437
vt 0.639260 0.819437
vt 0.641688 0.819437
vt 0.643477 0.819437
vt 0.644573 0.819437
vt 0.644942 0.819437
vt 0.644969 0.818757
vt 0.643855 0.818757
vt 0.642036 0.818757
vt 0.639568 0.818757
vt 0.636525 0.818757
vt 0.632999 0.818757
vt 0.629099 0.818757
vt 0.624942 0.818757
vt 0.620655 0.818757
vt 0.616368 0.818757
vt 0.612211 0.818757
vt 0.608310 0.818757
vt 0.604785 0.818757
vt 0.601742 0.818757
vt 0.599273 0.818757
vt 0.597455 0.818757
vt 0.596341 0.818757
vt 0.595966 0.818757
vt 0.596341 0.818757
vt 0.597455 0.818757
vt 0.599273 0.818757
vt 0.601742 0.818757
vt 0.604785 0.818757
vt 0.608310 0.818757
vt 0.612211 0.818757
vt 0.616368 0.818757
vt 0.620655 0.818757
vt 0.624942 0.818757
vt 0.629099 0.818757
vt 0.632999 0.818757
vt 0.636525 0.818757
vt 0.639568 0.818757
vt 0.642036 0.818757
vt 0.643855 0.818757
vt 0.644969 0.818757
vt 0.645344 0.818757
vt 0.645428 0.818206
vt 0.644293 0.818206
vt 0.642440 0.818206
vt 0.639925 0.818206
vt 0.636824 0.818206
vt 0.633232 0.818206
vt 0.629258 0.818206
vt 0.625023 0.818206
vt 0.620655 0.818206
vt 0.616287 0.818206
vt 0.612051 0.818206
vt 0.608077 0.818206
vt 0.604486 0.818206
vt 0.601385 0.818206
vt 0.598870 0.818206
vt 0.597017 0.818206
vt 0.595882 0.818206
vt 0.595500 0.818206
vt 0.595882 0.818206
vt 0.597017 0.818206
vt 0.598870 0.818206
vt 0.601385 0.818206
vt 0.604486 0.818206
vt 0.608077 0.818206
vt 0.612051 0.818206
vt 0.616287 0.818206
vt 0.620655 0.818206
vt 0.625023 0.818206
vt 0.629258 0.818206
vt 0.633232 0.818206
vt 0.636824 0.818206
vt 0.639925 0.818206
vt 0.642440 0.818206
vt 0.644293 0.818206
vt 0.645428 0.818206
vt 0.645810 0.818206
vt 0.645936 0.817800
vt 0.644777 0.817800
vt 0.642886 0.817800
vt 0.640320 0.817800
vt 0.637156 0.817800
vt 0.633490 0.817800
vt 0.629435 0.817800
vt 0.625112 0.817800
vt 0.620655 0.817800
vt 0.616197 0.817800
vt 0.611875 0.817800
vt 0.607819 0.817800
vt 0.604154 0.817800
vt 0.600990 0.817800
vt 0.598423 0.817800
vt 0.596532 0.817800
vt 0.595374 0.817800
vt 0.594984 0.817800
vt 0.595374 0.817800
vt 0.596532 0.817800
vt 0.598423 0.817800
vt 0.600990 0.817800
vt 0.604154 0.817800
vt 0.607819 0.817800
vt 0.611875 0.817800
vt 0.616197 0.817800
vt 0.620655 0.817800
vt 0.625112 0.817800
vt 0.629435 0.817800
vt 0.633490 0.817800
vt 0.637156 0.817800
vt 0.640320 0.817800
vt 0.642886 0.817800
vt 0.644777 0.817800
vt 0.643362 0.817551
vt 0.640741 0.817551
vt 0.637509 0.817551
vt 0.633765 0.817551
vt 0.629623 0.817551
vt 0.625208 0.817551
vt 0.620655 0.817551
vt 0.616102 0.817551
vt 0.611687 0.817551
vt 0.607545 0.817551
vt 0.603801 0.817551
vt 0.600569 0.817551
vt 0.597947 0.817551
vt 0.597947 0.817551
vt 0.600569 0.817551
vt 0.603801 0.817551
vt 0.607545 0.817551
vt 0.611687 0.817551
vt 0.616102 0.817551
vt 0.620655 0.817551
vt 0.625208 0.817551
vt 0.629623 0.817551
vt 0.633765 0.817551
vt 0.637509 0.817551
vt 0.640741 0.817551
vt 0.643362 0.817551
vt 0.594460 0.817551
vt 0.542816 0.817551
vt 0.543999 0.817551
vt 0.542967 0.817800
vt 0.543357 0.817800
vt 0.542816 0.817551
vt 0.543999 0.817551
vt 0.593277 0.817551
vt 0.594460 0.817551
vt 0.593277 0.817551
vt 0.591852 0.822023
vt 0.590789 0.822023
vt 0.589053 0.822023
vt 0.586696 0.822023
vt 0.583790 0.822023
vt 0.580424 0.822023
vt 0.576700 0.822023
vt 0.572731 0.822023
vt 0.568638 0.822023
vt 0.564544 0.822023
vt 0.560575 0.822023
vt 0.556851 0.822023
vt 0.553485 0.822023
vt 0.550580 0.822023
vt 0.548223 0.822023
vt 0.546487 0.822023
vt 0.545423 0.822023
vt 0.545065 0.822023
vt 0.545423 0.822023
vt 0.546487 0.822023
vt 0.548223 0.822023
vt 0.550580 0.822023
vt 0.553485 0.822023
vt 0.556851 0.822023
vt 0.560575 0.822023
vt 0.564544 0.822023
vt 0.568638 0.822023
vt 0.572731 0.822023
vt 0.576700 0.822023
vt 0.580424 0.822023
vt 0.583790 0.822023
vt 0.586696 0.822023
vt 0.589053 0.822023
vt 0.590789 0.822023
vt 0.591852 0.822023
vt 0.592211 0.822023
vt 0.591998 0.821095
vt 0.590927 0.821095
vt 0.589180 0.821095
vt 0.586808 0.821095
vt 0.583885 0.821095
vt 0.580498 0.821095
vt 0.576751 0.821095
vt 0.572757 0.821095
vt 0.568638 0.821095
vt 0.564519 0.821095
vt 0.560525 0.821095
vt 0.556778 0.821095
vt 0.553391 0.821095
vt 0.550467 0.821095
vt 0.548096 0.821095
vt 0.546348 0.821095
vt 0.545278 0.821095
vt 0.544918 0.821095
vt 0.545278 0.821095
vt 0.546348 0.821095
vt 0.548096 0.821095
vt 0.550467 0.821095
vt 0.553391 0.821095
vt 0.556778 0.821095
vt 0.560525 0.821095
vt 0.564519 0.821095
vt 0.568638 0.821095
vt 0.572757 0.821095
vt 0.576751 0.821095
vt 0.580498 0.821095
vt 0.583885 0.821095
vt 0.586808 0.821095
vt 0.589180 0.821095
vt 0.590927 0.821095
vt 0.591998 0.821095
vt 0.592358 0.821095
vt 0.592234 0.820224
vt 0.591153 0.820224
vt 0.589388 0.820224
vt 0.586993 0.820224
vt 0.584039 0.820224
vt 0.580618 0.820224
vt 0.576833 0.820224
vt 0.572799 0.820224
vt 0.568638 0.820224
vt 0.564477 0.820224
vt 0.560443 0.820224
vt 0.556658 0.820224
vt 0.553236 0.820224
vt 0.550283 0.820224
vt 0.547887 0.820224
vt 0.546122 0.820224
vt 0.545041 0.820224
vt 0.544677 0.820224
vt 0.545041 0.820224
vt 0.546122 0.820224
vt 0.547887 0.820224
vt 0.550283 0.820224
vt 0.553236 0.820224
vt 0.556658 0.820224
vt 0.560443 0.820224
vt 0.564477 0.820224
vt 0.568638 0.820224
vt 0.572799 0.820224
vt 0.576833 0.820224
vt 0.580618 0.820224
vt 0.584039 0.820224
vt 0.586993 0.820224
vt 0.589388 0.820224
vt 0.591153 0.820224
vt 0.592234 0.820224
vt 0.592598 0.820224
vt 0.592556 0.819437
vt 0.591460 0.819437
vt 0.589671 0.819437
vt 0.587243 0.819437
vt 0.584249 0.819437
vt 0.580781 0.819437
vt 0.576944 0.819437
vt 0.572855 0.819437
vt 0.568638 0.819437
vt 0.564420 0.819437
vt 0.560331 0.819437
vt 0.556494 0.819437
vt 0.553027 0.819437
vt 0.550033 0.819437
vt 0.547605 0.819437
vt 0.545816 0.819437
vt 0.544720 0.819437
vt 0.544351 0.819437
vt 0.544720 0.819437
vt 0.545816 0.819437
vt 0.547605 0.819437
vt 0.550033 0.819437
vt 0.553027 0.819437
vt 0.556494 0.819437
vt 0.560331 0.819437
vt 0.564420 0.819437
vt 0.568638 0.819437
vt 0.572855 0.819437
vt 0.576944 0.819437
vt 0.580781 0.819437
vt 0.584249 0.819437
vt 0.587243 0.819437
vt 0.589671 0.819437
vt 0.591460 0.819437
vt 0.592556 0.819437
vt 0.592925 0.819437
vt 0.592952 0.818757
vt 0.591838 0.818757
vt 0.590019 0.818757
vt 0.587551 0.818757
vt 0.584508 0.818757
vt 0.580982 0.818757
vt 0.577082 0.818757
vt 0.572925 0.818757
vt 0.568638 0.818757
vt 0.564351 0.818757
vt 0.560194 0.818757
vt 0.556293 0.818757
vt 0.552768 0.818757
vt 0.549725 0.818757
vt 0.547256 0.818757
vt 0.545438 0.818757
vt 0.544324 0.818757
vt 0.543949 0.818757
vt 0.544324 0.818757
vt 0.545438 0.818757
vt 0.547256 0.818757
vt 0.549725 0.818757
vt 0.552768 0.818757
vt 0.556293 0.818757
vt 0.560194 0.818757
vt 0.564351 0.818757
vt 0.568638 0.818757
vt 0.572925 0.818757
vt 0.577082 0.818757
vt 0.580982 0.818757
vt 0.584508 0.818757
vt 0.587551 0.818757
vt 0.590019 0.818757
vt 0.591838 0.818757
vt 0.592952 0.818757
vt 0.593327 0.818757
vt 0.593411 0.818206
vt 0.592276 0.818206
vt 0.590423 0.818206
vt 0.587908 0.818206
vt 0.584807 0.818206
vt 0.581215 0.818206
vt 0.577241 0.818206
vt 0.573006 0.818206
vt 0.568638 0.818206
vt 0.564270 0.818206
vt 0.560034 0.818206
vt 0.556060 0.818206
vt 0.552468 0.818206
vt 0.549368 0.818206
vt 0.546853 0.818206
vt 0.545000 0.818206
vt 0.543865 0.818206
vt 0.543483 0.818206
vt 0.543865 0.818206
vt 0.545000 0.818206
vt 0.546853 0.818206
vt 0.549368 0.818206
vt 0.552468 0.818206
vt 0.556060 0.818206
vt 0.560034 0.818206
vt 0.564270 0.818206
vt 0.568638 0.818206
vt 0.573006 0.818206
vt 0.577241 0.818206
vt 0.581215 0.818206
vt 0.584807 0.818206
vt 0.587908 0.818206
vt 0.590423 0.818206
vt 0.592276 0.818206
vt 0.593411 0.818206
vt 0.593793 0.818206
vt 0.593918 0.817800
vt 0.592760 0.817800
vt 0.590869 0.817800
vt 0.588303 0.817800
vt 0.585139 0.817800
vt 0.581473 0.817800
vt 0.577418 0.817800
vt 0.573096 0.817800
vt 0.568638 0.817800
vt 0.564180 0.817800
vt 0.559858 0.817800
vt 0.555802 0.817800
vt 0.552137 0.817800
vt 0.548973 0.817800
vt 0.546406 0.817800
vt 0.544515 0.817800
vt 0.543357 0.817800
vt 0.544515 0.817800
vt 0.546406 0.817800
vt 0.548973 0.817800
vt 0.552137 0.817800
vt 0.555802 0.817800
vt 0.559858 0.817800
vt 0.564180 0.817800
vt 0.568638 0.817800
vt 0.573096 0.817800
vt 0.577418 0.817800
vt 0.581473 0.817800
vt 0.585139 0.817800
vt 0.588303 0.817800
vt 0.590869 0.817800
vt 0.592760 0.817800
vt 0.593918 0.817800
vt 0.594308 0.817800
vt 0.545930 0.817551
vt 0.548552 0.817551
vt 0.551784 0.817551
vt 0.555528 0.817551
vt 0.559670 0.817551
vt 0.564085 0.817551
vt 0.568638 0.817551
vt 0.573191 0.817551
vt 0.577606 0.817551
vt 0.581748 0.817551
vt 0.585492 0.817551
vt 0.588724 0.817551
vt 0.591345 0.817551
vt 0.591345 0.817551
vt 0.588724 0.817551
vt 0.585492 0.817551
vt 0.581748 0.817551
vt 0.577606 0.817551
vt 0.573191 0.817551
vt 0.568638 0.817551
vt 0.564085 0.817551
vt 0.559670 0.817551
vt 0.555528 0.817551
vt 0.551784 0.817551
vt 0.548552 0.817551
vt 0.545930 0.817551
vn -0.0001 -0.0000 -1.0000
vn 0.0000 0.0000 -1.0000
vn 0.0001 0.0000 -1.0000
vn 1.0000 0.0000 0.0000
vn -1.0000 -0.0000 -0.0000
vn 0.0000 0.0000 1.0000
vn 0.0000 0.9796 0.2010
vn -0.0000 -0.9796 0.2010
vn 0.0000 1.0000 -0.0000
vn 0.0000 0.9564 0.2922
vn 0.0000 0.7071 -0.7071
vn 0.0000 -0.9916 0.1294
vn 0.0000 -0.9612 -0.2757
vn 0.0000 -0.9985 0.0541
vn -0.0000 0.9670 0.2549
vn 0.0000 0.9670 0.2550
vn 0.9251 0.0000 0.3796
vn 0.9251 -0.0001 0.3796
vn 0.9252 0.0006 0.3796
vn 0.9251 0.0001 0.3796
vn 0.9979 0.0000 -0.0655
vn 0.9979 -0.0001 -0.0655
vn 0.9978 -0.0000 -0.0655
vn 0.9979 0.0001 -0.0655
vn 0.9978 -0.0001 -0.0655
vn -0.8803 0.0000 -0.4745
vn -0.8803 -0.0001 -0.4744
vn -0.8803 0.0001 -0.4744
vn -0.8803 0.0000 -0.4744
vn 0.8779 0.0001 -0.4789
vn 0.8779 0.0000 -0.4788
vn 0.8779 -0.0001 -0.4789
vn 0.8779 0.0000 -0.4789
vn 0.8779 -0.0001 -0.4788
vn 0.8779 -0.0002 -0.4789
vn 0.8779 0.0002 -0.4789
vn 0.8779 0.0001 -0.4788
vn 0.9910 0.0000 0.1335
vn 0.9910 0.0000 0.1336
vn 0.9910 0.0001 0.1335
vn 0.9910 -0.0001 0.1336
vn -0.7952 0.0001 0.6063
vn -0.7952 0.0000 0.6063
vn -0.7952 -0.0001 0.6064
vn -0.7952 0.0000 0.6064
vn -0.7952 -0.0002 0.6063
vn -0.7952 -0.0001 0.6063
vn -0.7952 -0.0002 0.6064
vn -0.7952 0.0001 0.6064
vn -0.8803 -0.0001 -0.4745
vn -0.8803 0.0001 -0.4745
vn -0.9836 0.0000 -0.1804
vn -0.9836 -0.0001 -0.1804
vn 0.5148 0.0000 -0.8573
vn 0.5148 0.0001 -0.8573
vn 0.5148 0.0002 -0.8573
vn 0.5148 -0.0002 -0.8573
vn 0.5148 -0.0003 -0.8573
vn 0.5148 -0.0004 -0.8573
vn 0.5149 -0.0008 -0.8573
vn -0.1804 0.0000 0.9836
vn -0.1804 0.0001 0.9836
vn -0.1804 -0.0001 0.9836
vn -0.1805 -0.0004 0.9836
vn -0.1804 -0.0002 0.9836
vn -0.1804 0.0002 0.9836
vn -0.1803 0.0005 0.9836
vn -0.1804 0.0004 0.9836
vn 0.1476 0.0000 -0.9890
vn 0.1476 -0.0001 -0.9891
vn 0.4384 0.0000 -0.8988
vn 0.4384 -0.0001 -0.8988
vn 0.4385 0.0000 -0.8987
vn 0.4385 0.0001 -0.8987
vn 0.7983 0.0000 -0.6022
vn 0.7983 0.0000 -0.6023
vn 0.7983 -0.0001 -0.6022
vn 0.9989 0.0000 -0.0479
vn 0.8570 -0.0489 0.5130
vn 0.8825 0.0005 0.4703
vn 0.8831 0.0005 0.4692
vn 0.8825 0.0009 0.4703
vn 0.8831 0.0011 0.4692
vn 0.8748 -0.0003 0.4845
vn 0.8703 -0.0109 0.4924
vn 0.8689 -0.0038 0.4950
vn 0.8702 -0.0031 0.4927
vn 0.8590 0.0022 0.5119
vn 0.8831 -0.0035 0.4691
vn 0.8942 0.0033 0.4476
vn 0.8942 0.0034 0.4476
vn 0.8954 -0.0056 0.4452
vn 0.9054 0.0053 0.4245
vn 0.9071 0.0015 0.4210
vn 0.9054 0.0015 0.4246
vn 0.9071 0.0013 0.4210
vn 0.9053 -0.0075 0.4247
vn 0.9070 -0.0075 0.4211
vn 0.9160 0.0072 0.4010
vn 0.9253 0.0000 0.3792
vn 0.9245 0.0054 0.3811
vn 0.9179 -0.0093 0.3967
vn -0.9953 -0.0000 0.0971
vn -0.9953 0.0001 0.0969
vn -1.0000 -0.0001 0.0000
vn -0.5498 -0.0000 0.8353
vn -0.5497 -0.0005 0.8354
vn -0.0846 -0.9955 0.0427
vn -0.1428 -0.9897 0.0103
vn -0.1014 -0.9897 0.1011
vn -0.1814 -0.9815 -0.0608
vn -0.1126 -0.9815 0.1547
vn -0.0735 -0.9710 0.2274
vn -0.1069 -0.9725 0.2070
vn -0.1296 -0.9810 0.1441
vn -0.1652 -0.9827 0.0833
vn -0.1931 -0.9809 0.0246
vn -0.1940 -0.9810 -0.0008
vn -0.2272 -0.9724 -0.0525
vn -0.1839 -0.9709 -0.1534
vn -0.0376 -0.9581 0.2840
vn -0.0650 -0.9583 0.2781
vn -0.2763 -0.9611 0.0001
vn -0.2210 -0.9561 -0.1925
vn -0.2066 -0.9548 -0.2139
vn -0.2125 -0.9546 -0.2087
vn -0.2098 -0.9533 -0.2172
vn -0.1919 -0.9565 -0.2196
vn -0.1928 -0.9566 -0.2187
vn -0.2343 -0.9607 -0.1486
vn -0.2234 -0.9610 -0.1632
vn -0.2268 -0.9585 -0.1729
vn -0.2313 -0.9584 -0.1673
vn -0.2274 -0.9583 -0.1732
vn -0.2139 -0.9584 -0.1888
vn -0.2163 -0.9564 -0.1961
vn -0.2257 -0.9602 -0.1644
vn -0.2428 -0.9594 -0.1437
vn -0.2358 -0.9602 -0.1494
vn -0.2355 -0.9607 -0.1473
vn -0.2346 -0.9606 -0.1488
vn -0.2451 -0.9610 -0.1282
vn -0.2474 -0.9604 -0.1278
vn -0.2554 -0.9616 -0.1005
vn -0.2533 -0.9618 -0.1035
vn -0.2496 -0.9612 -0.1177
vn -0.2610 -0.9594 -0.1071
vn -0.2608 -0.9609 -0.0932
vn -0.2563 -0.9609 -0.1049
vn -0.2578 -0.9619 -0.0915
vn -0.2750 -0.9576 -0.0863
vn -0.2799 -0.9580 -0.0615
vn -0.2731 -0.9582 -0.0855
vn -0.2713 -0.9605 -0.0616
vn -0.2682 -0.9612 -0.0644
vn -0.2551 -0.9625 -0.0917
vn -0.2781 -0.9589 -0.0553
vn -0.2782 -0.9589 -0.0553
vn -0.2692 -0.9620 -0.0449
vn -0.2770 -0.9605 -0.0270
vn -0.2774 -0.9605 -0.0240
vn -0.2707 -0.9623 -0.0274
vn -0.2617 -0.9648 0.0262
vn -0.2788 -0.9601 0.0201
vn -0.2780 -0.9602 0.0269
vn -0.2634 -0.9639 0.0400
vn -0.2754 -0.9598 0.0536
vn -0.2729 -0.9598 0.0660
vn -0.2687 -0.9618 0.0534
vn -0.2721 -0.9611 0.0481
vn -0.2651 -0.9608 0.0809
vn -0.2697 -0.9599 0.0762
vn -0.2684 -0.9599 0.0810
vn -0.2765 -0.9580 0.0760
vn -0.2725 -0.9568 0.1015
vn -0.2649 -0.9579 0.1108
vn -0.2684 -0.9579 0.1014
vn -0.2632 -0.9585 0.1095
vn -0.2630 -0.9587 0.1087
vn -0.2522 -0.9595 0.1257
vn -0.2424 -0.9616 0.1289
vn -0.2626 -0.9587 0.1090
vn -0.2424 -0.9616 0.1288
vn -0.2157 -0.9603 0.1769
vn -0.2177 -0.9633 0.1572
vn -0.2330 -0.9598 0.1563
vn -0.2399 -0.9598 0.1459
vn -0.2183 -0.9650 0.1451
vn -0.2481 -0.9595 0.1333
vn -0.1960 -0.9608 0.1959
vn -0.1963 -0.9608 0.1956
vn -0.1965 -0.9606 0.1964
vn -0.1965 -0.9606 0.1963
vn -0.1800 -0.9609 0.2106
vn -0.1771 -0.9601 0.2166
vn -0.1824 -0.9592 0.2160
vn -0.1795 -0.9592 0.2183
vn -0.1829 -0.9590 0.2164
vn -0.1703 -0.9571 0.2342
vn -0.1525 -0.9656 0.2107
vn -0.1583 -0.9580 0.2392
vn -0.1622 -0.9573 0.2394
vn -0.1261 -0.9606 0.2478
vn -0.1362 -0.9586 0.2500
vn -0.1489 -0.9586 0.2429
vn -0.1302 -0.9626 0.2376
vn -0.1612 -0.9580 0.2373
vn -0.0854 -0.9584 0.2724
vn -0.0870 -0.9592 0.2691
vn -0.0842 -0.9591 0.2701
vn -0.1072 -0.9598 0.2595
vn -0.1106 -0.9590 0.2608
vn -0.0366 -0.9599 0.2780
vn -0.0086 -0.9607 0.2774
vn -0.0100 -0.9582 0.2859
vn -0.0052 -0.9576 0.2880
vn -0.0043 -0.9710 0.2389
vn -0.0034 -0.9815 0.1912
vn -0.0026 -0.9897 0.1431
vn -0.0017 -0.9955 0.0946
vn -0.0905 -0.9927 -0.0793
vn -0.0652 -0.9967 -0.0477
vn -0.0825 -0.9956 -0.0441
vn -0.1696 -0.9813 -0.0906
vn -0.1213 -0.9872 -0.1038
vn -0.1085 -0.9896 -0.0947
vn -0.1433 -0.9878 -0.0603
vn -0.1515 -0.9804 -0.1258
vn -0.1578 -0.9804 -0.1175
vn -0.1623 -0.9788 -0.1245
vn -0.1637 -0.9809 -0.1048
vn -0.2050 -0.9784 -0.0263
vn -0.2342 -0.9722 0.0019
vn -0.1931 -0.9809 0.0247
vn -0.1909 -0.9815 0.0137
vn -0.1859 -0.9823 0.0242
vn -0.1927 -0.9809 0.0246
vn -0.2297 -0.9718 0.0526
vn -0.2295 -0.9718 0.0537
vn -0.2253 -0.9729 0.0523
vn -0.1935 -0.9783 0.0739
vn -0.1955 -0.9783 0.0679
vn -0.1660 -0.9848 0.0505
vn -0.1554 -0.9852 0.0728
vn -0.1606 -0.9841 0.0756
vn -0.1514 -0.9842 0.0921
vn -0.1555 -0.9828 0.0998
vn -0.1433 -0.9843 0.1034
vn -0.1415 -0.9827 0.1197
vn -0.1411 -0.9827 0.1195
vn -0.1374 -0.9810 0.1369
vn -0.1202 -0.9829 0.1391
vn -0.1548 -0.9724 0.1744
vn -0.1521 -0.9721 0.1786
vn -0.1119 -0.9799 0.1651
vn -0.1556 -0.9644 0.2139
vn -0.1453 -0.9644 0.2210
vn -0.1771 -0.9680 0.1777
vn -0.1770 -0.9680 0.1777
vn -0.1691 -0.9711 0.1684
vn -0.1671 -0.9711 0.1703
vn -0.1884 -0.9570 0.2204
vn -0.2071 -0.9623 0.1760
vn -0.1857 -0.9698 0.1579
vn -0.2086 -0.9634 0.1685
vn -0.2142 -0.9709 0.1068
vn -0.2318 -0.9625 0.1409
vn -0.2026 -0.9704 0.1312
vn -0.1958 -0.9704 0.1414
vn -0.2375 -0.9584 0.1581
vn -0.1891 -0.9699 0.1537
vn -0.2515 -0.9676 0.0202
vn -0.2430 -0.9699 0.0175
vn -0.2427 -0.9699 0.0203
vn -0.2668 -0.9629 0.0406
vn -0.2019 -0.9782 0.0489
vn -0.2446 -0.9696 -0.0072
vn -0.2594 -0.9658 -0.0019
vn -0.2718 -0.9624 -0.0020
vn -0.1735 -0.9828 -0.0631
vn -0.2782 -0.9594 -0.0464
vn -0.2370 -0.9709 -0.0336
vn -0.2385 -0.9709 -0.0206
vn -0.2783 -0.9599 -0.0332
vn -0.1519 -0.9838 -0.0950
vn -0.2858 -0.9466 -0.1494
vn -0.1196 -0.9917 -0.0470
vn -0.1907 -0.9569 -0.2190
vn -0.1994 -0.9624 -0.1843
vn -0.1929 -0.9630 -0.1881
vn -0.1945 -0.9592 -0.2052
vn -0.2064 -0.9592 -0.1932
vn -0.1780 -0.9725 -0.1505
vn -0.1767 -0.9663 -0.1873
vn -0.1982 -0.9684 -0.1515
vn -0.1898 -0.9686 -0.1606
vn -0.1872 -0.9702 -0.1537
vn -0.1869 -0.9702 -0.1540
vn -0.2041 -0.9737 -0.1013
vn -0.1948 -0.9726 -0.1268
vn -0.2205 -0.9734 -0.0627
vn -0.2163 -0.9736 -0.0725
vn -0.2202 -0.9722 -0.0791
vn -0.0790 -0.9777 0.1944
vn -0.1470 -0.9610 0.2343
vn -0.1331 -0.9670 0.2171
vn -0.1433 -0.9671 0.2104
vn -0.2864 -0.8715 0.3980
vn -0.1473 -0.9693 0.1970
vn -0.1266 -0.9684 0.2149
vn -0.1513 -0.9714 0.1832
vn -0.0443 -0.9815 0.1861
vn -0.1887 -0.9815 -0.0315
vn -0.1317 -0.9897 -0.0561
vn -0.1760 -0.9815 -0.0750
vn -0.2067 -0.9744 -0.0881
vn -0.2102 -0.9722 -0.1037
vn -0.0332 -0.9897 0.1393
vn -0.0441 -0.9897 0.1362
vn -0.0430 -0.9955 0.0844
vn -0.0362 -0.9955 0.0875
vn -0.0547 -0.9897 0.1323
vn -0.0589 -0.9815 0.1821
vn -0.0553 -0.9710 0.2325
vn -0.1234 -0.9695 0.2120
vn -0.1150 -0.9674 0.2258
vn -0.0977 -0.9704 0.2211
vn -0.0923 -0.9703 0.2235
vn -0.0987 -0.9690 0.2267
vn -0.0700 -0.9710 0.2287
vn -0.0814 -0.9770 0.1969
vn -0.0731 -0.9815 0.1768
vn -0.0868 -0.9815 0.1705
vn -0.0650 -0.9897 0.1276
vn -0.0748 -0.9897 0.1221
vn -0.1124 -0.9688 0.2208
vn -0.1000 -0.9815 0.1631
vn -0.0843 -0.9897 0.1158
vn -0.1145 -0.9688 0.2196
vn -0.1039 -0.9801 0.1694
vn -0.0931 -0.9897 0.1088
vn -0.0616 -0.9955 0.0719
vn -0.0671 -0.9955 0.0669
vn -0.1278 -0.9897 0.0645
vn -0.1224 -0.9897 0.0744
vn -0.1161 -0.9897 0.0838
vn -0.1364 -0.9897 0.0436
vn -0.1394 -0.9897 0.0326
vn -0.1763 -0.9827 0.0562
vn -0.1764 -0.9827 0.0563
vn -0.1803 -0.9827 0.0422
vn -0.1416 -0.9897 0.0215
vn -0.0936 -0.9955 0.0142
vn -0.0945 -0.9955 0.0068
vn -0.1412 -0.9897 -0.0236
vn -0.1389 -0.9897 -0.0347
vn -0.2383 -0.9709 -0.0239
vn -0.2361 -0.9709 -0.0394
vn -0.1857 -0.9815 -0.0463
vn -0.1358 -0.9897 -0.0455
vn -0.0898 -0.9955 -0.0301
vn -0.0871 -0.9955 -0.0371
vn -0.0217 -0.9576 0.2874
vn -0.0180 -0.9710 0.2384
vn -0.0144 -0.9815 0.1908
vn -0.0108 -0.9897 0.1428
vn -0.0071 -0.9955 0.0944
vn -0.0441 -0.9580 0.2832
vn -0.0368 -0.9710 0.2362
vn -0.0295 -0.9815 0.1891
vn -0.0220 -0.9897 0.1415
vn -0.0146 -0.9955 0.0936
vn -0.0291 -0.9955 0.0901
vn -0.0219 -0.9955 0.0921
vn -0.0659 -0.9586 0.2769
vn -0.0557 -0.9955 0.0766
vn -0.0495 -0.9955 0.0807
vn -0.0671 -0.9955 0.0668
vn -0.1255 -0.9812 0.1466
vn -0.1268 -0.9815 0.1435
vn -0.1253 -0.9819 0.1418
vn -0.1448 -0.9722 0.1843
vn -0.1412 -0.9827 0.1200
vn -0.1091 -0.9897 0.0927
vn -0.0722 -0.9955 0.0613
vn -0.0809 -0.9955 0.0492
vn -0.0768 -0.9955 0.0554
vn -0.1712 -0.9827 0.0700
vn -0.1325 -0.9897 0.0542
vn -0.0877 -0.9955 0.0358
vn -0.0922 -0.9955 0.0216
vn -0.0902 -0.9955 0.0288
vn -0.1892 -0.9815 0.0288
vn -0.1881 -0.9815 0.0343
vn -0.2047 -0.9776 0.0479
vn -0.1881 -0.9795 0.0722
vn -0.1915 -0.9815 0.0021
vn -0.1940 -0.9810 -0.0014
vn -0.1432 -0.9897 -0.0010
vn -0.0947 -0.9955 -0.0007
vn -0.2069 -0.9782 -0.0179
vn -0.1906 -0.9815 -0.0165
vn -0.1427 -0.9897 -0.0124
vn -0.0943 -0.9955 -0.0082
vn -0.0919 -0.9955 -0.0229
vn -0.0934 -0.9955 -0.0156
vn -0.2217 -0.9735 -0.0553
vn -0.2078 -0.9721 -0.1087
vn -0.1696 -0.9815 -0.0887
vn -0.1269 -0.9897 -0.0664
vn -0.0839 -0.9955 -0.0439
vn -0.0802 -0.9955 -0.0504
vn -0.0756 -0.9955 -0.0571
vn -0.1144 -0.9929 -0.0312
vn -0.1868 -0.9746 -0.1236
vn -0.1893 -0.9717 -0.1410
vn -0.1999 -0.9717 -0.1256
vn -0.1620 -0.9815 -0.1018
vn -0.1213 -0.9897 -0.0762
vn -0.0222 -0.9995 0.0221
vn -0.0238 -0.9995 0.0203
vn -0.0267 -0.9995 0.0163
vn -0.0290 -0.9995 0.0118
vn -0.0305 -0.9995 0.0071
vn -0.0217 -0.9995 -0.0226
vn -0.0190 -0.9995 -0.0250
vn -0.0146 -0.9995 -0.0278
vn -0.0061 -0.9995 -0.0313
vn -0.0189 -0.9995 -0.0250
vn -0.0235 -0.9995 -0.0207
vn -0.0265 -0.9995 -0.0166
vn -0.0252 -0.9995 -0.0184
vn -0.0252 -0.9995 -0.0186
vn -0.0244 -0.9995 -0.0196
vn -0.0265 -0.9995 -0.0167
vn -0.0288 -0.9995 -0.0123
vn -0.0277 -0.9995 -0.0145
vn -0.0304 -0.9995 -0.0076
vn -0.0297 -0.9995 -0.0100
vn -0.0312 -0.9995 -0.0027
vn -0.0309 -0.9995 -0.0052
vn -0.0312 -0.9995 0.0022
vn -0.0313 -0.9995 -0.0002
vn -0.0309 -0.9995 0.0047
vn -0.0298 -0.9995 0.0095
vn -0.0279 -0.9995 0.0141
vn -0.0254 -0.9995 0.0183
vn -0.0184 -0.9995 0.0253
vn -0.0204 -0.9995 0.0238
vn -0.0142 -0.9995 0.0279
vn -0.0164 -0.9995 0.0267
vn -0.0096 -0.9995 0.0298
vn -0.0120 -0.9995 0.0289
vn -0.0048 -0.9995 0.0309
vn -0.0072 -0.9995 0.0304
vn -0.0006 -0.9995 0.0313
vn -0.0024 -0.9995 0.0312
vn 0.4926 0.6413 -0.5882
vn 0.2396 0.6575 -0.7144
vn 0.0181 0.6463 -0.7629
vn 0.0155 0.6428 -0.7659
vn 0.0535 0.6501 -0.7579
vn 0.0604 0.6649 -0.7445
vn 0.0885 0.6587 -0.7471
vn 0.0608 0.6587 -0.7499
vn 0.2229 0.6414 -0.7341
vn 0.1916 0.6518 -0.7338
vn 0.1797 0.6640 -0.7259
vn 0.1627 0.6414 -0.7497
vn 0.1841 0.6411 -0.7450
vn 0.1627 0.6408 -0.7503
vn 0.1214 0.6572 -0.7439
vn 0.1243 0.6682 -0.7335
vn 0.0919 0.6382 -0.7644
vn 0.3312 0.7044 -0.6278
vn 0.3338 0.6150 -0.7144
vn 0.2744 0.7170 -0.6408
vn 0.2608 0.7046 -0.6599
vn 0.2792 0.7048 -0.6522
vn 0.2887 0.6459 -0.7067
vn 0.2426 0.6467 -0.7232
vn 0.2412 0.6721 -0.7001
vn 0.2138 0.6575 -0.7225
vn 0.3724 0.6919 -0.6186
vn 0.3727 0.6919 -0.6184
vn 0.3379 0.6927 -0.6371
vn 0.3874 0.5576 -0.7342
vn 0.3934 0.6800 -0.6187
vn 0.4056 0.6643 -0.6279
vn 0.4527 0.6606 -0.5989
vn 0.4351 0.6390 -0.6343
vn 0.4624 0.6418 -0.6117
vn 0.4344 0.6420 -0.6317
vn 0.4533 0.6590 -0.6002
vn 0.4454 0.6677 -0.5965
vn 0.7233 0.6506 -0.2313
vn 0.7332 0.6332 -0.2479
vn 0.7010 0.6634 -0.2616
vn 0.7010 0.6634 -0.2618
vn 0.7011 0.6634 -0.2616
vn 0.7013 0.6629 -0.2622
vn 0.7095 0.6324 -0.3110
vn 0.7566 0.6205 0.2065
vn 0.7332 0.6583 0.1703
vn 0.0895 0.9960 0.0042
vn 0.0596 0.9974 -0.0411
vn 0.0733 0.9973 -0.0021
vn 0.0732 0.9972 -0.0124
vn 0.0722 0.9971 -0.0228
vn 0.0728 0.9970 -0.0257
vn 0.0753 0.9970 -0.0195
vn 0.0691 0.9969 -0.0382
vn 0.0752 0.9958 -0.0514
vn 0.0680 0.9956 -0.0643
vn 0.0772 0.9959 -0.0471
vn 0.0871 0.9957 -0.0326
vn 0.0745 0.9959 -0.0509
vn 0.0837 0.9959 -0.0338
vn 0.0773 0.9960 -0.0442
vn 0.0741 0.9959 -0.0513
vn 0.0778 0.9960 -0.0444
vn 0.0715 0.9958 -0.0579
vn 0.0661 0.9958 -0.0639
vn 0.0664 0.9958 -0.0633
vn 0.0613 0.9957 -0.0688
vn 0.0665 0.9957 -0.0639
vn 0.0623 0.9956 -0.0699
vn 0.0575 0.9956 -0.0742
vn 0.0567 0.9956 -0.0751
vn 0.0578 0.9956 -0.0742
vn 0.0570 0.9955 -0.0754
vn 0.0462 0.9953 -0.0855
vn 0.0507 0.9955 -0.0797
vn 0.0439 0.9956 -0.0833
vn 0.0146 0.9959 -0.0893
vn 0.0104 0.9953 -0.0958
vn 0.0234 0.9952 -0.0947
vn 0.0108 0.9952 -0.0974
vn 0.0235 0.9952 -0.0950
vn 0.0242 0.9953 -0.0943
vn 0.0310 0.9952 -0.0924
vn 0.0330 0.9953 -0.0909
vn 0.0307 0.9953 -0.0917
vn 0.0324 0.9954 -0.0903
vn 0.0381 0.9953 -0.0890
vn 0.0446 0.9955 -0.0839
vn 0.0374 0.9955 -0.0873
vn 0.0020 0.9952 -0.0981
vn 0.0096 0.9956 -0.0929
vn 0.0074 0.9958 -0.0915
vn 0.0602 0.9968 0.0517
vn 0.0603 0.9968 0.0517
vn 0.0770 0.9970 -0.0058
vn 0.0699 0.9974 0.0164
vn 0.0664 0.9974 0.0289
vn 0.0802 0.9968 0.0008
vn 0.0691 0.9974 0.0181
vn 0.0663 0.9973 0.0328
vn 0.0638 0.9975 -0.0306
vn 0.0808 0.9960 -0.0387
vn 0.0810 0.9960 -0.0379
vn 0.0862 0.9960 -0.0244
vn 0.0843 0.9960 -0.0298
vn 0.0839 0.9960 -0.0313
vn 0.0879 0.9960 -0.0174
vn 0.0869 0.9960 -0.0206
vn 0.0733 0.9972 -0.0174
vn 0.0754 0.9971 -0.0101
vn 0.0895 0.9960 -0.0030
vn 0.0889 0.9960 -0.0112
vn 0.0888 0.9960 -0.0102
vn 0.0895 0.9960 0.0043
vn 0.0894 0.9960 -0.0016
vn 0.0732 0.9973 -0.0013
vn 0.0726 0.9973 -0.0092
vn 0.0751 0.9972 -0.0001
vn 0.0889 0.9960 0.0115
vn 0.0890 0.9960 0.0079
vn 0.0714 0.9974 0.0064
vn 0.0707 0.9972 0.0250
vn 0.0876 0.9960 0.0186
vn 0.0624 0.9979 0.0160
vn 0.0694 0.9975 0.0110
vn 0.0687 0.9975 0.0136
vn 0.0877 0.9960 0.0174
vn 0.0673 0.9975 0.0210
vn 0.0853 0.9960 0.0267
vn 0.0858 0.9960 0.0256
vn 0.0805 0.9957 0.0466
vn 0.0829 0.9957 0.0403
vn 0.0865 0.9959 0.0274
vn 0.0806 0.9960 0.0391
vn 0.0819 0.9960 0.0356
vn 0.0835 0.9960 0.0325
vn 0.5631 0.6803 0.4692
vn 0.6394 0.6037 0.4762
vn 0.5373 0.6586 0.5269
vn 0.5548 0.6480 0.5218
vn 0.5891 0.6419 0.4909
vn 0.5661 0.6596 0.4944
vn 0.5188 0.6404 0.5663
vn 0.5005 0.6536 0.5678
vn 0.5558 0.6277 0.5450
vn 0.5263 0.6526 0.5450
vn 0.1137 0.9339 -0.3390
vn 0.1537 0.9469 -0.2823
vn 0.3396 0.9335 0.1149
vn 0.3050 0.9483 -0.0879
vn 0.2207 0.9552 -0.1974
vn 0.1501 0.9848 0.0869
vn 0.0051 0.9676 -0.2523
vn 0.3545 0.9282 -0.1134
vn 0.3542 0.9300 -0.0982
vn 0.3714 0.9220 -0.1093
vn 0.3533 0.9316 -0.0851
vn 0.3502 0.9315 -0.0981
vn 0.3486 0.9349 -0.0666
vn 0.3733 0.9239 -0.0844
vn 0.3533 0.9339 -0.0542
vn 0.3514 0.9339 -0.0666
vn 0.3472 0.9371 -0.0353
vn 0.3711 0.9270 -0.0538
vn 0.3541 0.9349 -0.0234
vn 0.3532 0.9349 -0.0355
vn 0.3504 0.9363 -0.0235
vn 0.3611 0.9325 -0.0048
vn 0.3585 0.9335 0.0007
vn 0.3585 0.9335 -0.0047
vn 0.3567 0.9342 0.0007
vn 0.3560 0.9341 0.0266
vn 0.3575 0.9336 0.0249
vn 0.3574 0.9336 0.0265
vn 0.3581 0.9334 0.0249
vn 0.3577 0.9320 0.0577
vn 0.3593 0.9315 0.0558
vn 0.3590 0.9315 0.0576
vn 0.3599 0.9313 0.0558
vn 0.3599 0.9298 0.0766
vn 0.3574 0.9299 0.0869
vn 0.3339 0.9304 0.1511
vn 0.3412 0.9287 0.1454
vn 0.3442 0.9311 0.1204
vn 0.3500 0.9296 0.1158
vn 0.3477 0.9296 0.1223
vn 0.3550 0.9274 0.1181
vn 0.3610 0.9285 0.0868
vn 0.3524 0.9309 0.0962
vn 0.3558 0.9309 0.0826
vn 0.3056 0.9296 0.2058
vn 0.3130 0.9286 0.1993
vn 0.3159 0.9323 0.1764
vn 0.3239 0.9306 0.1707
vn 0.3197 0.9306 0.1784
vn 0.3270 0.9292 0.1723
vn 0.3300 0.9321 0.1490
vn 0.3372 0.9304 0.1434
vn 0.2919 0.9275 0.2336
vn 0.3005 0.9293 0.2146
vn 0.3017 0.9314 0.2038
vn 0.3107 0.9297 0.1981
vn 0.3106 0.9297 0.1981
vn 0.2884 0.9196 0.2666
vn 0.2477 0.9303 0.2704
vn 0.2359 0.9300 0.2817
vn 0.2386 0.9323 0.2719
vn 0.2505 0.9313 0.2644
vn 0.2641 0.9316 0.2498
vn 0.2415 0.9407 0.2382
vn 0.2466 0.9473 0.2044
vn 0.2456 0.9475 0.2047
vn 0.2561 0.9501 0.1781
vn 0.2548 0.9502 0.1795
vn 0.2568 0.9542 0.1536
vn 0.1695 0.9810 0.0941
vn 0.1781 0.9801 0.0879
vn 0.1948 0.9733 0.1211
vn 0.2171 0.9631 0.1591
vn 0.2365 0.9616 0.1395
vn 0.2260 0.9665 0.1220
vn 0.2651 0.9285 0.2599
vn 0.2680 0.9286 0.2567
vn 0.2897 0.9262 0.2414
vn 0.2828 0.9298 0.2356
vn 0.2950 0.9299 0.2197
vn 0.3449 0.9298 -0.1287
vn 0.3578 0.9220 -0.1483
vn 0.3556 0.9281 -0.1101
vn 0.1973 0.9423 -0.2703
vn 0.2134 0.9373 -0.2755
vn 0.2097 0.9348 -0.2865
vn 0.2086 0.9296 -0.3038
vn 0.3369 0.9299 -0.1477
vn 0.3471 0.9274 -0.1395
vn 0.3353 0.9292 -0.1552
vn 0.3244 0.9320 -0.1614
vn 0.3229 0.9307 -0.1718
vn 0.3271 0.9307 -0.1636
vn 0.3251 0.9296 -0.1736
vn 0.3050 0.9341 -0.1855
vn 0.3027 0.9328 -0.1956
vn 0.3077 0.9328 -0.1876
vn 0.3057 0.9313 -0.1979
vn 0.2860 0.9350 -0.2097
vn 0.2828 0.9337 -0.2195
vn 0.2886 0.9337 -0.2117
vn 0.2868 0.9318 -0.2225
vn 0.2676 0.9346 -0.2342
vn 0.2633 0.9334 -0.2439
vn 0.2701 0.9334 -0.2361
vn 0.2684 0.9309 -0.2476
vn 0.2496 0.9331 -0.2591
vn 0.2441 0.9318 -0.2687
vn 0.2521 0.9318 -0.2610
vn 0.2504 0.9288 -0.2732
vn 0.2321 0.9302 -0.2843
vn 0.2348 0.9308 -0.2803
vn 0.2310 0.9308 -0.2834
vn 0.2285 0.9254 -0.3023
vn 0.2286 0.9254 -0.3023
vn 0.1792 0.9548 -0.2370
vn 0.1984 0.9527 -0.2300
vn 0.2053 0.9412 -0.2685
vn 0.1879 0.9486 -0.2545
vn 0.1880 0.9486 -0.2546
vn 0.2144 0.9551 -0.2044
vn 0.2126 0.9579 -0.1932
vn 0.1988 0.9546 -0.2216
vn 0.1982 0.9546 -0.2222
vn 0.1982 0.9548 -0.2213
vn 0.1627 0.9521 -0.2590
vn 0.2196 0.9621 -0.1616
vn 0.2292 0.9555 -0.1856
vn 0.2393 0.9556 -0.1721
vn 0.2328 0.9594 -0.1592
vn 0.2517 0.9570 -0.1440
vn 0.2518 0.9570 -0.1438
vn 0.2514 0.9572 -0.1438
vn 0.2637 0.9596 -0.0984
vn 0.2697 0.9556 -0.1190
vn 0.2671 0.9555 -0.1251
vn 0.2563 0.9602 -0.1115
vn 0.2767 0.9577 -0.0784
vn 0.2821 0.9552 -0.0900
vn 0.2944 0.9539 -0.0582
vn 0.3051 0.9483 -0.0879
vn 0.2980 0.9535 -0.0446
vn 0.2878 0.9537 -0.0872
vn 0.2934 0.9543 -0.0562
vn 0.2941 0.9557 -0.0099
vn 0.2991 0.9539 -0.0256
vn 0.2984 0.9538 -0.0343
vn 0.2927 0.9559 -0.0252
vn 0.2947 0.9539 -0.0563
vn 0.2959 0.9551 0.0140
vn 0.3007 0.9537 0.0050
vn 0.2979 0.9538 0.0384
vn 0.2996 0.9534 0.0360
vn 0.2990 0.9522 0.0635
vn 0.2965 0.9526 0.0675
vn 0.3255 0.9416 0.0863
vn 0.3437 0.9335 0.1026
vn 0.2965 0.9501 0.0968
vn 0.2512 0.9615 0.1117
vn 0.3380 0.9319 0.1315
vn 0.3322 0.9320 0.1447
vn 0.2847 0.9486 0.1382
vn 0.3103 0.9356 0.1685
vn 0.2819 0.9449 0.1663
vn 0.2881 0.9380 0.1926
vn 0.2743 0.9420 0.1933
vn 0.2687 0.9381 0.2183
vn 0.2633 0.9395 0.2194
vn 0.2503 0.9367 0.2449
vn 0.2495 0.9367 0.2458
vn 0.2563 0.9374 0.2358
vn 0.1188 0.9533 -0.2775
vn 0.1210 0.9541 -0.2740
vn 0.0972 0.9522 -0.2896
vn 0.0705 0.9515 -0.2995
vn 0.1310 0.9430 -0.3060
vn 0.1313 0.9414 -0.3108
vn 0.1538 0.9469 -0.2823
vn 0.1733 0.9537 -0.2458
vn 0.1588 0.9552 -0.2497
vn 0.1499 0.9535 -0.2616
vn 0.1408 0.9534 -0.2669
vn 0.1462 0.9557 -0.2556
vn 0.1222 0.9534 -0.2760
vn 0.0161 0.9801 -0.1980
vn 0.0320 0.9801 -0.1961
vn 0.0477 0.9801 -0.1928
vn 0.0632 0.9801 -0.1883
vn 0.0782 0.9801 -0.1826
vn 0.0927 0.9801 -0.1757
vn 0.1066 0.9801 -0.1676
vn 0.1198 0.9801 -0.1585
vn 0.1322 0.9801 -0.1483
vn 0.1438 0.9801 -0.1371
vn 0.1544 0.9801 -0.1250
vn 0.1640 0.9801 -0.1121
vn 0.1725 0.9801 -0.0985
vn 0.1799 0.9801 -0.0843
vn 0.1861 0.9801 -0.0694
vn 0.1911 0.9801 -0.0542
vn 0.1949 0.9801 -0.0386
vn 0.1974 0.9801 -0.0227
vn 0.1985 0.9801 -0.0067
vn 0.1984 0.9801 0.0094
vn 0.1970 0.9801 0.0254
vn 0.1943 0.9801 0.0413
vn 0.1904 0.9801 0.0568
vn 0.1903 0.9801 0.0568
vn 0.1851 0.9801 0.0720
vn 0.1787 0.9801 0.0868
vn 0.2253 0.9676 0.1137
vn 0.2271 0.9676 0.1103
vn 0.2353 0.9676 0.0915
vn 0.2419 0.9676 0.0722
vn 0.2470 0.9676 0.0524
vn 0.2504 0.9676 0.0323
vn 0.2522 0.9676 0.0120
vn 0.2523 0.9676 -0.0085
vn 0.2508 0.9676 -0.0288
vn 0.2477 0.9676 -0.0490
vn 0.2429 0.9676 -0.0689
vn 0.2365 0.9676 -0.0883
vn 0.2286 0.9676 -0.1071
vn 0.2192 0.9676 -0.1252
vn 0.2084 0.9676 -0.1425
vn 0.1962 0.9676 -0.1589
vn 0.1827 0.9676 -0.1742
vn 0.1680 0.9676 -0.1884
vn 0.1522 0.9676 -0.2014
vn 0.1355 0.9676 -0.2130
vn 0.1178 0.9676 -0.2233
vn 0.0994 0.9676 -0.2321
vn 0.0803 0.9676 -0.2394
vn 0.0607 0.9676 -0.2451
vn 0.0062 0.9523 -0.3053
vn 0.0247 0.9522 -0.3045
vn 0.0859 0.9339 -0.3471
vn 0.0576 0.9339 -0.3529
vn 0.0492 0.9522 -0.3015
vn 0.0204 0.9676 -0.2516
vn 0.0040 0.9801 -0.1985
vn 0.2468 0.9521 0.1804
vn 0.2631 0.9522 0.1552
vn 0.2748 0.9522 0.1334
vn 0.2847 0.9522 0.1108
vn 0.2927 0.9522 0.0874
vn 0.2990 0.9522 0.0628
vn 0.3135 0.9473 0.0658
vn 0.0072 0.9340 -0.3573
vn 0.0289 0.9339 -0.3564
vn 0.0734 0.9522 -0.2965
vn 0.0407 0.9676 -0.2492
vn 0.0160 0.9801 -0.1980
vn 0.1407 0.9339 -0.3287
vn 0.1408 0.9339 -0.3287
vn 0.1711 0.9338 -0.3142
vn 0.1666 0.9341 -0.3157
vn 0.1597 0.9329 -0.3228
vn 0.1686 0.9325 -0.3195
vn 0.1600 0.9323 -0.3244
vn 0.1942 0.9322 -0.3055
vn 0.1901 0.9297 -0.3156
vn 0.8731 0.4277 0.2339
vn 0.8731 0.4277 0.2340
vn 0.8730 0.4278 0.2341
vn 0.8731 0.4277 -0.2339
vn 0.8731 0.4278 -0.2338
vn 0.8731 0.4277 -0.2340
vn 0.6392 0.4277 0.6392
vn 0.6391 0.4277 0.6392
vn 0.6392 0.4277 0.6391
vn 0.2340 0.4277 0.8731
vn 0.2339 0.4277 0.8731
vn 0.2339 0.4278 0.8731
vn 0.2339 0.4277 -0.8731
vn 0.2340 0.4277 -0.8731
vn 0.6392 0.4277 -0.6391
vn 0.6391 0.4277 -0.6392
vn 0.6392 0.4277 -0.6392
vn 0.9978 -0.0000 -0.0656
vn 0.9910 0.0001 0.1336
vn -0.9836 0.0001 -0.1804
vn 0.5148 -0.0001 -0.8573
vn -0.1805 -0.0001 0.9836
vn -0.1805 0.0008 0.9836
vn 0.1338 0.9446 -0.2998
vn 0.1539 0.9478 -0.2792
vn 0.1624 0.9454 -0.2825
vn 0.1576 0.9454 -0.2853
vn 0.1629 0.9444 -0.2857
vn 0.1852 0.9444 -0.2716
vn 0.1877 0.9440 -0.2712
vn 0.1857 0.9441 -0.2725
vn 0.1879 0.9436 -0.2727
vn -0.0815 -0.9801 0.1811
vn -0.1022 -0.9748 0.1983
vn -0.0943 -0.9748 0.2022
vn -0.1038 -0.9726 0.2082
vn -0.1183 -0.9743 0.1916
vn -0.1025 -0.9743 0.2005
vn -0.1180 -0.9744 0.1912
vn -0.1301 -0.9720 0.1957
vn -0.1234 -0.9720 0.2002
vn -0.1305 -0.9714 0.1985
vn -0.1389 -0.9713 0.1931
vn 0.3113 0.9502 -0.0163
vn 0.3406 0.9373 0.0743
vn 0.3046 0.9513 0.0462
vn 0.3053 0.9513 0.0418
vn 0.3182 0.9470 0.0450
vn 0.3236 0.9460 0.0182
vn 0.3143 0.9492 0.0143
vn 0.3119 0.9501 -0.0074
vn 0.3304 0.9437 -0.0176
vn 0.3362 0.9406 -0.0484
vn 0.3098 0.9503 -0.0323
vn 0.3077 0.9503 -0.0469
vn 0.3235 0.9443 -0.0601
vn 0.3026 0.9500 -0.0774
vn 0.3236 0.9422 -0.0874
vn 0.3068 0.9467 -0.0982
vn 0.3067 0.9467 -0.0982
vn 0.3520 0.9275 -0.1259
vn 0.2762 0.9554 -0.1043
vn 0.2707 0.9510 -0.1492
vn 0.2829 0.9510 -0.1251
vn 0.2804 0.9515 -0.1264
vn 0.2813 0.9516 -0.1242
vn 0.2950 0.9497 -0.1049
vn 0.2918 0.9518 -0.0950
vn 0.2598 0.9503 -0.1715
vn 0.2670 0.9518 -0.1509
vn 0.2337 0.9511 -0.2018
vn 0.2476 0.9493 -0.1935
vn 0.2507 0.9519 -0.1764
vn 0.2129 0.9497 -0.2297
vn 0.2202 0.9478 -0.2308
vn 0.2550 0.9345 -0.2483
vn 0.1927 0.9477 -0.2544
vn 0.1968 0.9455 -0.2595
vn 0.2215 0.9393 -0.2621
vn 0.2265 0.9333 -0.2787
vn 0.2584 0.9394 -0.2252
vn 0.2524 0.9394 -0.2321
vn 0.2340 0.9481 -0.2152
vn 0.2146 0.9497 -0.2280
vn 0.2476 0.9442 -0.2172
vn 0.2365 0.9396 -0.2474
vn 0.2327 0.9396 -0.2511
vn 0.2316 0.9417 -0.2439
vn 0.2131 0.9392 -0.2691
vn 0.2608 0.9469 -0.1883
vn 0.2706 0.9392 -0.2115
vn 0.2779 0.9392 -0.2015
vn 0.2756 0.9439 -0.1820
vn 0.2949 0.9392 -0.1759
vn 0.2922 0.9427 -0.1610
vn 0.3104 0.9389 -0.1487
vn 0.3103 0.9389 -0.1488
vn 0.3087 0.9409 -0.1392
vn 0.3246 0.9381 -0.1211
vn 0.3241 0.9389 -0.1160
vn 0.3321 0.9375 -0.1038
vn 0.3282 0.9426 -0.0610
vn 0.3366 0.9389 -0.0724
vn 0.3325 0.9388 -0.0898
vn 0.3209 0.9443 -0.0728
vn 0.3365 0.9415 -0.0170
vn 0.3305 0.9432 -0.0344
vn 0.3392 0.9398 -0.0412
vn 0.3139 0.9494 0.0074
vn 0.3436 0.9391 -0.0082
vn 0.3433 0.9392 0.0073
vn 0.3287 0.9442 0.0185
vn 0.3404 0.9395 0.0382
vn 0.3303 0.9428 0.0452
vn 0.3353 0.9396 0.0693
vn 0.3346 0.9395 0.0730
vn 0.3337 0.9401 0.0693
vn 0.3286 0.9415 0.0755
vn 0.3289 0.9397 0.0939
vn 0.3338 0.9397 0.0749
vn 0.3358 0.9373 0.0937
vn 0.3271 0.9385 0.1108
vn 0.3269 0.9386 0.1100
vn 0.3263 0.9388 0.1104
vn 0.3143 0.9392 0.1386
vn 0.3133 0.9394 0.1390
vn 0.3136 0.9394 0.1382
vn 0.3124 0.9398 0.1387
vn 0.3012 0.9389 0.1666
vn 0.3003 0.9391 0.1670
vn 0.3007 0.9391 0.1663
vn 0.2990 0.9396 0.1665
vn 0.2890 0.9373 0.1949
vn 0.2879 0.9375 0.1954
vn 0.2884 0.9375 0.1946
vn 0.2853 0.9385 0.1945
vn 0.2778 0.9342 0.2238
vn 0.2764 0.9345 0.2244
vn 0.2772 0.9345 0.2235
vn 0.2695 0.9371 0.2219
vn 0.2696 0.9285 0.2554
vn -0.1801 -0.9826 -0.0462
vn -0.1572 -0.9677 0.1972
vn -0.1905 -0.9690 0.1571
vn -0.2728 -0.9353 -0.2255
vn -0.1937 -0.9651 -0.1760
vn -0.1881 -0.9651 -0.1824
vn -0.1749 -0.9700 -0.1688
vn -0.2217 -0.9605 -0.1683
vn -0.2115 -0.9652 -0.1538
vn -0.2066 -0.9652 -0.1604
vn -0.1956 -0.9695 -0.1476
vn -0.2211 -0.9655 -0.1375
vn -0.2217 -0.9664 -0.1300
vn -0.2180 -0.9665 -0.1358
vn -0.2086 -0.9700 -0.1247
vn -0.2235 -0.9686 -0.1085
vn -0.2137 -0.9686 -0.1268
vn -0.2275 -0.9675 -0.1107
vn -0.2222 -0.9696 -0.1029
vn -0.2204 -0.9695 -0.1069
vn -0.2209 -0.9699 -0.1024
vn -0.2376 -0.9676 -0.0857
vn -0.2361 -0.9683 -0.0815
vn -0.2352 -0.9683 -0.0843
vn -0.2344 -0.9688 -0.0807
vn -0.2427 -0.9675 -0.0709
vn -0.2476 -0.9669 -0.0616
vn -0.2473 -0.9671 -0.0592
vn -0.2466 -0.9671 -0.0616
vn -0.2405 -0.9700 -0.0343
vn -0.2353 -0.9719 -0.0075
vn -0.2471 -0.9689 -0.0139
vn -0.2472 -0.9689 -0.0075
vn -0.2333 -0.9724 0.0056
vn -0.2462 -0.9690 0.0188
vn -0.2363 -0.9714 0.0246
vn -0.2404 -0.9696 0.0451
vn -0.2404 -0.9696 0.0447
vn -0.2409 -0.9695 0.0451
vn -0.2358 -0.9677 0.0898
vn -0.2350 -0.9684 0.0841
vn -0.2421 -0.9675 0.0736
vn -0.2445 -0.9674 0.0660
vn -0.2322 -0.9699 0.0738
vn -0.2109 -0.9717 0.1059
vn -0.2268 -0.9686 0.1022
vn -0.2211 -0.9686 0.1138
vn -0.2093 -0.9710 0.1153
vn -0.2034 -0.9699 0.1340
vn -0.2033 -0.9699 0.1342
vn -0.2030 -0.9700 0.1337
vn -0.1947 -0.9690 0.1522
vn -0.1810 -0.9720 0.1498
vn -0.1734 -0.9688 0.1770
vn -0.1639 -0.9705 0.1769
vn -0.1534 -0.9689 0.1944
vn -0.1759 -0.9698 0.1690
vn -0.1694 -0.9708 0.1701
vn -0.1566 -0.9689 0.1917
vn -0.1399 -0.9752 0.1715
vn -0.1505 -0.9752 0.1624
vn -0.1472 -0.9770 0.1540
vn -0.1737 -0.9717 0.1597
vn -0.1612 -0.9757 0.1482
vn -0.1761 -0.9775 0.1163
vn -0.1793 -0.9774 0.1117
vn -0.1671 -0.9773 0.1306
vn -0.1627 -0.9778 0.1316
vn -0.1900 -0.9777 0.0894
vn -0.1889 -0.9783 0.0852
vn -0.1875 -0.9783 0.0881
vn -0.1853 -0.9774 0.1021
vn -0.1753 -0.9784 0.1095
vn -0.1976 -0.9780 0.0664
vn -0.1987 -0.9772 0.0744
vn -0.2523 -0.9634 0.0903
vn -0.1960 -0.9789 0.0578
vn -0.1973 -0.9789 0.0533
vn -0.2111 -0.9757 0.0587
vn -0.2154 -0.9765 0.0051
vn -0.2153 -0.9765 0.0078
vn -0.2257 -0.9739 0.0235
vn -0.2106 -0.9770 0.0326
vn -0.2097 -0.9770 0.0390
vn -0.2306 -0.9724 0.0339
vn -0.2117 -0.9772 -0.0176
vn -0.2242 -0.9745 -0.0126
vn -0.2214 -0.9751 0.0082
vn -0.2214 -0.9752 0.0082
vn -0.2444 -0.9678 -0.0595
vn -0.2318 -0.9719 -0.0421
vn -0.2318 -0.9722 -0.0344
vn -0.2377 -0.9694 -0.0606
vn -0.2427 -0.9695 -0.0332
vn -0.1829 -0.9828 -0.0250
vn -0.2486 -0.9678 -0.0408
vn -0.3380 0.7123 0.6151
vn -0.3435 0.7202 0.6028
vn -0.3519 0.7169 0.6019
vn -0.3472 0.7144 0.6075
vn -0.3541 0.7132 0.6049
vn -0.3407 0.7118 0.6142
vn -0.3321 0.7072 0.6242
vn -0.3316 0.7105 0.6206
vn -0.3267 0.7088 0.6251
vn -0.3385 0.7115 0.6158
vn -0.3421 0.7095 0.6161
vn -0.3467 0.7116 0.6111
vn -0.3411 0.7112 0.6147
vn -0.3458 0.7131 0.6099
vn -0.3479 0.7130 0.6087
vn -0.3462 0.7123 0.6105
vn -0.3542 0.7132 0.6049
vn -0.2332 0.6747 0.7003
vn -0.2450 0.6740 0.6969
vn -0.2257 0.7537 0.6172
vn -0.2769 0.6903 0.6684
vn -0.2753 0.6869 0.6726
vn -0.2552 0.6857 0.6817
vn -0.2508 0.6839 0.6851
vn -0.2561 0.6845 0.6826
vn -0.2512 0.6831 0.6858
vn -0.2566 0.6838 0.6830
vn -0.2521 0.6813 0.6872
vn -0.2305 0.6794 0.6966
vn -0.2795 0.6867 0.6710
vn -0.2902 0.6932 0.6597
vn -0.2900 0.6932 0.6598
vn 0.0000 -0.6678 0.7443
vn -0.0000 -0.6679 0.7443
vn 0.0000 -1.0000 0.0000
vn 0.0000 -0.8327 -0.5537
vn 0.0000 -0.8328 -0.5536
vn -0.0001 -0.8328 -0.5536
vn 0.0000 0.8327 -0.5537
vn -0.0000 0.8328 -0.5536
vn 0.0001 0.8328 -0.5536
vn 0.0000 0.9996 0.0297
vn -0.9954 0.0000 0.0962
vn 0.9954 0.0000 0.0962
vn -0.6866 0.6840 0.2466
vn 0.7040 0.6670 0.2439
vn 0.0000 0.2549 -0.9670
vn 0.9957 0.0238 -0.0900
vn 0.9957 0.0237 -0.0900
vn 0.0000 -0.2549 0.9670
vn -0.9957 0.0237 -0.0900
vn -0.6067 0.2026 -0.7687
vn 0.6151 -0.2009 0.7624
vn 0.6151 -0.2010 0.7624
vn 0.7295 -0.6840 0.0000
vn -0.7295 -0.6840 -0.0000
vn 0.7071 -0.7071 0.0000
vn 0.7072 -0.7070 0.0000
vn 0.7071 0.7071 0.0000
vn -0.7071 0.7071 -0.0000
vn -0.7071 -0.7071 -0.0000
vn 0.7071 0.7071 -0.0001
vn -0.8427 0.0000 0.5384
vn -0.8842 0.0000 -0.4672
vn -0.8973 0.0000 0.4414
vn 0.8973 0.0000 0.4414
vn 0.8842 0.0000 -0.4672
vn 0.8427 0.0000 0.5384
vn -0.9962 0.0871 -0.0000
vn -0.9962 -0.0871 0.0000
vn -0.9962 -0.0872 0.0000
vn -0.9659 -0.2590 0.0000
vn -0.9659 -0.2587 0.0000
vn -0.9063 -0.4225 0.0000
vn -0.9063 -0.4226 0.0000
vn -0.8193 -0.5734 0.0000
vn -0.8192 -0.5736 0.0000
vn -0.7070 -0.7072 0.0000
vn -0.5736 -0.8192 0.0000
vn -0.5735 -0.8192 0.0000
vn -0.4227 -0.9063 0.0000
vn -0.2588 -0.9659 0.0000
vn -0.0872 -0.9962 0.0000
vn 0.0872 -0.9962 0.0000
vn 0.2588 -0.9659 0.0000
vn 0.4226 -0.9063 0.0000
vn 0.5737 -0.8191 0.0000
vn 0.7070 -0.7072 0.0000
vn 0.7069 -0.7073 0.0000
vn 0.8192 -0.5736 0.0000
vn 0.8193 -0.5734 0.0000
vn 0.9063 -0.4226 0.0000
vn 0.9659 -0.2589 0.0000
vn 0.9962 -0.0871 0.0000
vn 0.9962 -0.0872 0.0000
vn 0.9962 0.0872 0.0000
vn 0.9962 0.0871 -0.0000
vn 0.9659 0.2589 -0.0000
vn 0.9063 0.4226 0.0000
vn 0.8193 0.5734 0.0000
vn 0.8192 0.5736 0.0000
vn 0.7069 0.7073 0.0000
vn 0.7070 0.7072 0.0000
vn 0.5737 0.8191 0.0000
vn 0.4226 0.9063 -0.0000
vn 0.2588 0.9659 -0.0000
vn 0.0872 0.9962 -0.0000
vn -0.0872 0.9962 -0.0000
vn -0.2588 0.9659 -0.0000
vn -0.4227 0.9063 -0.0000
vn -0.5735 0.8192 0.0000
vn -0.5736 0.8192 0.0000
vn -0.7070 0.7072 0.0000
vn -0.8192 0.5736 0.0000
vn -0.8193 0.5734 0.0000
vn -0.9063 0.4226 0.0000
vn -0.9063 0.4225 -0.0000
vn -0.9659 0.2587 -0.0000
vn -0.9659 0.2590 -0.0000
vn -0.9962 0.0872 0.0000
vn -0.0001 0.0000 1.0000
vn 0.0001 0.0000 1.0000
vn -0.9659 -0.2589 0.0000
vn -0.8191 -0.5736 0.0000
vn -0.5736 -0.8191 0.0000
vn -0.4226 -0.9063 0.0000
vn -0.2589 -0.9659 0.0000
vn 0.2589 -0.9659 0.0000
vn 0.5736 -0.8192 0.0000
vn 0.8192 -0.5735 0.0000
vn 0.9063 -0.4225 0.0000
vn 0.9659 -0.2587 0.0000
vn 0.9962 -0.0873 0.0000
vn 0.9962 0.0873 -0.0000
vn 0.9659 0.2587 -0.0000
vn 0.9063 0.4225 -0.0000
vn 0.8192 0.5735 0.0000
vn 0.5736 0.8192 0.0000
vn 0.2589 0.9659 0.0000
vn -0.2589 0.9659 -0.0000
vn -0.4226 0.9063 -0.0000
vn -0.5736 0.8191 0.0000
vn -0.8191 0.5736 0.0000
vn -0.9659 0.2589 -0.0000
vn 0.0000 -0.7071 -0.7071
vn 0.0000 -0.7071 0.7071
vn -0.3026 0.9500 -0.0774
vn -0.2779 0.9393 -0.2015
vn -0.3392 0.9398 -0.0412
vn -0.3404 0.9395 0.0382
vn -0.2696 0.9285 0.2554
vn -0.2695 0.9376 0.2196
vn -0.2764 0.9345 0.2244
vn -0.2772 0.9345 0.2235
vn -0.2776 0.9340 0.2248
vn -0.2856 0.9387 0.1932
vn -0.2879 0.9375 0.1954
vn -0.2884 0.9375 0.1946
vn -0.2887 0.9372 0.1957
vn -0.2993 0.9397 0.1656
vn -0.3003 0.9391 0.1670
vn -0.3007 0.9391 0.1663
vn -0.3009 0.9389 0.1673
vn -0.3128 0.9398 0.1377
vn -0.3133 0.9394 0.1390
vn -0.3136 0.9394 0.1382
vn -0.3139 0.9392 0.1393
vn -0.3265 0.9388 0.1098
vn -0.3267 0.9386 0.1106
vn -0.3269 0.9386 0.1100
vn -0.3271 0.9385 0.1108
vn -0.3358 0.9373 0.0937
vn -0.3338 0.9397 0.0749
vn -0.3289 0.9397 0.0939
vn -0.3286 0.9415 0.0755
vn -0.3337 0.9401 0.0693
vn -0.3396 0.9394 0.0465
vn -0.3288 0.9436 0.0384
vn -0.3353 0.9396 0.0693
vn -0.3221 0.9467 0.0073
vn -0.3431 0.9391 0.0193
vn -0.3433 0.9392 0.0073
vn -0.3280 0.9446 -0.0078
vn -0.3365 0.9415 -0.0170
vn -0.3400 0.9398 -0.0354
vn -0.3281 0.9437 -0.0414
vn -0.3216 0.9441 -0.0728
vn -0.3387 0.9388 -0.0629
vn -0.3366 0.9389 -0.0724
vn -0.3265 0.9411 -0.0881
vn -0.3321 0.9375 -0.1038
vn -0.3246 0.9381 -0.1211
vn -0.3139 0.9388 -0.1415
vn -0.3044 0.9416 -0.1440
vn -0.2866 0.9392 -0.1892
vn -0.2592 0.9475 -0.1871
vn -0.2949 0.9392 -0.1759
vn -0.3009 0.9391 -0.1658
vn -0.2835 0.9444 -0.1669
vn -0.3104 0.9389 -0.1488
vn -0.2584 0.9394 -0.2252
vn -0.2365 0.9396 -0.2474
vn -0.2292 0.9415 -0.2473
vn -0.2131 0.9392 -0.2691
vn -0.2215 0.9393 -0.2621
vn -0.2265 0.9333 -0.2787
vn -0.2550 0.9345 -0.2483
vn -0.2146 0.9497 -0.2280
vn -0.2167 0.9478 -0.2338
vn -0.1927 0.9477 -0.2544
vn -0.1968 0.9455 -0.2595
vn -0.2337 0.9511 -0.2018
vn -0.2340 0.9481 -0.2152
vn -0.2448 0.9431 -0.2250
vn -0.2598 0.9440 -0.2031
vn -0.2476 0.9493 -0.1935
vn -0.2813 0.9516 -0.1242
vn -0.2819 0.9510 -0.1271
vn -0.2692 0.9510 -0.1521
vn -0.2687 0.9518 -0.1480
vn -0.2670 0.9518 -0.1509
vn -0.2598 0.9503 -0.1715
vn -0.2507 0.9519 -0.1764
vn -0.3067 0.9467 -0.0982
vn -0.2918 0.9518 -0.0950
vn -0.2922 0.9501 -0.1089
vn -0.3520 0.9275 -0.1259
vn -0.3241 0.9389 -0.1160
vn -0.3017 0.9499 -0.0814
vn -0.3365 0.9384 -0.0790
vn -0.3068 0.9467 -0.0982
vn -0.3374 0.9401 -0.0485
vn -0.3063 0.9502 -0.0569
vn -0.3077 0.9503 -0.0469
vn -0.3249 0.9451 -0.0338
vn -0.3113 0.9502 -0.0163
vn -0.3254 0.9455 -0.0077
vn -0.3143 0.9492 0.0143
vn -0.3236 0.9460 0.0182
vn -0.3182 0.9470 0.0450
vn -0.3183 0.9470 0.0436
vn -0.3046 0.9513 0.0462
vn -0.3346 0.9395 0.0730
vn -0.3406 0.9373 0.0743
vn -0.1338 0.9446 -0.2998
vn -0.1861 0.9438 -0.2731
vn -0.1338 0.9446 -0.2999
vn -0.1539 0.9478 -0.2792
vn -0.1624 0.9454 -0.2825
vn -0.1576 0.9454 -0.2853
vn -0.1629 0.9444 -0.2857
vn -0.1852 0.9444 -0.2716
vn -0.1877 0.9440 -0.2712
vn 0.2728 -0.9353 -0.2255
vn 0.1534 -0.9689 0.1944
vn 0.1976 -0.9780 0.0664
vn 0.2317 -0.9710 -0.0591
vn 0.2318 -0.9719 -0.0421
vn 0.2460 -0.9673 -0.0617
vn 0.2473 -0.9671 -0.0592
vn 0.2349 -0.9715 -0.0322
vn 0.1801 -0.9826 -0.0462
vn 0.2213 -0.9752 0.0053
vn 0.2214 -0.9752 0.0082
vn 0.2242 -0.9745 -0.0126
vn 0.2117 -0.9772 -0.0176
vn 0.2326 -0.9720 0.0340
vn 0.2152 -0.9765 0.0078
vn 0.2153 -0.9765 0.0078
vn 0.1960 -0.9789 0.0578
vn 0.2114 -0.9757 0.0571
vn 0.2111 -0.9757 0.0587
vn 0.2245 -0.9736 0.0417
vn 0.2106 -0.9770 0.0326
vn 0.1886 -0.9795 0.0715
vn 0.2001 -0.9771 0.0720
vn 0.1900 -0.9777 0.0894
vn 0.1913 -0.9777 0.0862
vn 0.1875 -0.9783 0.0881
vn 0.1853 -0.9774 0.1021
vn 0.1753 -0.9784 0.1095
vn 0.1726 -0.9784 0.1139
vn 0.1793 -0.9774 0.1117
vn 0.1671 -0.9773 0.1306
vn 0.1627 -0.9778 0.1316
vn 0.1612 -0.9757 0.1482
vn 0.1472 -0.9770 0.1540
vn 0.1553 -0.9751 0.1582
vn 0.1759 -0.9698 0.1690
vn 0.1399 -0.9752 0.1715
vn 0.1424 -0.9743 0.1745
vn 0.1616 -0.9689 0.1874
vn 0.1572 -0.9677 0.1972
vn 0.1449 -0.9770 0.1563
vn 0.1685 -0.9688 0.1818
vn 0.1668 -0.9709 0.1721
vn 0.2034 -0.9699 0.1340
vn 0.2028 -0.9700 0.1339
vn 0.2030 -0.9700 0.1337
vn 0.1865 -0.9716 0.1458
vn 0.1905 -0.9690 0.1571
vn 0.1819 -0.9690 0.1672
vn 0.1740 -0.9741 0.1446
vn 0.1734 -0.9688 0.1770
vn 0.2119 -0.9714 0.1067
vn 0.2179 -0.9685 0.1201
vn 0.2211 -0.9686 0.1138
vn 0.2208 -0.9702 0.0995
vn 0.2358 -0.9677 0.0898
vn 0.2523 -0.9634 0.0903
vn 0.2350 -0.9684 0.0841
vn 0.2404 -0.9696 0.0451
vn 0.2410 -0.9695 0.0448
vn 0.2409 -0.9695 0.0451
vn 0.2354 -0.9698 0.0635
vn 0.2421 -0.9675 0.0736
vn 0.2121 -0.9770 0.0221
vn 0.2458 -0.9690 0.0256
vn 0.2351 -0.9718 0.0189
vn 0.2425 -0.9695 -0.0343
vn 0.2406 -0.9701 -0.0330
vn 0.2405 -0.9700 -0.0343
vn 0.2364 -0.9716 -0.0133
vn 0.2472 -0.9689 -0.0075
vn 0.2475 -0.9689 0.0059
vn 0.2205 -0.9753 -0.0075
vn 0.2462 -0.9690 0.0188
vn 0.2267 -0.9720 -0.0620
vn 0.2480 -0.9666 -0.0647
vn 0.2326 -0.9690 -0.0829
vn 0.2361 -0.9683 -0.0815
vn 0.2352 -0.9683 -0.0843
vn 0.2401 -0.9672 -0.0831
vn 0.2179 -0.9703 -0.1055
vn 0.2222 -0.9696 -0.1029
vn 0.2275 -0.9675 -0.1107
vn 0.2137 -0.9686 -0.1267
vn 0.2235 -0.9686 -0.1085
vn 0.2048 -0.9703 -0.1287
vn 0.2217 -0.9664 -0.1299
vn 0.2180 -0.9665 -0.1358
vn 0.2308 -0.9638 -0.1336
vn 0.1879 -0.9706 -0.1506
vn 0.2115 -0.9652 -0.1538
vn 0.2066 -0.9652 -0.1604
vn 0.2476 -0.9542 -0.1678
vn 0.1620 -0.9722 -0.1689
vn 0.1937 -0.9651 -0.1760
vn 0.1937 -0.9652 -0.1760
vn 0.1389 -0.9713 0.1931
vn 0.1305 -0.9714 0.1985
vn 0.1234 -0.9720 0.2002
vn 0.1283 -0.9743 0.1850
vn 0.1025 -0.9743 0.2005
vn 0.1183 -0.9743 0.1916
vn 0.1038 -0.9726 0.2082
vn 0.0943 -0.9748 0.2022
vn 0.1022 -0.9748 0.1983
vn 0.0815 -0.9801 0.1811
vn -0.6392 0.4277 -0.6391
vn -0.6392 0.4277 -0.6392
vn -0.6391 0.4277 -0.6392
vn -0.8731 0.4277 -0.2339
vn -0.8731 0.4277 -0.2340
vn -0.8731 0.4278 -0.2338
vn -0.8731 0.4277 0.2339
vn -0.8731 0.4277 0.2340
vn -0.8728 0.4283 0.2341
vn -0.6391 0.4277 0.6392
vn -0.6392 0.4277 0.6392
vn -0.6391 0.4278 0.6391
vn -0.6392 0.4277 0.6391
vn -0.7332 0.6583 0.1703
vn -0.7566 0.6204 0.2065
vn -0.7232 0.6507 -0.2313
vn -0.7331 0.6333 -0.2479
vn -0.7009 0.6635 -0.2616
vn -0.7011 0.6634 -0.2616
vn -0.7010 0.6634 -0.2618
vn -0.7012 0.6632 -0.2616
vn -0.7095 0.6324 -0.3110
vn -0.9978 0.0000 -0.0655
vn -0.9978 0.0000 -0.0656
vn -0.9978 0.0001 -0.0655
vn -0.9978 -0.0002 -0.0657
vn -0.9979 0.0004 -0.0655
vn -0.9978 -0.0001 -0.0656
vn -0.9979 0.0000 -0.0655
vn -0.9979 -0.0002 -0.0655
vn -0.9979 0.0001 -0.0655
vn -0.9978 0.0001 -0.0656
vn -0.9978 -0.0001 -0.0655
vn -0.9978 0.0003 -0.0656
vn -0.9978 0.0005 -0.0656
vn -0.9979 0.0002 -0.0655
vn -0.9978 -0.0002 -0.0655
vn -0.9978 0.0003 -0.0655
vn 0.8803 0.0000 -0.4744
vn 0.8803 0.0002 -0.4745
vn -0.8779 0.0000 -0.4789
vn -0.8779 -0.0002 -0.4789
vn -0.8779 -0.0003 -0.4788
vn -0.8779 0.0001 -0.4789
vn -0.8779 0.0002 -0.4788
vn -0.8779 0.0000 -0.4788
vn -0.8779 -0.0001 -0.4789
vn -0.8779 -0.0001 -0.4788
vn -0.8779 -0.0002 -0.4788
vn -0.8779 0.0002 -0.4789
vn -0.9910 0.0000 0.1336
vn -0.9910 0.0001 0.1336
vn -0.9910 -0.0003 0.1336
vn -0.9910 0.0005 0.1336
vn -0.9910 0.0000 0.1335
vn -0.9910 -0.0002 0.1336
vn -0.9910 0.0001 0.1335
vn 0.7952 0.0000 0.6063
vn 0.7952 0.0001 0.6063
vn 0.7952 0.0002 0.6063
vn 0.7952 0.0003 0.6063
vn 0.7952 0.0001 0.6064
vn 0.7952 -0.0001 0.6063
vn 0.7952 0.0000 0.6064
vn 0.7952 -0.0001 0.6064
vn 0.7952 -0.0002 0.6063
vn 1.0000 0.0001 0.0000
vn 1.0000 -0.0001 0.0000
vn 1.0000 -0.0002 0.0000
vn 1.0000 0.0002 0.0000
vn 0.8803 -0.0001 -0.4745
vn 0.8803 0.0001 -0.4744
vn 0.8803 -0.0002 -0.4745
vn 0.8803 -0.0002 -0.4744
vn 0.8803 0.0004 -0.4744
vn 0.8803 0.0002 -0.4744
vn 0.8803 0.0000 -0.4745
vn 0.8803 -0.0001 -0.4744
vn -0.9251 0.0000 0.3796
vn -0.9251 -0.0002 0.3796
vn -0.9251 -0.0001 0.3796
vn -0.9251 0.0001 0.3796
vn -0.9251 0.0000 0.3797
vn -0.5148 0.0000 -0.8573
vn -0.5148 -0.0001 -0.8573
vn -0.5148 -0.0002 -0.8573
vn 0.1803 0.0000 0.9836
vn 0.1804 0.0000 0.9836
vn 0.1804 -0.0001 0.9836
vn 0.1806 -0.0001 0.9836
vn 0.1804 0.0001 0.9836
vn 0.1805 -0.0002 0.9836
vn 0.1804 0.0009 0.9836
vn 0.9836 0.0000 -0.1805
vn 0.9836 -0.0001 -0.1803
vn 0.9836 -0.0001 -0.1804
vn 0.9836 0.0000 -0.1804
vn -0.1476 -0.0000 -0.9890
vn -0.1476 0.0001 -0.9890
vn -0.4384 0.0000 -0.8988
vn -0.4384 -0.0001 -0.8988
vn -0.4385 -0.0000 -0.8987
vn -0.4399 0.0003 -0.8980
vn -0.4385 -0.0000 -0.8988
vn -0.7983 0.0000 -0.6022
vn -0.7983 0.0000 -0.6023
vn -0.7983 -0.0001 -0.6022
vn -0.7983 0.0001 -0.6022
vn -0.7983 -0.0002 -0.6022
vn -0.9989 0.0000 -0.0479
vn -0.9989 0.0001 -0.0479
vn -0.9989 -0.0001 -0.0479
vn -0.9989 0.0000 -0.0478
vn -0.8702 -0.0031 0.4927
vn -0.8702 -0.0031 0.4926
vn -0.8590 0.0022 0.5119
vn -0.8570 -0.0489 0.5130
vn -0.8570 -0.0486 0.5130
vn -0.8695 -0.0127 0.4937
vn -0.8748 -0.0003 0.4845
vn -0.8831 0.0011 0.4692
vn -0.8825 0.0009 0.4703
vn -0.8831 0.0005 0.4691
vn -0.8825 0.0005 0.4703
vn -0.8831 -0.0007 0.4691
vn -0.8826 -0.0037 0.4702
vn -0.8831 -0.0035 0.4691
vn -0.8942 0.0033 0.4476
vn -0.8954 0.0002 0.4452
vn -0.8943 -0.0058 0.4475
vn -0.8954 -0.0056 0.4452
vn -0.9071 0.0072 0.4209
vn -0.9242 0.0000 0.3819
vn -0.9054 0.0015 0.4246
vn -0.9055 0.0015 0.4243
vn -0.9071 0.0014 0.4210
vn -0.9053 -0.0075 0.4247
vn -0.9070 -0.0075 0.4211
vn -0.9160 0.0072 0.4010
vn -0.9181 0.0027 0.3964
vn -0.9158 -0.0091 0.4016
vn -0.9179 -0.0093 0.3967
vn -0.9254 0.0075 0.3788
vn -0.5049 0.6458 0.5728
vn -0.5150 0.6471 0.5621
vn -0.5350 0.6379 0.5540
vn -0.5409 0.6527 0.5305
vn -0.5263 0.6526 0.5450
vn -0.5373 0.6586 0.5269
vn -0.5548 0.6480 0.5218
vn -0.5803 0.6436 0.4990
vn -0.5774 0.6596 0.4812
vn -0.5661 0.6596 0.4944
vn -0.5631 0.6803 0.4692
vn -0.6394 0.6037 0.4762
vn 0.9953 0.0000 0.0971
vn 0.9953 -0.0001 0.0971
vn 0.9953 0.0000 0.0964
vn 0.8803 0.0003 -0.4744
vn 0.8803 0.0008 -0.4744
vn 0.8803 -0.0003 -0.4744
vn 0.8803 0.0005 -0.4744
vn 0.8803 0.0004 -0.4745
vn 0.8803 -0.0004 -0.4744
vn 1.0000 0.0005 0.0000
vn 1.0000 -0.0003 0.0000
vn 1.0000 -0.0004 0.0000
vn 1.0000 0.0003 0.0000
vn 0.7952 -0.0003 0.6063
vn 0.7952 -0.0002 0.6064
vn 0.7951 0.0002 0.6064
vn 0.7952 -0.0005 0.6063
vn 0.7952 -0.0003 0.6064
vn 0.7952 -0.0007 0.6063
vn -0.9910 -0.0006 0.1336
vn -0.9910 0.0003 0.1336
vn -0.9910 -0.0010 0.1335
vn -0.9910 -0.0004 0.1336
vn -0.8779 0.0003 -0.4789
vn -0.8779 0.0004 -0.4789
vn -0.8779 -0.0004 -0.4788
vn -0.8779 0.0003 -0.4788
vn -0.8779 -0.0018 -0.4788
vn -0.8779 0.0005 -0.4789
vn -0.8779 -0.0003 -0.4789
vn -0.8779 0.0006 -0.4789
vn -0.8779 -0.0004 -0.4789
vn -0.8779 0.0008 -0.4789
vn -0.9979 0.0012 -0.0654
vn -0.9979 -0.0006 -0.0655
vn -0.9979 0.0005 -0.0655
vn -0.9979 -0.0005 -0.0655
vn -0.9978 -0.0010 -0.0655
vn -0.9978 -0.0008 -0.0656
vn -0.9979 -0.0014 -0.0655
vn -0.9978 -0.0003 -0.0655
vn -0.9979 0.0011 -0.0655
vn -0.9978 -0.0007 -0.0655
vn -0.9978 -0.0003 -0.0656
vn -0.9979 0.0015 -0.0655
vn -0.9978 -0.0026 -0.0656
vn -0.9978 -0.0002 -0.0656
vn -0.9251 -0.0004 0.3796
vn -0.9251 0.0002 0.3797
vn -0.9251 -0.0005 0.3797
vn -0.9251 -0.0003 0.3796
vn -0.9251 0.0004 0.3796
vn -0.9251 -0.0006 0.3796
vn -0.9251 0.0007 0.3796
vn -0.9251 0.0002 0.3796
vn -0.9251 0.0012 0.3797
vn -0.9252 -0.0004 0.3796
vn -0.9252 -0.0003 0.3796
vn -0.9251 0.0003 0.3797
vn -0.9252 -0.0003 0.3794
vn 0.1804 -0.0003 0.9836
vn 0.1804 -0.0002 0.9836
vn 0.1804 0.0006 0.9836
vn 0.1803 0.0004 0.9836
vn 0.1804 0.0002 0.9836
vn -0.5148 0.0002 -0.8573
vn -0.5148 0.0006 -0.8573
vn -0.5148 -0.0006 -0.8573
vn 0.2752 0.6890 0.6705
vn 0.2878 0.6908 0.6633
vn 0.2257 0.6882 0.6895
vn 0.2549 0.6733 0.6940
vn 0.2335 0.6746 0.7003
vn 0.2509 0.6843 0.6847
vn 0.2473 0.6832 0.6871
vn 0.2513 0.6836 0.6852
vn 0.2480 0.6823 0.6877
vn 0.2630 0.6860 0.6784
vn 0.2742 0.6905 0.6694
vn 0.2695 0.6921 0.6696
vn 0.2872 0.6916 0.6627
vn -0.2339 0.4277 0.8731
vn -0.2340 0.4277 0.8731
vn -0.2340 0.4277 -0.8731
vn -0.2339 0.4277 -0.8731
vn -0.2340 0.4278 -0.8731
vn -0.0761 0.9971 -0.0035
vn -0.0664 0.9974 0.0289
vn -0.0681 0.9974 0.0234
vn -0.0631 0.9963 0.0581
vn -0.0726 0.9972 0.0165
vn -0.0853 0.9959 0.0314
vn -0.0848 0.9953 0.0475
vn -0.0053 0.9952 -0.0981
vn -0.0101 0.9955 -0.0947
vn -0.0049 0.9958 -0.0912
vn -0.0146 0.9958 -0.0901
vn -0.0093 0.9957 -0.0917
vn -0.0155 0.9953 -0.0959
vn -0.0107 0.9952 -0.0970
vn -0.0258 0.9952 -0.0942
vn -0.0246 0.9951 -0.0956
vn -0.0261 0.9951 -0.0952
vn -0.0347 0.9955 -0.0881
vn -0.0485 0.9950 -0.0877
vn -0.0356 0.9953 -0.0905
vn -0.0324 0.9954 -0.0903
vn -0.0439 0.9955 -0.0839
vn -0.0441 0.9955 -0.0835
vn -0.0437 0.9955 -0.0837
vn -0.0524 0.9955 -0.0785
vn -0.0467 0.9952 -0.0860
vn -0.0533 0.9954 -0.0797
vn -0.0574 0.9956 -0.0741
vn -0.0604 0.9956 -0.0723
vn -0.0690 0.9955 -0.0646
vn -0.0662 0.9958 -0.0639
vn -0.0663 0.9958 -0.0639
vn -0.0591 0.9957 -0.0707
vn -0.0869 0.9957 -0.0327
vn -0.0769 0.9959 -0.0471
vn -0.0727 0.9957 -0.0565
vn -0.0683 0.9956 -0.0644
vn -0.0727 0.9958 -0.0565
vn -0.0867 0.9957 -0.0329
vn -0.0759 0.9960 -0.0469
vn -0.0735 0.9960 -0.0509
vn -0.0753 0.9970 -0.0195
vn -0.0705 0.9969 -0.0338
vn -0.0596 0.9974 -0.0411
vn -0.0754 0.9971 -0.0101
vn -0.0725 0.9972 -0.0172
vn -0.0751 0.9972 -0.0001
vn -0.0731 0.9973 -0.0022
vn -0.0732 0.9973 -0.0013
vn -0.0707 0.9972 0.0250
vn -0.0691 0.9974 0.0181
vn -0.0663 0.9973 0.0328
vn -0.0693 0.9975 0.0137
vn -0.0651 0.9975 0.0275
vn -0.0855 0.9960 0.0267
vn -0.0822 0.9960 0.0357
vn -0.0782 0.9960 0.0438
vn -0.0668 0.9975 0.0209
vn -0.0713 0.9974 0.0099
vn -0.0626 0.9979 0.0168
vn -0.0879 0.9960 0.0174
vn -0.0714 0.9974 0.0064
vn -0.0893 0.9960 0.0079
vn -0.0889 0.9960 -0.0112
vn -0.0896 0.9960 -0.0016
vn -0.0735 0.9973 -0.0093
vn -0.0845 0.9960 -0.0298
vn -0.0872 0.9960 -0.0206
vn -0.0716 0.9971 -0.0253
vn -0.0762 0.9960 -0.0471
vn -0.0808 0.9960 -0.0387
vn -0.3051 0.9483 -0.0880
vn -0.0072 0.9340 -0.3573
vn -0.2477 0.9303 0.2704
vn -0.2561 0.9501 0.1781
vn -0.2171 0.9631 0.1591
vn -0.2314 0.9632 0.1365
vn -0.2457 0.9568 0.1552
vn -0.2549 0.9501 0.1796
vn -0.2415 0.9407 0.2382
vn -0.2466 0.9473 0.2044
vn -0.2749 0.9256 0.2601
vn -0.3159 0.9323 0.1764
vn -0.3130 0.9286 0.1993
vn -0.3056 0.9296 0.2058
vn -0.3106 0.9297 0.1981
vn -0.3030 0.9308 0.2045
vn -0.3373 0.9304 0.1433
vn -0.3338 0.9305 0.1511
vn -0.3311 0.9331 0.1405
vn -0.3257 0.9279 0.1816
vn -0.3239 0.9306 0.1707
vn -0.3372 0.9304 0.1434
vn -0.3400 0.9276 0.1546
vn -0.3450 0.9317 0.1136
vn -0.3477 0.9296 0.1223
vn -0.3500 0.9296 0.1158
vn -0.3535 0.9270 0.1256
vn -0.3589 0.9282 0.0980
vn -0.3547 0.9309 0.0870
vn -0.3558 0.9309 0.0826
vn -0.3574 0.9299 0.0869
vn -0.3599 0.9298 0.0766
vn -0.3599 0.9312 0.0575
vn -0.3593 0.9315 0.0558
vn -0.3590 0.9315 0.0576
vn -0.3577 0.9322 0.0558
vn -0.3580 0.9333 0.0264
vn -0.3576 0.9336 0.0249
vn -0.3574 0.9336 0.0265
vn -0.3561 0.9341 0.0249
vn -0.3569 0.9341 -0.0046
vn -0.3353 0.9292 -0.1552
vn -0.3471 0.9274 -0.1395
vn -0.3159 0.9341 -0.1663
vn -0.3271 0.9307 -0.1636
vn -0.3229 0.9307 -0.1718
vn -0.3334 0.9276 -0.1686
vn -0.2963 0.9359 -0.1906
vn -0.3077 0.9328 -0.1876
vn -0.3057 0.9313 -0.1979
vn -0.2860 0.9350 -0.2097
vn -0.2828 0.9337 -0.2195
vn -0.2886 0.9337 -0.2117
vn -0.2868 0.9318 -0.2225
vn -0.2676 0.9346 -0.2342
vn -0.2633 0.9334 -0.2439
vn -0.2701 0.9334 -0.2361
vn -0.2684 0.9309 -0.2476
vn -0.2496 0.9331 -0.2591
vn -0.2441 0.9318 -0.2687
vn -0.0062 0.9523 -0.3053
vn -0.0051 0.9676 -0.2523
vn -0.0204 0.9676 -0.2516
vn -0.2073 0.9700 0.1268
vn -0.1747 0.9802 0.0931
vn -0.1516 0.9848 0.0849
vn -0.3091 0.9465 0.0923
vn -0.3136 0.9473 0.0658
vn -0.3255 0.9416 0.0863
vn -0.3006 0.9537 0.0143
vn -0.2980 0.9539 0.0361
vn -0.2994 0.9533 0.0386
vn -0.2996 0.9534 0.0360
vn -0.2944 0.9557 0.0055
vn -0.2933 0.9554 -0.0337
vn -0.2991 0.9539 -0.0256
vn -0.3002 0.9538 -0.0101
vn -0.2875 0.9575 -0.0249
vn -0.3006 0.9537 0.0050
vn -0.2727 0.9584 -0.0847
vn -0.2851 0.9551 -0.0808
vn -0.2821 0.9552 -0.0900
vn -0.3051 0.9483 -0.0879
vn -0.2980 0.9535 -0.0446
vn -0.2878 0.9537 -0.0872
vn -0.2931 0.9543 -0.0580
vn -0.2947 0.9539 -0.0563
vn -0.2466 0.9633 -0.1061
vn -0.2763 0.9555 -0.1031
vn -0.2697 0.9556 -0.1190
vn -0.2551 0.9595 -0.1195
vn -0.2514 0.9572 -0.1438
vn -0.2514 0.9572 -0.1436
vn -0.2517 0.9570 -0.1440
vn -0.2201 0.9590 -0.1783
vn -0.2393 0.9556 -0.1721
vn -0.2435 0.9555 -0.1665
vn -0.2257 0.9601 -0.1649
vn -0.2094 0.9572 -0.1997
vn -0.2207 0.9552 -0.1974
vn -0.1815 0.9536 -0.2401
vn -0.1701 0.9557 -0.2403
vn -0.1996 0.9420 -0.2698
vn -0.2024 0.9464 -0.2519
vn -0.1984 0.9527 -0.2300
vn -0.1627 0.9521 -0.2590
vn -0.1978 0.9548 -0.2218
vn -0.1988 0.9546 -0.2216
vn -0.2165 0.9394 -0.2658
vn -0.2017 0.9392 -0.2777
vn -0.1879 0.9486 -0.2545
vn -0.2605 0.9278 -0.2671
vn -0.2361 0.9299 -0.2819
vn -0.2310 0.9308 -0.2834
vn -0.2207 0.9306 -0.2919
vn -0.2536 0.9198 -0.2994
vn -0.2285 0.9254 -0.3022
vn -0.2039 0.9306 -0.3041
vn -0.2497 0.9279 -0.2768
vn -0.3585 0.9335 0.0007
vn -0.3611 0.9325 -0.0048
vn -0.3504 0.9363 -0.0235
vn -0.3532 0.9349 -0.0355
vn -0.3541 0.9349 -0.0234
vn -0.3611 0.9319 -0.0358
vn -0.3498 0.9353 -0.0543
vn -0.3514 0.9339 -0.0666
vn -0.3533 0.9339 -0.0542
vn -0.3618 0.9299 -0.0669
vn -0.3496 0.9330 -0.0853
vn -0.3502 0.9315 -0.0981
vn -0.3533 0.9316 -0.0851
vn -0.3632 0.9265 -0.0983
vn -0.3545 0.9286 -0.1101
vn -0.3545 0.9282 -0.1134
vn -0.3556 0.9281 -0.1101
vn -0.3570 0.9246 -0.1332
vn -0.3461 0.9279 -0.1386
vn -0.3449 0.9298 -0.1287
vn -0.3369 0.9299 -0.1477
vn -0.3027 0.9332 0.1940
vn -0.3005 0.9293 0.2146
vn -0.2919 0.9275 0.2336
vn -0.2950 0.9299 0.2197
vn -0.2865 0.9299 0.2309
vn -0.2897 0.9262 0.2414
vn -0.2831 0.9220 0.2641
vn -0.2851 0.9286 0.2376
vn -0.2651 0.9285 0.2599
vn -0.2661 0.9381 0.2217
vn -0.2460 0.9473 0.2050
vn -0.2456 0.9475 0.2045
vn -0.2757 0.9224 0.2704
vn -0.2359 0.9301 0.2817
vn -0.2415 0.9346 0.2613
vn -0.2442 0.9311 0.2709
vn -0.2641 0.9316 0.2498
vn -0.2572 0.9367 0.2375
vn -0.2503 0.9367 0.2449
vn -0.2645 0.9397 0.2168
vn -0.3043 0.9355 0.1795
vn -0.2795 0.9473 0.1564
vn -0.2881 0.9380 0.1926
vn -0.2835 0.9380 0.1997
vn -0.2755 0.9428 0.1878
vn -0.2687 0.9381 0.2183
vn -0.3396 0.9335 0.1149
vn -0.2911 0.9500 0.1133
vn -0.3323 0.9320 0.1447
vn -0.3262 0.9319 0.1584
vn -0.2678 0.9562 0.1185
vn -0.3103 0.9356 0.1685
vn -0.1222 0.9534 -0.2760
vn -0.1384 0.9550 -0.2623
vn -0.1499 0.9535 -0.2616
vn -0.1619 0.9534 -0.2546
vn -0.1449 0.9564 -0.2534
vn -0.1733 0.9537 -0.2458
vn -0.1537 0.9469 -0.2823
vn -0.1538 0.9469 -0.2822
vn -0.1325 0.9417 -0.3094
vn -0.1305 0.9431 -0.3059
vn -0.0705 0.9515 -0.2995
vn -0.1180 0.9540 -0.2756
vn -0.1741 0.9803 0.0937
vn -0.1725 0.9803 0.0966
vn -0.1793 0.9799 0.0871
vn -0.1809 0.9804 0.0786
vn -0.1839 0.9803 0.0716
vn -0.1840 0.9797 0.0800
vn -0.1886 0.9803 0.0589
vn -0.1895 0.9803 0.0566
vn -0.1897 0.9801 0.0593
vn -0.1943 0.9801 0.0413
vn -0.1938 0.9803 0.0384
vn -0.1977 0.9799 0.0255
vn -0.1964 0.9804 0.0175
vn -0.1972 0.9803 0.0094
vn -0.2001 0.9796 0.0178
vn -0.1975 0.9803 -0.0036
vn -0.1975 0.9803 -0.0066
vn -0.1989 0.9800 -0.0037
vn -0.1971 0.9801 -0.0249
vn -0.1973 0.9801 -0.0227
vn -0.1961 0.9803 -0.0247
vn -0.1955 0.9799 -0.0387
vn -0.1919 0.9804 -0.0454
vn -0.1899 0.9803 -0.0538
vn -0.1957 0.9796 -0.0463
vn -0.1862 0.9803 -0.0658
vn -0.1851 0.9803 -0.0691
vn -0.1877 0.9800 -0.0663
vn -0.1790 0.9801 -0.0858
vn -0.1797 0.9801 -0.0842
vn -0.1784 0.9802 -0.0854
vn -0.1730 0.9800 -0.0988
vn -0.1678 0.9804 -0.1037
vn -0.1629 0.9803 -0.1114
vn -0.1713 0.9795 -0.1059
vn -0.1559 0.9803 -0.1212
vn -0.1535 0.9803 -0.1243
vn -0.1573 0.9800 -0.1223
vn -0.1427 0.9801 -0.1378
vn -0.1435 0.9801 -0.1369
vn -0.1423 0.9802 -0.1374
vn -0.1326 0.9800 -0.1487
vn -0.1265 0.9804 -0.1514
vn -0.1190 0.9803 -0.1575
vn -0.1292 0.9795 -0.1547
vn -0.1096 0.9803 -0.1641
vn -0.1060 0.9803 -0.1667
vn -0.1107 0.9799 -0.1658
vn -0.0919 0.9801 -0.1757
vn -0.0925 0.9802 -0.1753
vn -0.0722 0.9803 -0.1836
vn -0.0784 0.9800 -0.1831
vn -0.0917 0.9802 -0.1754
vn -0.0739 0.9794 -0.1878
vn -0.0528 0.9799 -0.1924
vn -0.0106 0.9800 -0.1985
vn -0.0040 0.9803 -0.1973
vn -0.0106 0.9803 -0.1970
vn -0.0161 0.9800 -0.1984
vn -0.0317 0.9802 -0.1955
vn -0.0994 0.9676 -0.2321
vn -0.1178 0.9676 -0.2233
vn -0.1355 0.9676 -0.2130
vn -0.1522 0.9676 -0.2014
vn -0.1680 0.9676 -0.1884
vn -0.1827 0.9676 -0.1742
vn -0.1962 0.9676 -0.1589
vn -0.2084 0.9676 -0.1425
vn -0.2192 0.9676 -0.1252
vn -0.2286 0.9676 -0.1071
vn -0.2365 0.9676 -0.0883
vn -0.2429 0.9676 -0.0688
vn -0.2477 0.9676 -0.0490
vn -0.2508 0.9676 -0.0288
vn -0.2523 0.9676 -0.0085
vn -0.2522 0.9676 0.0120
vn -0.2504 0.9676 0.0323
vn -0.2470 0.9676 0.0524
vn -0.2419 0.9676 0.0722
vn -0.2353 0.9676 0.0915
vn -0.2271 0.9676 0.1103
vn -0.2172 0.9676 0.1287
vn -0.2186 0.9697 0.1095
vn -0.0317 0.9802 -0.1956
vn -0.0319 0.9802 -0.1956
vn -0.0407 0.9676 -0.2492
vn -0.0247 0.9522 -0.3045
vn -0.2965 0.9526 0.0674
vn -0.2965 0.9526 0.0675
vn -0.2990 0.9522 0.0635
vn -0.2990 0.9522 0.0628
vn -0.2927 0.9522 0.0874
vn -0.2847 0.9522 0.1108
vn -0.2748 0.9522 0.1334
vn -0.2631 0.9522 0.1552
vn -0.2558 0.9523 0.1666
vn -0.2549 0.9504 0.1783
vn -0.0734 0.9522 -0.2965
vn -0.0289 0.9339 -0.3564
vn -0.0576 0.9339 -0.3529
vn -0.0492 0.9522 -0.3015
vn -0.0607 0.9676 -0.2451
vn -0.1901 0.9297 -0.3156
vn -0.1942 0.9322 -0.3055
vn -0.1600 0.9323 -0.3244
vn -0.1686 0.9325 -0.3195
vn -0.1597 0.9329 -0.3228
vn -0.1666 0.9341 -0.3157
vn -0.1711 0.9338 -0.3142
vn -0.1407 0.9339 -0.3287
vn -0.0628 0.9803 -0.1872
vn -0.0803 0.9676 -0.2393
vn -0.0972 0.9522 -0.2896
vn -0.1137 0.9339 -0.3390
vn -0.0858 0.9339 -0.3470
vn -0.0859 0.9339 -0.3471
vn -0.0475 0.9803 -0.1917
vn -0.0522 0.9803 -0.1903
vn -0.0154 0.6463 -0.7629
vn -0.0188 0.6435 -0.7652
vn -0.0613 0.6515 -0.7561
vn -0.1840 0.6414 -0.7448
vn -0.0497 0.6671 -0.7433
vn -0.0885 0.6588 -0.7471
vn -0.0608 0.6588 -0.7499
vn -0.0919 0.6382 -0.7644
vn -0.1204 0.6647 -0.7374
vn -0.1257 0.6555 -0.7446
vn -0.1627 0.6407 -0.7503
vn -0.2461 0.6332 -0.7338
vn -0.1845 0.6411 -0.7449
vn -0.1604 0.6832 -0.7124
vn -0.1916 0.6517 -0.7338
vn -0.2138 0.6575 -0.7225
vn -0.2138 0.6575 -0.7224
vn -0.2362 0.6695 -0.7043
vn -0.2543 0.6466 -0.7192
vn -0.3006 0.6455 -0.7021
vn -0.2608 0.7046 -0.6599
vn -0.2744 0.7170 -0.6408
vn -0.3338 0.6150 -0.7144
vn -0.3312 0.7044 -0.6278
vn -0.3379 0.6927 -0.6371
vn -0.3739 0.6919 -0.6177
vn -0.3369 0.6920 -0.6385
vn -0.3921 0.6278 -0.6724
vn -0.3934 0.6800 -0.6187
vn -0.4056 0.6643 -0.6279
vn -0.4351 0.6390 -0.6343
vn -0.4624 0.6419 -0.6117
vn -0.4344 0.6420 -0.6317
vn -0.4483 0.6546 -0.6087
vn -0.4529 0.6602 -0.5992
vn -0.4527 0.6606 -0.5989
vn -0.4926 0.6414 -0.5882
vn 0.0495 -0.9955 0.0807
vn 0.0722 -0.9955 0.0613
vn 0.0768 -0.9955 0.0554
vn 0.2102 -0.9722 -0.1037
vn 0.2202 -0.9722 -0.0791
vn 0.2383 -0.9709 -0.0238
vn 0.2342 -0.9722 0.0019
vn 0.1955 -0.9783 0.0679
vn 0.1764 -0.9827 0.0563
vn 0.2143 -0.9709 0.1068
vn 0.1736 -0.9828 -0.0631
vn 0.1906 -0.9569 -0.2190
vn 0.2754 -0.9598 0.0536
vn 0.1543 -0.9626 0.2227
vn 0.0103 -0.9576 0.2878
vn 0.0017 -0.9955 0.0946
vn 0.1515 -0.9804 -0.1258
vn 0.1626 -0.9792 -0.1210
vn 0.1637 -0.9809 -0.1048
vn 0.1696 -0.9813 -0.0906
vn 0.1207 -0.9872 -0.1040
vn 0.1280 -0.9896 -0.0662
vn 0.0902 -0.9928 -0.0785
vn 0.0652 -0.9967 -0.0477
vn 0.0824 -0.9956 -0.0442
vn 0.0852 -0.9954 -0.0430
vn 0.0026 -0.9897 0.1431
vn 0.0034 -0.9815 0.1912
vn 0.0043 -0.9710 0.2389
vn 0.0052 -0.9576 0.2880
vn 0.0100 -0.9582 0.2859
vn 0.0375 -0.9581 0.2840
vn 0.0650 -0.9583 0.2781
vn 0.0854 -0.9584 0.2724
vn 0.0842 -0.9591 0.2701
vn 0.0879 -0.9584 0.2717
vn 0.0735 -0.9710 0.2274
vn 0.1325 -0.9611 0.2424
vn 0.1106 -0.9590 0.2608
vn 0.1082 -0.9590 0.2619
vn 0.1095 -0.9598 0.2584
vn 0.1362 -0.9586 0.2500
vn 0.1456 -0.9604 0.2375
vn 0.1612 -0.9580 0.2373
vn 0.1809 -0.9588 0.2193
vn 0.1824 -0.9592 0.2160
vn 0.1795 -0.9592 0.2183
vn 0.1787 -0.9605 0.2133
vn 0.1893 -0.9632 0.1910
vn 0.2093 -0.9626 0.1721
vn 0.2127 -0.9603 0.1808
vn 0.2157 -0.9603 0.1769
vn 0.2189 -0.9648 0.1456
vn 0.2277 -0.9598 0.1644
vn 0.2330 -0.9598 0.1563
vn 0.2306 -0.9629 0.1402
vn 0.2481 -0.9595 0.1333
vn 0.2522 -0.9595 0.1257
vn 0.2424 -0.9616 0.1289
vn 0.2424 -0.9616 0.1288
vn 0.2630 -0.9587 0.1087
vn 0.2628 -0.9587 0.1092
vn 0.2632 -0.9585 0.1095
vn 0.2684 -0.9580 0.1014
vn 0.2687 -0.9618 0.0534
vn 0.2684 -0.9579 0.1014
vn 0.2702 -0.9559 0.1151
vn 0.2757 -0.9578 0.0812
vn 0.2697 -0.9599 0.0762
vn 0.2684 -0.9599 0.0810
vn 0.2661 -0.9609 0.0762
vn 0.2721 -0.9611 0.0481
vn 0.2506 -0.9678 0.0257
vn 0.2763 -0.9602 0.0420
vn 0.2780 -0.9602 0.0269
vn 0.2657 -0.9639 0.0191
vn 0.2763 -0.9611 0.0001
vn 0.2763 -0.9611 -0.0020
vn 0.2718 -0.9623 -0.0001
vn 0.2709 -0.9623 -0.0235
vn 0.2770 -0.9605 -0.0270
vn 0.2539 -0.9642 -0.0770
vn 0.2682 -0.9612 -0.0644
vn 0.2551 -0.9625 -0.0917
vn 0.2782 -0.9589 -0.0553
vn 0.2799 -0.9589 -0.0467
vn 0.2642 -0.9628 -0.0562
vn 0.2554 -0.9616 -0.1005
vn 0.2533 -0.9618 -0.1035
vn 0.2496 -0.9612 -0.1177
vn 0.2610 -0.9594 -0.1071
vn 0.2608 -0.9609 -0.0932
vn 0.2563 -0.9609 -0.1049
vn 0.2578 -0.9619 -0.0915
vn 0.2750 -0.9576 -0.0863
vn 0.2799 -0.9580 -0.0615
vn 0.2257 -0.9602 -0.1644
vn 0.2343 -0.9607 -0.1486
vn 0.2428 -0.9594 -0.1437
vn 0.2359 -0.9602 -0.1494
vn 0.2355 -0.9607 -0.1473
vn 0.2346 -0.9606 -0.1488
vn 0.2451 -0.9610 -0.1282
vn 0.2474 -0.9604 -0.1278
vn 0.2234 -0.9610 -0.1632
vn 0.2268 -0.9585 -0.1729
vn 0.2313 -0.9584 -0.1673
vn 0.2274 -0.9583 -0.1731
vn 0.2139 -0.9584 -0.1888
vn 0.2163 -0.9564 -0.1961
vn 0.2210 -0.9561 -0.1925
vn 0.2066 -0.9548 -0.2139
vn 0.2125 -0.9546 -0.2087
vn 0.2098 -0.9533 -0.2172
vn 0.1919 -0.9565 -0.2196
vn 0.1928 -0.9566 -0.2187
vn 0.1844 -0.9708 -0.1538
vn 0.1860 -0.9702 -0.1551
vn 0.1870 -0.9704 -0.1530
vn 0.1898 -0.9686 -0.1606
vn 0.1982 -0.9684 -0.1515
vn 0.1767 -0.9663 -0.1873
vn 0.1196 -0.9917 -0.0470
vn 0.2858 -0.9466 -0.1494
vn 0.1519 -0.9838 -0.0950
vn 0.1735 -0.9828 -0.0631
vn 0.2782 -0.9594 -0.0464
vn 0.2370 -0.9709 -0.0336
vn 0.2651 -0.9640 -0.0230
vn 0.2446 -0.9696 -0.0072
vn 0.2594 -0.9658 -0.0019
vn 0.2515 -0.9676 0.0202
vn 0.2516 -0.9677 0.0181
vn 0.2427 -0.9699 0.0203
vn 0.2729 -0.9598 0.0660
vn 0.2019 -0.9782 0.0489
vn 0.2046 -0.9783 0.0311
vn 0.2757 -0.9601 0.0480
vn 0.2163 -0.9637 0.1562
vn 0.2026 -0.9704 0.1312
vn 0.2064 -0.9704 0.1255
vn 0.2424 -0.9566 0.1619
vn 0.2142 -0.9709 0.1068
vn 0.1671 -0.9711 0.1703
vn 0.1777 -0.9680 0.1770
vn 0.1771 -0.9680 0.1777
vn 0.2009 -0.9646 0.1707
vn 0.1891 -0.9699 0.1537
vn 0.1960 -0.9608 0.1959
vn 0.1959 -0.9608 0.1959
vn 0.1968 -0.9606 0.1961
vn 0.1805 -0.9606 0.2112
vn 0.1885 -0.9570 0.2204
vn 0.1433 -0.9671 0.2104
vn 0.1665 -0.9565 0.2397
vn 0.1583 -0.9580 0.2392
vn 0.1525 -0.9656 0.2107
vn 0.2865 -0.8714 0.3982
vn 0.1564 -0.9651 0.2101
vn 0.1393 -0.9701 0.1987
vn 0.1513 -0.9714 0.1832
vn 0.1448 -0.9722 0.1843
vn 0.1253 -0.9819 0.1418
vn 0.1409 -0.9828 0.1198
vn 0.1411 -0.9827 0.1195
vn 0.1302 -0.9830 0.1298
vn 0.1443 -0.9851 0.0938
vn 0.1415 -0.9827 0.1197
vn 0.1763 -0.9827 0.0562
vn 0.1632 -0.9843 0.0667
vn 0.1325 -0.9897 0.0542
vn 0.2297 -0.9718 0.0526
vn 0.2252 -0.9729 0.0527
vn 0.1940 -0.9810 -0.0008
vn 0.1859 -0.9823 0.0242
vn 0.1940 -0.9806 -0.0272
vn 0.2272 -0.9724 -0.0525
vn 0.2145 -0.9737 -0.0767
vn 0.2205 -0.9734 -0.0627
vn 0.1934 -0.9763 -0.0969
vn 0.1948 -0.9726 -0.1268
vn 0.1869 -0.9702 -0.1539
vn 0.1869 -0.9702 -0.1540
vn 0.1869 -0.9725 -0.1391
vn 0.1982 -0.9718 -0.1281
vn 0.1994 -0.9624 -0.1843
vn 0.1929 -0.9630 -0.1881
vn 0.1945 -0.9592 -0.2052
vn 0.2064 -0.9592 -0.1932
vn 0.1780 -0.9725 -0.1505
vn 0.1390 -0.9640 0.2267
vn 0.1234 -0.9695 0.2120
vn 0.1293 -0.9586 0.2539
vn 0.1150 -0.9674 0.2258
vn 0.0810 -0.9769 0.1979
vn 0.1145 -0.9688 0.2196
vn 0.1536 -0.9721 0.1774
vn 0.1454 -0.9735 0.1763
vn 0.1228 -0.9780 0.1688
vn 0.1453 -0.9644 0.2210
vn 0.1384 -0.9643 0.2257
vn 0.0979 -0.9851 0.1416
vn 0.0443 -0.9815 0.1861
vn 0.0553 -0.9710 0.2325
vn 0.0659 -0.9586 0.2769
vn 0.1900 -0.9815 0.0242
vn 0.1926 -0.9808 0.0293
vn 0.1000 -0.9815 0.1631
vn 0.1126 -0.9815 0.1547
vn 0.1268 -0.9815 0.1435
vn 0.1255 -0.9812 0.1466
vn 0.1296 -0.9810 0.1441
vn 0.0731 -0.9815 0.1768
vn 0.0220 -0.9897 0.1415
vn 0.0295 -0.9815 0.1891
vn 0.0368 -0.9710 0.2362
vn 0.0433 -0.9596 0.2780
vn 0.1416 -0.9897 0.0215
vn 0.1394 -0.9897 0.0326
vn 0.0877 -0.9955 0.0358
vn 0.0902 -0.9955 0.0288
vn 0.1364 -0.9897 0.0436
vn 0.1781 -0.9831 0.0417
vn 0.1881 -0.9815 0.0343
vn 0.2153 -0.9749 0.0567
vn 0.1948 -0.9798 0.0456
vn 0.1881 -0.9795 0.0722
vn 0.2169 -0.9728 0.0817
vn 0.2013 -0.9782 0.0510
vn 0.1278 -0.9897 0.0645
vn 0.1224 -0.9897 0.0744
vn 0.1161 -0.9897 0.0838
vn 0.0748 -0.9897 0.1221
vn 0.0843 -0.9897 0.1158
vn 0.0931 -0.9897 0.1088
vn 0.1014 -0.9897 0.1011
vn 0.1091 -0.9897 0.0927
vn 0.0547 -0.9897 0.1323
vn 0.0441 -0.9897 0.1362
vn 0.1069 -0.9725 0.2070
vn 0.0807 -0.9774 0.1952
vn 0.0589 -0.9815 0.1821
vn 0.0332 -0.9897 0.1393
vn 0.0219 -0.9955 0.0921
vn 0.0146 -0.9955 0.0936
vn 0.0802 -0.9955 -0.0504
vn 0.1966 -0.9727 -0.1235
vn 0.1620 -0.9815 -0.1018
vn 0.1213 -0.9897 -0.0762
vn 0.2024 -0.9736 -0.1058
vn 0.1696 -0.9815 -0.0887
vn 0.1269 -0.9897 -0.0664
vn 0.0839 -0.9955 -0.0439
vn 0.0871 -0.9955 -0.0371
vn 0.2158 -0.9721 -0.0919
vn 0.1760 -0.9815 -0.0750
vn 0.1317 -0.9897 -0.0561
vn 0.2220 -0.9722 -0.0744
vn 0.1814 -0.9815 -0.0608
vn 0.1358 -0.9897 -0.0455
vn 0.0898 -0.9955 -0.0301
vn 0.0919 -0.9955 -0.0229
vn 0.2217 -0.9735 -0.0553
vn 0.1857 -0.9815 -0.0463
vn 0.1389 -0.9897 -0.0347
vn 0.2128 -0.9764 -0.0355
vn 0.1887 -0.9815 -0.0315
vn 0.1412 -0.9897 -0.0236
vn 0.0934 -0.9955 -0.0156
vn 0.0943 -0.9955 -0.0082
vn 0.2388 -0.9709 -0.0207
vn 0.1906 -0.9815 -0.0165
vn 0.1427 -0.9897 -0.0124
vn 0.1939 -0.9810 0.0021
vn 0.1913 -0.9815 -0.0014
vn 0.1432 -0.9897 -0.0010
vn 0.0947 -0.9955 -0.0007
vn 0.1927 -0.9809 0.0246
vn 0.1931 -0.9809 0.0247
vn 0.1931 -0.9809 0.0246
vn 0.1909 -0.9815 0.0137
vn 0.1428 -0.9897 0.0103
vn 0.0945 -0.9955 0.0068
vn 0.0922 -0.9955 0.0216
vn 0.0936 -0.9955 0.0142
vn 0.1763 -0.9827 0.0563
vn 0.0809 -0.9955 0.0492
vn 0.0846 -0.9955 0.0427
vn 0.0845 -0.9955 0.0427
vn 0.1499 -0.9828 0.1082
vn 0.1580 -0.9828 0.0961
vn 0.1490 -0.9841 0.0963
vn 0.1583 -0.9842 0.0798
vn 0.1671 -0.9828 0.0792
vn 0.0557 -0.9955 0.0766
vn 0.0616 -0.9955 0.0719
vn 0.0671 -0.9955 0.0668
vn 0.0670 -0.9955 0.0670
vn 0.1057 -0.9725 0.2075
vn 0.0868 -0.9815 0.1705
vn 0.0650 -0.9897 0.1276
vn 0.0430 -0.9955 0.0844
vn 0.0291 -0.9955 0.0901
vn 0.0362 -0.9955 0.0875
vn 0.0700 -0.9710 0.2287
vn 0.0938 -0.9693 0.2271
vn 0.0977 -0.9704 0.2211
vn 0.0212 -0.9597 0.2803
vn 0.0180 -0.9710 0.2384
vn 0.0144 -0.9815 0.1908
vn 0.0108 -0.9897 0.1428
vn 0.0071 -0.9955 0.0944
vn 0.0288 -0.9995 -0.0123
vn 0.0304 -0.9995 -0.0076
vn 0.0312 -0.9995 -0.0027
vn 0.0238 -0.9995 0.0203
vn 0.0222 -0.9995 0.0221
vn 0.0184 -0.9995 0.0253
vn 0.0142 -0.9995 0.0279
vn 0.0096 -0.9995 0.0298
vn 0.0048 -0.9995 0.0309
vn 0.0006 -0.9995 0.0313
vn 0.0061 -0.9995 -0.0313
vn 0.0146 -0.9995 -0.0278
vn 0.0189 -0.9995 -0.0250
vn 0.0217 -0.9995 -0.0226
vn 0.0265 -0.9995 -0.0166
vn 0.0252 -0.9995 -0.0184
vn 0.0235 -0.9995 -0.0207
vn 0.0244 -0.9995 -0.0196
vn 0.0190 -0.9995 -0.0250
vn 0.0024 -0.9995 0.0312
vn 0.0072 -0.9995 0.0304
vn 0.0120 -0.9995 0.0289
vn 0.0164 -0.9995 0.0267
vn 0.0204 -0.9995 0.0238
vn 0.0221 -0.9995 0.0222
vn 0.0267 -0.9995 0.0163
vn 0.0254 -0.9995 0.0183
vn 0.0290 -0.9995 0.0118
vn 0.0279 -0.9995 0.0141
vn 0.0305 -0.9995 0.0071
vn 0.0298 -0.9995 0.0095
vn 0.0312 -0.9995 0.0022
vn 0.0309 -0.9995 0.0047
vn 0.0313 -0.9995 -0.0002
vn 0.0309 -0.9995 -0.0052
vn 0.0297 -0.9995 -0.0100
vn 0.0277 -0.9995 -0.0145
vn 0.0265 -0.9995 -0.0167
vn 0.0252 -0.9995 -0.0186
vn 0.5498 0.0000 0.8353
vn 0.5498 0.0001 0.8353
vn 0.3544 0.7114 0.6070
vn 0.3267 0.7088 0.6252
vn 0.3511 0.7167 0.6026
vn 0.3443 0.7129 0.6110
vn 0.3385 0.7216 0.6038
vn 0.3544 0.7113 0.6070
vn 0.3463 0.7093 0.6140
vn 0.3462 0.7093 0.6140
vn 0.3340 0.7126 0.6170
vn 0.3319 0.7121 0.6187
vn 0.3342 0.7123 0.6172
vn 0.3319 0.7120 0.6188
vn 0.3374 0.7072 0.6214
vn 0.3281 0.7093 0.6239
vn -0.9946 0.0000 0.1042
vn 0.9946 0.0000 0.1042
vn 0.6885 0.6928 0.2143
vn -0.6885 0.6928 0.2143
vn 0.6885 -0.6928 0.2143
vn -0.6885 -0.6928 0.2143
vn -0.9969 -0.0785 0.0000
vn -0.9969 -0.0786 0.0000
vn -0.9724 -0.2333 0.0000
vn -0.9239 -0.3827 0.0000
vn -0.8526 -0.5225 0.0000
vn -0.7604 -0.6495 0.0000
vn -0.7604 -0.6494 0.0000
vn -0.6494 -0.7604 0.0000
vn -0.5225 -0.8526 0.0000
vn -0.3826 -0.9239 0.0000
vn -0.2334 -0.9724 0.0000
vn -0.2335 -0.9724 0.0000
vn -0.0784 -0.9969 0.0000
vn -0.0785 0.9969 0.0000
vn -0.2335 0.9724 0.0000
vn -0.2334 0.9724 0.0000
vn -0.3827 0.9239 0.0000
vn -0.5225 0.8526 0.0000
vn -0.6494 0.7604 0.0000
vn -0.7604 0.6494 -0.0000
vn -0.7604 0.6495 0.0000
vn -0.8526 0.5225 0.0000
vn -0.9239 0.3827 0.0000
vn -0.9724 0.2333 0.0000
vn -0.9969 0.0786 0.0000
vn -0.9969 0.0785 0.0000
vn 0.9969 0.0784 0.0000
vn 0.9724 0.2334 0.0000
vn 0.9723 0.2336 0.0000
vn 0.9239 0.3826 0.0000
vn 0.9239 0.3828 -0.0000
vn 0.8527 0.5224 0.0000
vn 0.8526 0.5226 0.0000
vn 0.7604 0.6494 0.0000
vn 0.6494 0.7604 0.0000
vn 0.6493 0.7605 0.0000
vn 0.5225 0.8526 0.0000
vn 0.3827 0.9239 0.0000
vn 0.2334 0.9724 0.0000
vn 0.2335 0.9724 0.0000
vn 0.0785 0.9969 0.0000
vn 0.0785 -0.9969 0.0000
vn 0.2335 -0.9724 0.0000
vn 0.2334 -0.9724 0.0000
vn 0.3827 -0.9239 0.0000
vn 0.5225 -0.8526 0.0000
vn 0.6493 -0.7605 0.0000
vn 0.6494 -0.7604 0.0000
vn 0.7604 -0.6494 0.0000
vn 0.8526 -0.5226 0.0000
vn 0.8527 -0.5224 0.0000
vn 0.9239 -0.3827 0.0000
vn 0.9239 -0.3826 0.0000
vn 0.9723 -0.2336 0.0000
vn 0.9724 -0.2334 0.0000
vn 0.9969 -0.0784 0.0000
vn -0.9659 -0.2588 0.0000
vn -0.8192 -0.5735 0.0000
vn 0.4227 -0.9063 0.0000
vn 0.5736 -0.8191 0.0000
vn 0.8191 -0.5736 0.0000
vn 0.9659 -0.2588 0.0000
vn 0.9659 0.2588 0.0000
vn 0.8191 0.5736 0.0000
vn 0.5736 0.8191 0.0000
vn 0.4227 0.9063 0.0000
vn -0.0871 0.9962 0.0000
vn -0.8192 0.5735 0.0000
vn -0.9659 0.2588 0.0000
vn 0.9660 -0.2587 0.0000
vn 0.9063 -0.4227 0.0000
vn 0.7071 0.7072 -0.0000
vn 0.9063 0.4227 0.0000
vn 0.9660 0.2587 0.0000
vn 0.0845 0.0226 0.9962
vn 0.0793 0.0370 0.9962
vn 0.0716 0.0502 0.9962
vn 0.0717 0.0502 0.9962
vn 0.0619 0.0619 0.9962
vn 0.0502 0.0717 0.9962
vn 0.0502 0.0716 0.9962
vn 0.0370 0.0793 0.9962
vn 0.0226 0.0845 0.9962
vn 0.0076 0.0871 0.9962
vn -0.0076 0.0871 0.9962
vn -0.0226 0.0845 0.9962
vn -0.0370 0.0793 0.9962
vn -0.0502 0.0717 0.9962
vn -0.0618 0.0619 0.9962
vn -0.0619 0.0619 0.9962
vn -0.0716 0.0502 0.9962
vn -0.0717 0.0502 0.9962
vn -0.0793 0.0370 0.9962
vn -0.0845 0.0226 0.9962
vn -0.0871 0.0076 0.9962
vn -0.0872 0.0076 0.9962
vn -0.0871 -0.0076 0.9962
vn -0.0845 -0.0226 0.9962
vn -0.0793 -0.0370 0.9962
vn -0.0717 -0.0502 0.9962
vn -0.0619 -0.0619 0.9962
vn -0.0502 -0.0717 0.9962
vn -0.0370 -0.0793 0.9962
vn -0.0226 -0.0845 0.9962
vn -0.0076 -0.0871 0.9962
vn 0.0076 -0.0871 0.9962
vn 0.0226 -0.0845 0.9962
vn 0.0370 -0.0793 0.9962
vn 0.0502 -0.0717 0.9962
vn 0.0619 -0.0619 0.9962
vn 0.0717 -0.0502 0.9962
vn 0.0716 -0.0502 0.9962
vn 0.0793 -0.0370 0.9962
vn 0.0845 -0.0226 0.9962
vn 0.0872 -0.0076 0.9962
vn 0.0871 -0.0076 0.9962
vn 0.0871 0.0076 0.9962
vn 0.2508 0.0672 0.9657
vn 0.2509 0.0673 0.9657
vn 0.2355 0.1098 0.9657
vn 0.2354 0.1098 0.9657
vn 0.2128 0.1490 0.9657
vn 0.1837 0.1837 0.9657
vn 0.1836 0.1836 0.9657
vn 0.1490 0.2127 0.9657
vn 0.1490 0.2128 0.9657
vn 0.1098 0.2354 0.9657
vn 0.0672 0.2509 0.9657
vn 0.0226 0.2588 0.9657
vn 0.0226 0.2587 0.9657
vn -0.0226 0.2588 0.9657
vn -0.0226 0.2587 0.9657
vn -0.0672 0.2509 0.9657
vn -0.1098 0.2354 0.9657
vn -0.1490 0.2128 0.9657
vn -0.1836 0.1836 0.9657
vn -0.1837 0.1837 0.9657
vn -0.2128 0.1490 0.9657
vn -0.2354 0.1098 0.9657
vn -0.2509 0.0672 0.9657
vn -0.2587 0.0226 0.9657
vn -0.2587 -0.0226 0.9657
vn -0.2509 -0.0672 0.9657
vn -0.2354 -0.1098 0.9657
vn -0.2128 -0.1490 0.9657
vn -0.1837 -0.1837 0.9657
vn -0.1836 -0.1836 0.9657
vn -0.1490 -0.2128 0.9657
vn -0.1098 -0.2354 0.9657
vn -0.0672 -0.2509 0.9657
vn -0.0226 -0.2588 0.9657
vn 0.0226 -0.2587 0.9657
vn 0.0226 -0.2588 0.9657
vn 0.0672 -0.2509 0.9657
vn 0.1098 -0.2354 0.9657
vn 0.1490 -0.2128 0.9657
vn 0.1490 -0.2127 0.9657
vn 0.1837 -0.1836 0.9657
vn 0.1837 -0.1837 0.9657
vn 0.2128 -0.1490 0.9657
vn 0.2354 -0.1098 0.9657
vn 0.2355 -0.1098 0.9657
vn 0.2509 -0.0672 0.9657
vn 0.2508 -0.0672 0.9657
vn 0.2587 -0.0226 0.9657
vn 0.2587 0.0226 0.9657
vn 0.4096 0.1098 0.9057
vn 0.4094 0.1097 0.9057
vn 0.3842 0.1791 0.9057
vn 0.3842 0.1792 0.9057
vn 0.3473 0.2432 0.9057
vn 0.3472 0.2431 0.9057
vn 0.2998 0.2997 0.9057
vn 0.2998 0.2998 0.9057
vn 0.2432 0.3473 0.9057
vn 0.1792 0.3842 0.9057
vn 0.1792 0.3843 0.9057
vn 0.1097 0.4095 0.9057
vn 0.0369 0.4223 0.9057
vn -0.0369 0.4223 0.9057
vn -0.0369 0.4224 0.9057
vn -0.1097 0.4095 0.9057
vn -0.1792 0.3842 0.9057
vn -0.2432 0.3473 0.9057
vn -0.2998 0.2998 0.9057
vn -0.3473 0.2432 0.9057
vn -0.3472 0.2431 0.9057
vn -0.3842 0.1791 0.9057
vn -0.3843 0.1792 0.9057
vn -0.4095 0.1097 0.9057
vn -0.4224 0.0370 0.9056
vn -0.4223 0.0370 0.9057
vn -0.4223 -0.0369 0.9057
vn -0.4224 -0.0370 0.9057
vn -0.4096 -0.1098 0.9057
vn -0.4095 -0.1097 0.9057
vn -0.3843 -0.1792 0.9057
vn -0.3842 -0.1791 0.9057
vn -0.3472 -0.2431 0.9057
vn -0.3473 -0.2432 0.9057
vn -0.2998 -0.2998 0.9057
vn -0.2432 -0.3473 0.9057
vn -0.1792 -0.3842 0.9057
vn -0.1097 -0.4095 0.9057
vn -0.0370 -0.4223 0.9057
vn 0.0370 -0.4223 0.9057
vn 0.0369 -0.4223 0.9057
vn 0.1097 -0.4095 0.9057
vn 0.1792 -0.3843 0.9057
vn 0.1792 -0.3842 0.9057
vn 0.2432 -0.3473 0.9057
vn 0.2998 -0.2998 0.9057
vn 0.2997 -0.2997 0.9057
vn 0.3472 -0.2432 0.9057
vn 0.3473 -0.2431 0.9057
vn 0.3843 -0.1792 0.9057
vn 0.3842 -0.1792 0.9057
vn 0.4094 -0.1097 0.9057
vn 0.4096 -0.1097 0.9057
vn 0.4224 -0.0370 0.9057
vn 0.4223 -0.0370 0.9057
vn 0.4223 0.0369 0.9057
vn 0.4224 0.0370 0.9057
vn 0.5555 0.1488 0.8181
vn 0.5212 0.2431 0.8181
vn 0.5212 0.2430 0.8181
vn 0.4711 0.3298 0.8181
vn 0.4066 0.4066 0.8181
vn 0.4067 0.4067 0.8181
vn 0.3298 0.4711 0.8181
vn 0.2430 0.5212 0.8181
vn 0.2430 0.5211 0.8181
vn 0.1488 0.5554 0.8181
vn 0.1488 0.5555 0.8181
vn 0.0501 0.5728 0.8181
vn -0.0501 0.5728 0.8181
vn -0.1488 0.5554 0.8182
vn -0.1488 0.5555 0.8181
vn -0.2430 0.5212 0.8181
vn -0.2430 0.5211 0.8182
vn -0.3298 0.4710 0.8182
vn -0.4066 0.4066 0.8182
vn -0.4067 0.4066 0.8181
vn -0.4711 0.3299 0.8181
vn -0.4711 0.3298 0.8181
vn -0.5212 0.2430 0.8181
vn -0.5555 0.1488 0.8181
vn -0.5729 0.0502 0.8181
vn -0.5730 0.0501 0.8180
vn -0.5729 -0.0501 0.8181
vn -0.5555 -0.1488 0.8181
vn -0.5212 -0.2430 0.8181
vn -0.4710 -0.3298 0.8181
vn -0.4711 -0.3299 0.8181
vn -0.4066 -0.4066 0.8181
vn -0.3298 -0.4710 0.8181
vn -0.3298 -0.4710 0.8182
vn -0.2430 -0.5211 0.8182
vn -0.2430 -0.5212 0.8181
vn -0.1488 -0.5555 0.8181
vn -0.1488 -0.5554 0.8181
vn -0.0501 -0.5729 0.8181
vn 0.0501 -0.5728 0.8181
vn 0.0501 -0.5729 0.8181
vn 0.1488 -0.5555 0.8181
vn 0.1488 -0.5554 0.8181
vn 0.2430 -0.5212 0.8181
vn 0.3299 -0.4711 0.8181
vn 0.4067 -0.4067 0.8181
vn 0.4066 -0.4066 0.8181
vn 0.4711 -0.3298 0.8181
vn 0.5212 -0.2431 0.8181
vn 0.5555 -0.1488 0.8181
vn 0.5554 -0.1488 0.8181
vn 0.5729 -0.0502 0.8181
vn 0.5730 -0.0501 0.8181
vn 0.5730 0.0501 0.8180
vn 0.5729 0.0501 0.8181
vn 0.6842 0.1833 0.7059
vn 0.6843 0.1834 0.7058
vn 0.6421 0.2994 0.7058
vn 0.6420 0.2993 0.7059
vn 0.5802 0.4063 0.7059
vn 0.5803 0.4063 0.7058
vn 0.5009 0.5009 0.7058
vn 0.4063 0.5803 0.7058
vn 0.2994 0.6420 0.7059
vn 0.2994 0.6421 0.7057
vn 0.1834 0.6843 0.7058
vn 0.1834 0.6843 0.7057
vn 0.0617 0.7058 0.7058
vn 0.0618 0.7057 0.7058
vn -0.0617 0.7058 0.7058
vn -0.0618 0.7058 0.7058
vn -0.1834 0.6843 0.7057
vn -0.1834 0.6843 0.7058
vn -0.2994 0.6420 0.7058
vn -0.2994 0.6421 0.7057
vn -0.4064 0.5803 0.7057
vn -0.5010 0.5010 0.7057
vn -0.5009 0.5009 0.7058
vn -0.5803 0.4063 0.7058
vn -0.6421 0.2994 0.7057
vn -0.6421 0.2994 0.7058
vn -0.6843 0.1833 0.7058
vn -0.6842 0.1834 0.7059
vn -0.7056 0.0617 0.7059
vn -0.7056 -0.0617 0.7059
vn -0.6842 -0.1833 0.7059
vn -0.6843 -0.1834 0.7058
vn -0.6421 -0.2993 0.7058
vn -0.6421 -0.2994 0.7057
vn -0.5803 -0.4064 0.7057
vn -0.5803 -0.4063 0.7058
vn -0.5009 -0.5009 0.7058
vn -0.5010 -0.5010 0.7057
vn -0.4064 -0.5804 0.7057
vn -0.4064 -0.5803 0.7057
vn -0.2994 -0.6421 0.7058
vn -0.1834 -0.6843 0.7058
vn -0.0617 -0.7057 0.7058
vn 0.0617 -0.7057 0.7058
vn 0.1833 -0.6843 0.7058
vn 0.1834 -0.6843 0.7058
vn 0.2994 -0.6421 0.7057
vn 0.2994 -0.6420 0.7058
vn 0.4063 -0.5803 0.7058
vn 0.5009 -0.5009 0.7058
vn 0.5803 -0.4063 0.7058
vn 0.5802 -0.4063 0.7059
vn 0.6419 -0.2993 0.7059
vn 0.6420 -0.2994 0.7058
vn 0.6843 -0.1834 0.7058
vn 0.6842 -0.1833 0.7059
vn 0.7056 -0.0617 0.7059
vn 0.7058 -0.0617 0.7057
vn 0.7058 0.0618 0.7057
vn 0.7056 0.0617 0.7059
vn 0.7923 0.2123 0.5720
vn 0.7922 0.2123 0.5722
vn 0.7433 0.3465 0.5722
vn 0.7434 0.3467 0.5720
vn 0.6719 0.4705 0.5720
vn 0.5800 0.5800 0.5720
vn 0.5800 0.5800 0.5721
vn 0.4705 0.6719 0.5720
vn 0.4705 0.6718 0.5721
vn 0.3466 0.7434 0.5721
vn 0.3466 0.7433 0.5722
vn 0.2123 0.7922 0.5721
vn 0.0715 0.8170 0.5721
vn 0.0715 0.8171 0.5721
vn -0.0715 0.8171 0.5721
vn -0.2123 0.7922 0.5721
vn -0.2123 0.7923 0.5721
vn -0.3466 0.7434 0.5721
vn -0.3466 0.7433 0.5721
vn -0.4704 0.6719 0.5721
vn -0.4705 0.6718 0.5721
vn -0.5799 0.5800 0.5721
vn -0.5800 0.5800 0.5720
vn -0.6719 0.4705 0.5720
vn -0.7434 0.3466 0.5720
vn -0.7433 0.3466 0.5722
vn -0.7921 0.2123 0.5722
vn -0.7923 0.2123 0.5720
vn -0.8171 0.0715 0.5720
vn -0.8171 -0.0715 0.5720
vn -0.7923 -0.2123 0.5720
vn -0.7922 -0.2122 0.5722
vn -0.7433 -0.3466 0.5722
vn -0.7434 -0.3467 0.5720
vn -0.6719 -0.4705 0.5720
vn -0.5800 -0.5800 0.5720
vn -0.5800 -0.5800 0.5721
vn -0.4704 -0.6718 0.5721
vn -0.4705 -0.6719 0.5721
vn -0.3466 -0.7433 0.5721
vn -0.3466 -0.7434 0.5721
vn -0.2123 -0.7922 0.5721
vn -0.2123 -0.7923 0.5721
vn -0.0715 -0.8170 0.5721
vn -0.0715 -0.8171 0.5721
vn 0.0715 -0.8170 0.5721
vn 0.0715 -0.8171 0.5721
vn 0.2123 -0.7922 0.5721
vn 0.3466 -0.7433 0.5721
vn 0.4704 -0.6718 0.5721
vn 0.4704 -0.6719 0.5721
vn 0.5800 -0.5800 0.5721
vn 0.5800 -0.5800 0.5720
vn 0.6719 -0.4705 0.5720
vn 0.7434 -0.3466 0.5720
vn 0.7433 -0.3466 0.5722
vn 0.7922 -0.2123 0.5722
vn 0.7923 -0.2123 0.5720
vn 0.8171 -0.0714 0.5720
vn 0.8169 -0.0715 0.5723
vn 0.8169 0.0714 0.5723
vn 0.8171 0.0715 0.5720
vn 0.8760 0.2348 0.4213
vn 0.8761 0.2348 0.4212
vn 0.8220 0.3833 0.4212
vn 0.8219 0.3832 0.4213
vn 0.7429 0.5202 0.4214
vn 0.7429 0.5202 0.4213
vn 0.6413 0.6413 0.4213
vn 0.5202 0.7429 0.4213
vn 0.3833 0.8220 0.4213
vn 0.3833 0.8219 0.4214
vn 0.2347 0.8760 0.4213
vn 0.0790 0.9035 0.4213
vn 0.0790 0.9034 0.4214
vn -0.0790 0.9035 0.4213
vn -0.2347 0.8760 0.4213
vn -0.2347 0.8760 0.4214
vn -0.3833 0.8219 0.4213
vn -0.5202 0.7429 0.4213
vn -0.5201 0.7429 0.4215
vn -0.6412 0.6412 0.4215
vn -0.7428 0.5201 0.4215
vn -0.7429 0.5201 0.4214
vn -0.8219 0.3833 0.4213
vn -0.8219 0.3833 0.4214
vn -0.8760 0.2347 0.4214
vn -0.8760 0.2347 0.4213
vn -0.9035 0.0791 0.4213
vn -0.9035 0.0790 0.4213
vn -0.9035 -0.0791 0.4213
vn -0.8760 -0.2347 0.4213
vn -0.8760 -0.2347 0.4214
vn -0.8219 -0.3833 0.4214
vn -0.8219 -0.3833 0.4213
vn -0.7429 -0.5202 0.4213
vn -0.7429 -0.5201 0.4215
vn -0.6412 -0.6412 0.4215
vn -0.5202 -0.7428 0.4215
vn -0.5201 -0.7429 0.4213
vn -0.3833 -0.8219 0.4213
vn -0.3833 -0.8220 0.4213
vn -0.2347 -0.8760 0.4213
vn -0.0790 -0.9035 0.4213
vn 0.0790 -0.9035 0.4213
vn 0.0791 -0.9035 0.4213
vn 0.2347 -0.8760 0.4213
vn 0.3833 -0.8220 0.4213
vn 0.5202 -0.7429 0.4213
vn 0.6413 -0.6413 0.4213
vn 0.7429 -0.5202 0.4213
vn 0.8219 -0.3833 0.4213
vn 0.8220 -0.3832 0.4212
vn 0.8761 -0.2348 0.4212
vn 0.8760 -0.2347 0.4213
vn 0.9035 -0.0791 0.4213
vn 0.9035 0.0791 0.4213
vn 0.9035 0.0790 0.4213
vn 0.9332 0.2501 0.2580
vn 0.8756 0.4083 0.2580
vn 0.8757 0.4083 0.2578
vn 0.7914 0.5542 0.2578
vn 0.7914 0.5542 0.2579
vn 0.6832 0.6832 0.2579
vn 0.6832 0.6832 0.2580
vn 0.5542 0.7914 0.2579
vn 0.4083 0.8756 0.2579
vn 0.4083 0.8757 0.2578
vn 0.2501 0.9333 0.2578
vn 0.2501 0.9333 0.2579
vn 0.0842 0.9625 0.2579
vn -0.0842 0.9625 0.2578
vn -0.0842 0.9625 0.2579
vn -0.2501 0.9332 0.2579
vn -0.2501 0.9333 0.2579
vn -0.4083 0.8757 0.2578
vn -0.4083 0.8757 0.2579
vn -0.5541 0.7915 0.2579
vn -0.5542 0.7915 0.2577
vn -0.6832 0.6832 0.2577
vn -0.6832 0.6832 0.2578
vn -0.7915 0.5542 0.2578
vn -0.7915 0.5541 0.2579
vn -0.8756 0.4084 0.2579
vn -0.8757 0.4084 0.2578
vn -0.9333 0.2500 0.2578
vn -0.9332 0.2500 0.2580
vn -0.9625 0.0842 0.2580
vn -0.9625 0.0842 0.2579
vn -0.9625 -0.0842 0.2579
vn -0.9625 -0.0842 0.2580
vn -0.9332 -0.2500 0.2580
vn -0.9333 -0.2501 0.2578
vn -0.8757 -0.4084 0.2577
vn -0.8756 -0.4083 0.2579
vn -0.7915 -0.5541 0.2579
vn -0.7915 -0.5542 0.2578
vn -0.6832 -0.6832 0.2578
vn -0.6832 -0.6833 0.2577
vn -0.5542 -0.7915 0.2577
vn -0.5542 -0.7914 0.2579
vn -0.4083 -0.8756 0.2579
vn -0.4083 -0.8757 0.2578
vn -0.2501 -0.9333 0.2579
vn -0.2501 -0.9332 0.2580
vn -0.0842 -0.9625 0.2579
vn 0.0842 -0.9625 0.2579
vn 0.2501 -0.9332 0.2579
vn 0.2501 -0.9333 0.2578
vn 0.4083 -0.8757 0.2578
vn 0.4083 -0.8757 0.2579
vn 0.5542 -0.7914 0.2579
vn 0.6832 -0.6832 0.2579
vn 0.6832 -0.6832 0.2578
vn 0.7915 -0.5542 0.2578
vn 0.7914 -0.5542 0.2578
vn 0.8757 -0.4083 0.2578
vn 0.8756 -0.4083 0.2580
vn 0.9332 -0.2501 0.2580
vn 0.9625 -0.0842 0.2580
vn 0.9625 -0.0842 0.2578
vn 0.9625 0.0842 0.2578
vn 0.9625 0.0842 0.2580
vn 0.9623 0.2579 0.0867
vn 0.9623 0.2579 0.0868
vn 0.9029 0.4210 0.0868
vn 0.9029 0.4210 0.0869
vn 0.8160 0.5714 0.0869
vn 0.8160 0.5714 0.0868
vn 0.7045 0.7044 0.0868
vn 0.7045 0.7044 0.0867
vn 0.5714 0.8161 0.0867
vn 0.4210 0.9029 0.0867
vn 0.4210 0.9029 0.0869
vn 0.2578 0.9623 0.0869
vn 0.2578 0.9623 0.0868
vn 0.0868 0.9924 0.0868
vn 0.0868 0.9924 0.0869
vn -0.0868 0.9924 0.0868
vn -0.2579 0.9623 0.0868
vn -0.2578 0.9623 0.0869
vn -0.4210 0.9029 0.0869
vn -0.4210 0.9029 0.0868
vn -0.5714 0.8161 0.0869
vn -0.5714 0.8160 0.0870
vn -0.7044 0.7044 0.0870
vn -0.7044 0.7044 0.0868
vn -0.8161 0.5714 0.0868
vn -0.9029 0.4210 0.0868
vn -0.9623 0.2579 0.0868
vn -0.9623 0.2578 0.0867
vn -0.9924 0.0868 0.0867
vn -0.9924 0.0869 0.0868
vn -0.9924 -0.0868 0.0868
vn -0.9924 -0.0869 0.0867
vn -0.9623 -0.2578 0.0867
vn -0.9623 -0.2578 0.0868
vn -0.9029 -0.4211 0.0868
vn -0.9029 -0.4210 0.0868
vn -0.8161 -0.5714 0.0868
vn -0.7044 -0.7045 0.0869
vn -0.7044 -0.7044 0.0870
vn -0.5714 -0.8160 0.0870
vn -0.5714 -0.8161 0.0869
vn -0.4210 -0.9029 0.0869
vn -0.2579 -0.9623 0.0869
vn -0.2578 -0.9623 0.0868
vn -0.0868 -0.9924 0.0868
vn -0.0868 -0.9924 0.0869
vn 0.0868 -0.9924 0.0868
vn 0.2578 -0.9623 0.0868
vn 0.2578 -0.9623 0.0869
vn 0.4210 -0.9029 0.0869
vn 0.4210 -0.9029 0.0868
vn 0.5714 -0.8161 0.0868
vn 0.5714 -0.8161 0.0867
vn 0.7044 -0.7044 0.0868
vn 0.7045 -0.7044 0.0868
vn 0.8161 -0.5714 0.0868
vn 0.8160 -0.5714 0.0868
vn 0.9029 -0.4210 0.0869
vn 0.9623 -0.2579 0.0869
vn 0.9623 -0.2578 0.0867
vn 0.9924 -0.0868 0.0867
vn 0.9924 -0.0868 0.0868
vn 0.9924 0.0868 0.0868
vn 0.9924 0.0869 0.0867
vn 0.8123 -0.5832 0.0000
vn -0.8123 -0.5832 -0.0000
vn -0.8123 0.5832 -0.0000
vn 0.8123 0.5832 0.0000
vn -0.9063 -0.4227 0.0000
vn -0.9063 0.4227 0.0000
vn 0.5744 -0.4124 -0.7071
vn 0.7071 0.0000 -0.7071
vn -0.5744 -0.4124 -0.7071
vn 0.5744 0.4124 -0.7071
vn -0.7071 0.0000 -0.7071
vn -0.5744 0.4124 -0.7071
vn 0.6843 -0.1834 -0.7058
vn 0.6843 -0.1833 -0.7058
vn 0.6421 -0.2994 -0.7058
vn 0.5803 -0.4064 -0.7058
vn 0.5803 -0.4063 -0.7058
vn 0.5010 -0.5010 -0.7058
vn 0.5010 -0.5009 -0.7058
vn 0.4063 -0.5803 -0.7058
vn 0.4064 -0.5803 -0.7058
vn 0.2994 -0.6421 -0.7058
vn 0.1834 -0.6843 -0.7058
vn 0.0618 -0.7058 -0.7058
vn 0.0617 -0.7058 -0.7058
vn -0.0617 -0.7058 -0.7058
vn -0.1834 -0.6843 -0.7058
vn -0.2994 -0.6421 -0.7057
vn -0.2994 -0.6421 -0.7058
vn -0.4064 -0.5803 -0.7058
vn -0.5009 -0.5010 -0.7058
vn -0.5010 -0.5009 -0.7058
vn -0.5803 -0.4064 -0.7058
vn -0.6421 -0.2994 -0.7058
vn -0.6843 -0.1834 -0.7058
vn -0.6843 -0.1833 -0.7058
vn -0.7058 -0.0618 -0.7058
vn -0.7058 0.0617 -0.7058
vn -0.7058 0.0618 -0.7058
vn -0.6843 0.1834 -0.7058
vn -0.6843 0.1833 -0.7058
vn -0.6421 0.2994 -0.7058
vn -0.5803 0.4064 -0.7058
vn -0.5009 0.5009 -0.7058
vn -0.5010 0.5010 -0.7058
vn -0.4064 0.5803 -0.7058
vn -0.2994 0.6421 -0.7058
vn -0.1834 0.6843 -0.7058
vn -0.0617 0.7058 -0.7058
vn 0.0618 0.7058 -0.7058
vn 0.0617 0.7058 -0.7058
vn 0.1834 0.6843 -0.7058
vn 0.2994 0.6421 -0.7058
vn 0.4064 0.5803 -0.7058
vn 0.5009 0.5009 -0.7058
vn 0.5010 0.5009 -0.7058
vn 0.5803 0.4063 -0.7058
vn 0.5803 0.4064 -0.7057
vn 0.6421 0.2994 -0.7058
vn 0.6843 0.1834 -0.7058
vn 0.6843 0.1833 -0.7058
vn 0.7057 0.0618 -0.7058
vn 0.7058 0.0618 -0.7058
vn 0.7057 -0.0618 -0.7058
vn 0.7058 -0.0618 -0.7058
vn 0.1834 -0.6843 -0.7057
vn -0.0618 -0.7058 -0.7058
vn -0.4063 -0.5803 -0.7058
vn -0.5009 -0.5009 -0.7058
vn -0.5803 -0.4063 -0.7058
vn -0.7058 -0.0617 -0.7058
vn -0.7058 0.0618 -0.7057
vn -0.5803 0.4063 -0.7058
vn -0.5009 0.5010 -0.7058
vn -0.5010 0.5009 -0.7058
vn -0.0618 0.7058 -0.7057
vn -0.0617 0.7057 -0.7058
vn 0.5009 0.5010 -0.7058
vn 0.5803 0.4064 -0.7058
vn 0.6420 0.2995 -0.7058
vn 0.6421 0.2994 -0.7057
vn 0.7057 -0.0617 -0.7058
vn -0.2547 0.0000 -0.9670
vn 0.1275 -0.0118 -0.9918
vn 0.1198 -0.0321 -0.9923
vn 0.2391 0.0147 -0.9709
vn 0.2127 0.0186 -0.9769
vn 0.0901 0.0151 -0.9958
vn 0.0649 0.0174 -0.9977
vn -0.0329 0.0000 -0.9995
vn -0.2227 0.0596 -0.9731
vn -0.2548 0.0000 -0.9670
vn -0.2546 0.0000 -0.9671
vn -0.0661 -0.0177 -0.9977
vn -0.0356 0.0000 -0.9994
vn -0.9630 0.2581 -0.0780
vn -0.9630 0.2580 -0.0782
vn -0.9035 0.4214 -0.0782
vn -0.9035 0.4213 -0.0782
vn -0.8167 0.5718 -0.0782
vn -0.8167 0.5718 -0.0780
vn -0.7049 0.7050 -0.0780
vn -0.7050 0.7049 -0.0782
vn -0.5718 0.8166 -0.0782
vn -0.5718 0.8166 -0.0781
vn -0.4214 0.9035 -0.0781
vn -0.4213 0.9036 -0.0781
vn -0.2580 0.9630 -0.0781
vn -0.2581 0.9630 -0.0782
vn -0.0869 0.9931 -0.0782
vn 0.0869 0.9931 -0.0782
vn 0.2581 0.9630 -0.0781
vn 0.2580 0.9630 -0.0782
vn 0.4213 0.9035 -0.0783
vn 0.4213 0.9035 -0.0781
vn 0.5718 0.8167 -0.0782
vn 0.5718 0.8166 -0.0783
vn 0.7050 0.7049 -0.0783
vn 0.7049 0.7050 -0.0780
vn 0.8166 0.5719 -0.0779
vn 0.8167 0.5718 -0.0779
vn 0.9036 0.4213 -0.0779
vn 0.9035 0.4214 -0.0783
vn 0.9630 0.2580 -0.0783
vn 0.9630 0.2580 -0.0782
vn 0.9931 0.0869 -0.0783
vn 0.9931 0.0869 -0.0784
vn 0.9931 -0.0869 -0.0784
vn 0.9931 -0.0869 -0.0782
vn 0.9630 -0.2580 -0.0782
vn 0.9630 -0.2580 -0.0783
vn 0.9035 -0.4214 -0.0783
vn 0.9035 -0.4214 -0.0779
vn 0.8167 -0.5718 -0.0779
vn 0.8166 -0.5719 -0.0779
vn 0.7049 -0.7050 -0.0780
vn 0.7050 -0.7049 -0.0782
vn 0.5718 -0.8166 -0.0782
vn 0.4213 -0.9036 -0.0782
vn 0.4213 -0.9035 -0.0782
vn 0.2580 -0.9630 -0.0782
vn 0.0869 -0.9931 -0.0782
vn -0.0869 -0.9931 -0.0782
vn -0.2580 -0.9630 -0.0783
vn -0.2580 -0.9630 -0.0781
vn -0.4213 -0.9036 -0.0781
vn -0.4213 -0.9035 -0.0781
vn -0.5719 -0.8166 -0.0781
vn -0.5718 -0.8166 -0.0782
vn -0.7049 -0.7050 -0.0782
vn -0.7050 -0.7049 -0.0780
vn -0.8167 -0.5718 -0.0780
vn -0.8166 -0.5719 -0.0782
vn -0.9035 -0.4213 -0.0782
vn -0.9035 -0.4214 -0.0782
vn -0.9630 -0.2580 -0.0782
vn -0.9630 -0.2580 -0.0780
vn -0.9932 -0.0869 -0.0780
vn -0.9932 -0.0869 -0.0781
vn -0.9932 0.0869 -0.0781
vn -0.9932 0.0869 -0.0780
vn -0.9395 0.2517 -0.2325
vn -0.9394 0.2517 -0.2327
vn -0.8814 0.4110 -0.2327
vn -0.8815 0.4111 -0.2324
vn -0.7967 0.5579 -0.2324
vn -0.7967 0.5578 -0.2327
vn -0.6877 0.6877 -0.2327
vn -0.6877 0.6878 -0.2325
vn -0.5579 0.7967 -0.2325
vn -0.4110 0.8815 -0.2325
vn -0.4111 0.8814 -0.2326
vn -0.2517 0.9394 -0.2326
vn -0.0848 0.9689 -0.2326
vn 0.0848 0.9689 -0.2325
vn 0.0848 0.9689 -0.2326
vn 0.2517 0.9394 -0.2326
vn 0.4110 0.8814 -0.2326
vn 0.5578 0.7967 -0.2327
vn 0.5579 0.7967 -0.2325
vn 0.6878 0.6877 -0.2325
vn 0.6876 0.6877 -0.2327
vn 0.7967 0.5578 -0.2328
vn 0.7967 0.5578 -0.2327
vn 0.8814 0.4110 -0.2327
vn 0.8815 0.4111 -0.2324
vn 0.9395 0.2517 -0.2324
vn 0.9395 0.2517 -0.2325
vn 0.9689 0.0848 -0.2325
vn 0.9689 -0.0848 -0.2325
vn 0.9395 -0.2517 -0.2325
vn 0.9395 -0.2517 -0.2323
vn 0.8815 -0.4111 -0.2324
vn 0.8814 -0.4110 -0.2327
vn 0.7967 -0.5578 -0.2327
vn 0.7967 -0.5578 -0.2328
vn 0.6876 -0.6877 -0.2328
vn 0.6878 -0.6877 -0.2324
vn 0.5579 -0.7967 -0.2325
vn 0.5578 -0.7967 -0.2326
vn 0.4110 -0.8815 -0.2326
vn 0.4110 -0.8814 -0.2327
vn 0.2517 -0.9394 -0.2326
vn 0.0848 -0.9689 -0.2326
vn -0.0848 -0.9689 -0.2326
vn -0.2518 -0.9394 -0.2325
vn -0.2517 -0.9394 -0.2326
vn -0.4110 -0.8815 -0.2326
vn -0.4110 -0.8815 -0.2325
vn -0.5578 -0.7967 -0.2325
vn -0.5579 -0.7967 -0.2325
vn -0.6878 -0.6877 -0.2324
vn -0.6876 -0.6877 -0.2328
vn -0.7967 -0.5578 -0.2327
vn -0.7967 -0.5578 -0.2324
vn -0.8815 -0.4110 -0.2324
vn -0.8814 -0.4111 -0.2327
vn -0.9394 -0.2517 -0.2327
vn -0.9395 -0.2517 -0.2325
vn -0.9689 -0.0848 -0.2325
vn -0.9689 0.0848 -0.2326
vn -0.9689 0.0848 -0.2325
vn -0.8928 0.2392 -0.3816
vn -0.8930 0.2393 -0.3812
vn -0.8379 0.3907 -0.3812
vn -0.8377 0.3907 -0.3815
vn -0.7573 0.5301 -0.3814
vn -0.7572 0.5303 -0.3813
vn -0.6537 0.6537 -0.3812
vn -0.6536 0.6537 -0.3814
vn -0.5303 0.7572 -0.3814
vn -0.5302 0.7573 -0.3814
vn -0.3907 0.8378 -0.3814
vn -0.3906 0.8378 -0.3815
vn -0.2393 0.8929 -0.3815
vn -0.2392 0.8929 -0.3814
vn -0.0806 0.9209 -0.3814
vn 0.0806 0.9209 -0.3814
vn 0.2393 0.8929 -0.3814
vn 0.3906 0.8378 -0.3814
vn 0.5302 0.7572 -0.3814
vn 0.6537 0.6536 -0.3814
vn 0.6536 0.6537 -0.3813
vn 0.7573 0.5302 -0.3813
vn 0.7572 0.5302 -0.3815
vn 0.8378 0.3907 -0.3815
vn 0.8378 0.3906 -0.3815
vn 0.8929 0.2393 -0.3815
vn 0.8929 0.2392 -0.3814
vn 0.9209 0.0806 -0.3813
vn 0.9209 0.0806 -0.3814
vn 0.9209 -0.0806 -0.3814
vn 0.8929 -0.2393 -0.3813
vn 0.8929 -0.2392 -0.3815
vn 0.8378 -0.3906 -0.3814
vn 0.8378 -0.3907 -0.3815
vn 0.7572 -0.5302 -0.3815
vn 0.7572 -0.5303 -0.3813
vn 0.6537 -0.6537 -0.3813
vn 0.6536 -0.6537 -0.3814
vn 0.5303 -0.7572 -0.3814
vn 0.5302 -0.7572 -0.3814
vn 0.3907 -0.8378 -0.3814
vn 0.2393 -0.8929 -0.3814
vn 0.2392 -0.8929 -0.3815
vn 0.0806 -0.9209 -0.3814
vn -0.0806 -0.9209 -0.3814
vn -0.0805 -0.9209 -0.3814
vn -0.2393 -0.8929 -0.3814
vn -0.2392 -0.8929 -0.3815
vn -0.3907 -0.8378 -0.3815
vn -0.3907 -0.8378 -0.3814
vn -0.5303 -0.7572 -0.3814
vn -0.5301 -0.7572 -0.3815
vn -0.6536 -0.6537 -0.3815
vn -0.6537 -0.6537 -0.3813
vn -0.7573 -0.5302 -0.3812
vn -0.7572 -0.5302 -0.3815
vn -0.8378 -0.3906 -0.3814
vn -0.8378 -0.3907 -0.3813
vn -0.8930 -0.2393 -0.3812
vn -0.8928 -0.2392 -0.3816
vn -0.9208 -0.0806 -0.3816
vn -0.9209 -0.0805 -0.3814
vn -0.9209 0.0806 -0.3814
vn -0.9208 0.0806 -0.3817
vn -0.8244 0.2209 -0.5212
vn -0.8243 0.2209 -0.5212
vn -0.7735 0.3607 -0.5212
vn -0.7735 0.3606 -0.5212
vn -0.6990 0.4895 -0.5213
vn -0.6991 0.4894 -0.5213
vn -0.6034 0.6034 -0.5213
vn -0.4894 0.6990 -0.5213
vn -0.4895 0.6991 -0.5212
vn -0.3607 0.7735 -0.5212
vn -0.2209 0.8244 -0.5212
vn -0.0744 0.8502 -0.5212
vn 0.0744 0.8502 -0.5212
vn 0.2209 0.8244 -0.5212
vn 0.3607 0.7735 -0.5212
vn 0.4895 0.6991 -0.5212
vn 0.6035 0.6035 -0.5212
vn 0.6035 0.6035 -0.5211
vn 0.6991 0.4896 -0.5211
vn 0.6992 0.4895 -0.5210
vn 0.7736 0.3607 -0.5210
vn 0.7735 0.3606 -0.5212
vn 0.8243 0.2209 -0.5214
vn 0.8243 0.2208 -0.5213
vn 0.8501 0.0744 -0.5213
vn 0.8502 0.0744 -0.5211
vn 0.8501 -0.0744 -0.5213
vn 0.8502 -0.0744 -0.5212
vn 0.8243 -0.2209 -0.5213
vn 0.8243 -0.2208 -0.5212
vn 0.7734 -0.3607 -0.5213
vn 0.7736 -0.3607 -0.5210
vn 0.6992 -0.4896 -0.5210
vn 0.6992 -0.4895 -0.5211
vn 0.6035 -0.6035 -0.5211
vn 0.4895 -0.6991 -0.5211
vn 0.4896 -0.6991 -0.5211
vn 0.3607 -0.7735 -0.5212
vn 0.2209 -0.8244 -0.5212
vn 0.2209 -0.8244 -0.5211
vn 0.0744 -0.8502 -0.5212
vn -0.0744 -0.8502 -0.5212
vn -0.2209 -0.8244 -0.5211
vn -0.2209 -0.8244 -0.5212
vn -0.3606 -0.7735 -0.5212
vn -0.3608 -0.7734 -0.5212
vn -0.4895 -0.6991 -0.5212
vn -0.4896 -0.6990 -0.5212
vn -0.6034 -0.6034 -0.5213
vn -0.6990 -0.4895 -0.5213
vn -0.6991 -0.4894 -0.5212
vn -0.7734 -0.3607 -0.5213
vn -0.7735 -0.3607 -0.5212
vn -0.8243 -0.2209 -0.5213
vn -0.8245 -0.2209 -0.5210
vn -0.8502 -0.0744 -0.5212
vn -0.8503 -0.0744 -0.5211
vn -0.8502 0.0744 -0.5212
vn -0.8503 0.0744 -0.5210
vn -0.7356 0.1971 -0.6481
vn -0.7357 0.1971 -0.6479
vn -0.6903 0.3219 -0.6480
vn -0.6903 0.3219 -0.6479
vn -0.6239 0.4369 -0.6480
vn -0.6241 0.4369 -0.6478
vn -0.5387 0.5387 -0.6478
vn -0.5386 0.5386 -0.6479
vn -0.4369 0.6240 -0.6479
vn -0.4369 0.6239 -0.6479
vn -0.3219 0.6903 -0.6480
vn -0.3220 0.6903 -0.6479
vn -0.1971 0.7357 -0.6480
vn -0.0664 0.7588 -0.6479
vn -0.0664 0.7588 -0.6480
vn 0.0664 0.7588 -0.6479
vn 0.0664 0.7588 -0.6480
vn 0.1971 0.7357 -0.6480
vn 0.1972 0.7357 -0.6480
vn 0.3219 0.6903 -0.6480
vn 0.3219 0.6903 -0.6479
vn 0.4369 0.6239 -0.6479
vn 0.4369 0.6239 -0.6480
vn 0.5385 0.5385 -0.6480
vn 0.5386 0.5386 -0.6480
vn 0.6238 0.4369 -0.6481
vn 0.6239 0.4368 -0.6481
vn 0.6901 0.3219 -0.6481
vn 0.6904 0.3219 -0.6479
vn 0.7357 0.1972 -0.6480
vn 0.7358 0.1971 -0.6478
vn 0.7588 0.0664 -0.6479
vn 0.7588 -0.0664 -0.6480
vn 0.7589 -0.0664 -0.6478
vn 0.7357 -0.1972 -0.6480
vn 0.7358 -0.1971 -0.6479
vn 0.6903 -0.3219 -0.6479
vn 0.6902 -0.3219 -0.6481
vn 0.6238 -0.4368 -0.6481
vn 0.6239 -0.4368 -0.6480
vn 0.5386 -0.5386 -0.6480
vn 0.5385 -0.5385 -0.6481
vn 0.4368 -0.6239 -0.6481
vn 0.4369 -0.6239 -0.6479
vn 0.3218 -0.6903 -0.6480
vn 0.3219 -0.6903 -0.6479
vn 0.1971 -0.7357 -0.6480
vn 0.1972 -0.7357 -0.6479
vn 0.0664 -0.7588 -0.6479
vn 0.0664 -0.7588 -0.6480
vn -0.0664 -0.7588 -0.6480
vn -0.1971 -0.7357 -0.6480
vn -0.1972 -0.7357 -0.6479
vn -0.3218 -0.6903 -0.6480
vn -0.3219 -0.6903 -0.6480
vn -0.4368 -0.6239 -0.6480
vn -0.4370 -0.6239 -0.6479
vn -0.5386 -0.5387 -0.6479
vn -0.5387 -0.5386 -0.6478
vn -0.6240 -0.4370 -0.6479
vn -0.6240 -0.4369 -0.6479
vn -0.6903 -0.3219 -0.6480
vn -0.6904 -0.3219 -0.6479
vn -0.7357 -0.1972 -0.6480
vn -0.7356 -0.1971 -0.6481
vn -0.7587 -0.0664 -0.6481
vn -0.7588 -0.0663 -0.6479
vn -0.7587 0.0664 -0.6480
vn -0.6288 0.1685 -0.7591
vn -0.6286 0.1685 -0.7593
vn -0.5899 0.2750 -0.7592
vn -0.5899 0.2751 -0.7592
vn -0.5332 0.3733 -0.7592
vn -0.5330 0.3732 -0.7594
vn -0.4602 0.4601 -0.7593
vn -0.4601 0.4602 -0.7593
vn -0.3733 0.5331 -0.7592
vn -0.3732 0.5332 -0.7592
vn -0.2751 0.5899 -0.7592
vn -0.2750 0.5899 -0.7592
vn -0.1685 0.6287 -0.7592
vn -0.1684 0.6286 -0.7592
vn -0.0567 0.6484 -0.7592
vn -0.0567 0.6483 -0.7592
vn 0.0567 0.6484 -0.7592
vn 0.1685 0.6286 -0.7592
vn 0.1684 0.6286 -0.7593
vn 0.2751 0.5898 -0.7592
vn 0.2750 0.5899 -0.7592
vn 0.3734 0.5332 -0.7592
vn 0.3732 0.5331 -0.7593
vn 0.4603 0.4602 -0.7592
vn 0.4601 0.4602 -0.7593
vn 0.5330 0.3733 -0.7593
vn 0.5332 0.3733 -0.7592
vn 0.5899 0.2751 -0.7592
vn 0.5898 0.2751 -0.7592
vn 0.6288 0.1684 -0.7591
vn 0.6285 0.1684 -0.7594
vn 0.6483 0.0567 -0.7593
vn 0.6482 0.0567 -0.7593
vn 0.6484 -0.0567 -0.7592
vn 0.6482 -0.0567 -0.7594
vn 0.6286 -0.1684 -0.7593
vn 0.6287 -0.1685 -0.7592
vn 0.5899 -0.2750 -0.7592
vn 0.5899 -0.2751 -0.7592
vn 0.5332 -0.3733 -0.7592
vn 0.5330 -0.3733 -0.7593
vn 0.4602 -0.4601 -0.7592
vn 0.4602 -0.4602 -0.7592
vn 0.3733 -0.5331 -0.7592
vn 0.3732 -0.5332 -0.7592
vn 0.2751 -0.5899 -0.7592
vn 0.2750 -0.5898 -0.7593
vn 0.1685 -0.6286 -0.7593
vn 0.1684 -0.6286 -0.7592
vn 0.0567 -0.6484 -0.7592
vn -0.0567 -0.6484 -0.7592
vn -0.0567 -0.6483 -0.7592
vn -0.1684 -0.6286 -0.7592
vn -0.1684 -0.6287 -0.7592
vn -0.2752 -0.5898 -0.7592
vn -0.2750 -0.5899 -0.7592
vn -0.3734 -0.5332 -0.7592
vn -0.3732 -0.5331 -0.7593
vn -0.4603 -0.4602 -0.7592
vn -0.4601 -0.4602 -0.7593
vn -0.5331 -0.3732 -0.7593
vn -0.5331 -0.3733 -0.7592
vn -0.5899 -0.2751 -0.7592
vn -0.5898 -0.2751 -0.7592
vn -0.6288 -0.1685 -0.7591
vn -0.6286 -0.1685 -0.7592
vn -0.6484 -0.0567 -0.7591
vn -0.6483 -0.0567 -0.7593
vn -0.6484 0.0567 -0.7592
vn -0.6483 0.0567 -0.7592
vn -0.5062 0.1356 -0.8517
vn -0.5061 0.1356 -0.8517
vn -0.4749 0.2215 -0.8517
vn -0.4749 0.2214 -0.8517
vn -0.4292 0.3005 -0.8518
vn -0.4293 0.3006 -0.8517
vn -0.3705 0.3706 -0.8517
vn -0.3706 0.3705 -0.8517
vn -0.3006 0.4292 -0.8517
vn -0.2215 0.4749 -0.8517
vn -0.2214 0.4749 -0.8517
vn -0.1356 0.5061 -0.8517
vn -0.0457 0.5220 -0.8517
vn 0.0457 0.5220 -0.8517
vn 0.1356 0.5061 -0.8517
vn 0.2214 0.4749 -0.8517
vn 0.3005 0.4292 -0.8518
vn 0.3006 0.4292 -0.8517
vn 0.3705 0.3705 -0.8517
vn 0.3706 0.3705 -0.8517
vn 0.4293 0.3006 -0.8517
vn 0.4292 0.3005 -0.8517
vn 0.4748 0.2214 -0.8518
vn 0.4749 0.2214 -0.8517
vn 0.5062 0.1356 -0.8517
vn 0.5221 0.0457 -0.8517
vn 0.5219 0.0457 -0.8518
vn 0.5219 -0.0457 -0.8518
vn 0.5221 -0.0457 -0.8517
vn 0.5063 -0.1356 -0.8516
vn 0.5061 -0.1356 -0.8518
vn 0.4748 -0.2214 -0.8518
vn 0.4749 -0.2214 -0.8517
vn 0.4292 -0.3005 -0.8518
vn 0.4293 -0.3006 -0.8517
vn 0.3705 -0.3705 -0.8517
vn 0.3705 -0.3705 -0.8518
vn 0.3005 -0.4292 -0.8517
vn 0.2215 -0.4749 -0.8517
vn 0.2214 -0.4749 -0.8517
vn 0.1356 -0.5061 -0.8517
vn 0.1356 -0.5061 -0.8518
vn 0.0457 -0.5220 -0.8517
vn -0.0457 -0.5220 -0.8517
vn -0.1356 -0.5061 -0.8517
vn -0.1357 -0.5061 -0.8517
vn -0.2214 -0.4749 -0.8517
vn -0.3005 -0.4292 -0.8517
vn -0.3705 -0.3705 -0.8517
vn -0.3705 -0.3706 -0.8517
vn -0.4293 -0.3006 -0.8517
vn -0.4292 -0.3005 -0.8517
vn -0.4748 -0.2214 -0.8518
vn -0.4749 -0.2214 -0.8517
vn -0.5062 -0.1356 -0.8517
vn -0.5061 -0.1356 -0.8518
vn -0.5219 -0.0457 -0.8518
vn -0.5219 0.0457 -0.8518
vn -0.3709 0.0994 -0.9233
vn -0.3708 0.0994 -0.9234
vn -0.3479 0.1622 -0.9234
vn -0.3480 0.1622 -0.9233
vn -0.3144 0.2202 -0.9234
vn -0.2715 0.2714 -0.9234
vn -0.2201 0.3145 -0.9234
vn -0.1623 0.3480 -0.9234
vn -0.0994 0.3708 -0.9234
vn -0.0993 0.3708 -0.9234
vn -0.0335 0.3825 -0.9234
vn 0.0335 0.3825 -0.9234
vn 0.0994 0.3709 -0.9234
vn 0.1623 0.3480 -0.9233
vn 0.1623 0.3479 -0.9234
vn 0.2202 0.3145 -0.9234
vn 0.2715 0.2715 -0.9233
vn 0.2714 0.2715 -0.9234
vn 0.3145 0.2202 -0.9234
vn 0.3480 0.1623 -0.9234
vn 0.3480 0.1622 -0.9233
vn 0.3708 0.0994 -0.9234
vn 0.3708 0.0993 -0.9234
vn 0.3824 0.0335 -0.9234
vn 0.3826 0.0335 -0.9233
vn 0.3826 -0.0335 -0.9233
vn 0.3824 -0.0334 -0.9234
vn 0.3708 -0.0993 -0.9234
vn 0.3708 -0.0994 -0.9234
vn 0.3479 -0.1622 -0.9234
vn 0.3481 -0.1623 -0.9233
vn 0.3144 -0.2202 -0.9234
vn 0.3145 -0.2202 -0.9233
vn 0.2716 -0.2715 -0.9233
vn 0.2203 -0.3145 -0.9233
vn 0.2202 -0.3145 -0.9234
vn 0.1622 -0.3479 -0.9234
vn 0.1623 -0.3480 -0.9233
vn 0.0994 -0.3709 -0.9234
vn 0.0335 -0.3825 -0.9234
vn -0.0334 -0.3825 -0.9234
vn -0.0335 -0.3825 -0.9234
vn -0.0994 -0.3708 -0.9234
vn -0.0993 -0.3708 -0.9234
vn -0.1622 -0.3479 -0.9234
vn -0.1623 -0.3480 -0.9234
vn -0.2203 -0.3145 -0.9234
vn -0.2202 -0.3145 -0.9234
vn -0.2715 -0.2714 -0.9234
vn -0.2716 -0.2714 -0.9234
vn -0.3144 -0.2202 -0.9234
vn -0.3479 -0.1622 -0.9234
vn -0.3480 -0.1622 -0.9234
vn -0.3708 -0.0994 -0.9234
vn -0.3709 -0.0994 -0.9234
vn -0.3825 -0.0335 -0.9233
vn -0.3825 -0.0335 -0.9234
vn -0.3824 0.0335 -0.9234
vn -0.3825 0.0335 -0.9233
vn 0.2968 -0.0114 -0.9549
vn 0.2970 -0.0112 -0.9548
vn 0.2577 -0.0225 -0.9660
vn 0.2343 -0.0171 -0.9720
vn 0.2265 -0.0607 -0.9721
vn 0.2266 -0.0607 -0.9721
vn 0.2125 -0.0991 -0.9721
vn 0.2126 -0.0991 -0.9721
vn 0.1922 -0.1345 -0.9721
vn 0.1921 -0.1345 -0.9721
vn 0.1658 -0.1658 -0.9721
vn 0.1345 -0.1921 -0.9721
vn 0.0991 -0.2126 -0.9721
vn 0.0991 -0.2125 -0.9721
vn 0.0607 -0.2265 -0.9721
vn 0.0204 -0.2336 -0.9721
vn 0.0204 -0.2337 -0.9721
vn -0.0204 -0.2337 -0.9721
vn -0.0204 -0.2336 -0.9721
vn -0.0607 -0.2266 -0.9721
vn -0.0991 -0.2126 -0.9721
vn -0.1345 -0.1921 -0.9721
vn -0.1346 -0.1921 -0.9721
vn -0.1658 -0.1659 -0.9721
vn -0.1922 -0.1346 -0.9721
vn -0.1921 -0.1345 -0.9721
vn -0.2125 -0.0991 -0.9721
vn -0.2126 -0.0991 -0.9721
vn -0.2266 -0.0607 -0.9721
vn -0.2265 -0.0607 -0.9721
vn -0.2337 -0.0204 -0.9721
vn -0.4801 -0.0092 -0.8772
vn -0.4796 0.0420 -0.8765
vn -0.2373 -0.0007 -0.9714
vn -0.2265 0.0607 -0.9721
vn -0.2266 0.0607 -0.9721
vn -0.2125 0.0991 -0.9721
vn -0.2126 0.0991 -0.9721
vn -0.1922 0.1345 -0.9721
vn -0.1921 0.1346 -0.9721
vn -0.1658 0.1659 -0.9721
vn -0.1659 0.1659 -0.9721
vn -0.1346 0.1921 -0.9721
vn -0.1345 0.1921 -0.9721
vn -0.0991 0.2126 -0.9721
vn -0.0607 0.2266 -0.9721
vn -0.0204 0.2336 -0.9721
vn 0.0204 0.2336 -0.9721
vn 0.0607 0.2265 -0.9721
vn 0.0991 0.2125 -0.9721
vn 0.0991 0.2126 -0.9721
vn 0.1346 0.1921 -0.9721
vn 0.1344 0.1921 -0.9721
vn 0.1658 0.1658 -0.9721
vn 0.1659 0.1658 -0.9721
vn 0.1921 0.1345 -0.9721
vn 0.2125 0.0991 -0.9721
vn 0.2126 0.0991 -0.9721
vn 0.2266 0.0607 -0.9721
vn 0.2265 0.0607 -0.9721
vn 0.2327 0.0257 -0.9722
vn 0.0909 0.0149 -0.9957
vn 0.0547 -0.0118 -0.9984
vn 0.0750 -0.0229 -0.9969
vn 0.0712 -0.0332 -0.9969
vn 0.0645 -0.0451 -0.9969
vn 0.0644 -0.0451 -0.9969
vn 0.0556 -0.0556 -0.9969
vn 0.0452 -0.0644 -0.9969
vn 0.0451 -0.0644 -0.9969
vn 0.0333 -0.0713 -0.9969
vn 0.0331 -0.0713 -0.9969
vn 0.0204 -0.0760 -0.9969
vn 0.0203 -0.0760 -0.9969
vn 0.0068 -0.0783 -0.9969
vn -0.0068 -0.0783 -0.9969
vn -0.0204 -0.0760 -0.9969
vn -0.0203 -0.0760 -0.9969
vn -0.0332 -0.0713 -0.9969
vn -0.0452 -0.0644 -0.9969
vn -0.0451 -0.0644 -0.9969
vn -0.0556 -0.0556 -0.9969
vn -0.0645 -0.0451 -0.9969
vn -0.0644 -0.0451 -0.9969
vn -0.0712 -0.0332 -0.9969
vn -0.0750 -0.0229 -0.9969
vn -0.0750 0.0229 -0.9969
vn -0.0712 0.0332 -0.9969
vn -0.0645 0.0451 -0.9969
vn -0.0644 0.0451 -0.9969
vn -0.0556 0.0556 -0.9969
vn -0.0451 0.0644 -0.9969
vn -0.0333 0.0713 -0.9969
vn -0.0331 0.0713 -0.9969
vn -0.0204 0.0760 -0.9969
vn -0.0203 0.0760 -0.9969
vn -0.0069 0.0783 -0.9969
vn -0.0068 0.0783 -0.9969
vn 0.0069 0.0783 -0.9969
vn 0.0068 0.0783 -0.9969
vn 0.0204 0.0760 -0.9969
vn 0.0203 0.0760 -0.9969
vn 0.0332 0.0713 -0.9969
vn 0.0451 0.0644 -0.9969
vn 0.0557 0.0556 -0.9969
vn 0.0555 0.0556 -0.9969
vn 0.0645 0.0451 -0.9969
vn 0.0644 0.0451 -0.9969
vn 0.0712 0.0332 -0.9969
vn 0.0750 0.0229 -0.9969
vn -0.1275 0.0118 -0.9918
vn -0.1198 0.0321 -0.9923
vn -0.2391 -0.0147 -0.9709
vn -0.2128 -0.0186 -0.9769
vn -0.0901 -0.0151 -0.9958
vn -0.0649 -0.0174 -0.9977
vn 0.0329 0.0000 -0.9995
vn 0.1944 -0.0507 -0.9796
vn 0.2053 -0.0063 -0.9787
vn 0.4540 0.0000 -0.8910
vn 0.4530 0.0117 -0.8914
vn 0.2161 0.0000 -0.9764
vn 0.2159 0.0000 -0.9764
vn 0.0657 0.0175 -0.9977
vn 0.0356 0.0000 -0.9994
vn -0.8166 0.5718 -0.0782
vn -0.8167 0.5718 -0.0783
vn -0.7049 0.7049 -0.0782
vn -0.5718 0.8167 -0.0782
vn -0.4214 0.9035 -0.0782
vn -0.4213 0.9035 -0.0782
vn -0.2580 0.9630 -0.0782
vn -0.0869 0.9932 -0.0781
vn 0.5718 0.8167 -0.0781
vn 0.5718 0.8166 -0.0782
vn 0.7050 0.7049 -0.0782
vn 0.7049 0.7050 -0.0782
vn 0.8166 0.5718 -0.0783
vn 0.8167 0.5718 -0.0782
vn 0.9035 0.4213 -0.0782
vn 0.9035 0.4214 -0.0782
vn 0.9630 0.2580 -0.0779
vn 0.9932 0.0869 -0.0779
vn 0.9932 0.0869 -0.0781
vn 0.9932 -0.0869 -0.0781
vn 0.9932 -0.0869 -0.0779
vn 0.9630 -0.2581 -0.0780
vn 0.9035 -0.4214 -0.0782
vn 0.9035 -0.4213 -0.0782
vn 0.8166 -0.5718 -0.0782
vn 0.7049 -0.7050 -0.0782
vn 0.5719 -0.8166 -0.0782
vn 0.5718 -0.8166 -0.0781
vn 0.4213 -0.9036 -0.0781
vn 0.2580 -0.9630 -0.0783
vn -0.2580 -0.9630 -0.0782
vn -0.4213 -0.9036 -0.0782
vn -0.4213 -0.9035 -0.0782
vn -0.7050 -0.7049 -0.0782
vn -0.8166 -0.5718 -0.0782
vn -0.9931 -0.0869 -0.0782
vn -0.9931 -0.0869 -0.0784
vn -0.9931 0.0869 -0.0784
vn -0.9931 0.0869 -0.0782
vn -0.9394 0.2517 -0.2325
vn -0.9395 0.2517 -0.2324
vn -0.5578 0.7967 -0.2325
vn -0.5578 0.7967 -0.2327
vn -0.4110 0.8814 -0.2326
vn -0.2517 0.9394 -0.2325
vn -0.0848 0.9689 -0.2325
vn 0.2517 0.9395 -0.2325
vn 0.2517 0.9394 -0.2325
vn 0.4111 0.8815 -0.2325
vn 0.5578 0.7967 -0.2325
vn 0.6877 0.6877 -0.2327
vn 0.6877 0.6878 -0.2325
vn 0.7967 0.5578 -0.2325
vn 0.7967 0.5579 -0.2324
vn 0.8815 0.4110 -0.2324
vn 0.9394 0.2517 -0.2328
vn 0.9688 0.0848 -0.2328
vn 0.9688 -0.0848 -0.2328
vn 0.9394 -0.2517 -0.2328
vn 0.9395 -0.2517 -0.2324
vn 0.8815 -0.4110 -0.2324
vn 0.7968 -0.5578 -0.2324
vn 0.7967 -0.5578 -0.2325
vn 0.6877 -0.6878 -0.2325
vn 0.6877 -0.6877 -0.2326
vn 0.5578 -0.7967 -0.2325
vn 0.4110 -0.8815 -0.2325
vn 0.2517 -0.9394 -0.2325
vn -0.2517 -0.9394 -0.2325
vn -0.4110 -0.8814 -0.2327
vn -0.5578 -0.7967 -0.2327
vn -0.6877 -0.6877 -0.2327
vn -0.8814 -0.4110 -0.2327
vn -0.8815 -0.4111 -0.2324
vn -0.9395 -0.2517 -0.2324
vn -0.8929 0.2392 -0.3813
vn -0.8929 0.2392 -0.3814
vn -0.8378 0.3906 -0.3814
vn -0.8378 0.3907 -0.3813
vn -0.7573 0.5302 -0.3812
vn -0.6537 0.6536 -0.3813
vn -0.5302 0.7572 -0.3814
vn -0.3906 0.8378 -0.3814
vn -0.2393 0.8929 -0.3814
vn 0.2393 0.8929 -0.3813
vn 0.3907 0.8378 -0.3814
vn 0.5302 0.7573 -0.3813
vn 0.6538 0.6536 -0.3812
vn 0.7573 0.5303 -0.3813
vn 0.8378 0.3906 -0.3814
vn 0.8929 0.2393 -0.3814
vn 0.9209 -0.0806 -0.3813
vn 0.9209 -0.0805 -0.3814
vn 0.8929 -0.2393 -0.3814
vn 0.5303 -0.7573 -0.3813
vn 0.2392 -0.8929 -0.3814
vn -0.2393 -0.8929 -0.3815
vn -0.3907 -0.8378 -0.3813
vn -0.7573 -0.5302 -0.3813
vn -0.7573 -0.5303 -0.3813
vn -0.8379 -0.3907 -0.3812
vn -0.8378 -0.3907 -0.3814
vn -0.8929 -0.2393 -0.3814
vn -0.8929 -0.2392 -0.3814
vn -0.9209 -0.0806 -0.3814
vn -0.9209 -0.0806 -0.3813
vn -0.9209 0.0806 -0.3813
vn -0.8242 0.2209 -0.5214
vn -0.8244 0.2209 -0.5210
vn -0.7735 0.3607 -0.5211
vn -0.6991 0.4895 -0.5213
vn -0.6992 0.4895 -0.5211
vn -0.6035 0.6035 -0.5211
vn -0.3606 0.7735 -0.5212
vn 0.0744 0.8502 -0.5211
vn 0.4895 0.6991 -0.5213
vn 0.6034 0.6035 -0.5213
vn 0.6035 0.6034 -0.5213
vn 0.6990 0.4895 -0.5213
vn 0.6991 0.4895 -0.5212
vn 0.7734 0.3607 -0.5213
vn 0.8242 0.2209 -0.5214
vn 0.8245 0.2209 -0.5210
vn 0.8503 0.0744 -0.5211
vn 0.8503 -0.0744 -0.5210
vn 0.8244 -0.2210 -0.5211
vn 0.8244 -0.2208 -0.5212
vn 0.7735 -0.3606 -0.5212
vn 0.6990 -0.4895 -0.5213
vn 0.6991 -0.4894 -0.5212
vn 0.6034 -0.6035 -0.5213
vn 0.6035 -0.6034 -0.5212
vn 0.4895 -0.6991 -0.5212
vn 0.4896 -0.6991 -0.5212
vn 0.3606 -0.7735 -0.5212
vn -0.3607 -0.7735 -0.5212
vn -0.4896 -0.6991 -0.5211
vn -0.6035 -0.6035 -0.5211
vn -0.6991 -0.4896 -0.5211
vn -0.6991 -0.4895 -0.5212
vn -0.7736 -0.3607 -0.5211
vn -0.8244 -0.2209 -0.5211
vn -0.8243 -0.2209 -0.5212
vn -0.8501 -0.0744 -0.5214
vn -0.8502 -0.0744 -0.5211
vn -0.7358 0.1972 -0.6479
vn -0.6902 0.3218 -0.6481
vn -0.6902 0.3219 -0.6481
vn -0.6238 0.4369 -0.6481
vn -0.6239 0.4368 -0.6480
vn -0.5386 0.5386 -0.6480
vn -0.5386 0.5385 -0.6480
vn -0.4368 0.6239 -0.6480
vn -0.4369 0.6239 -0.6480
vn -0.3220 0.6903 -0.6480
vn -0.1971 0.7357 -0.6479
vn 0.3219 0.6902 -0.6480
vn 0.5386 0.5386 -0.6479
vn 0.6238 0.4369 -0.6480
vn 0.6240 0.4369 -0.6479
vn 0.6903 0.3219 -0.6479
vn 0.7357 0.1971 -0.6480
vn 0.7587 0.0664 -0.6481
vn 0.7587 -0.0664 -0.6480
vn 0.7356 -0.1971 -0.6481
vn 0.6904 -0.3219 -0.6479
vn 0.6239 -0.4369 -0.6480
vn 0.5386 -0.5386 -0.6479
vn 0.4368 -0.6240 -0.6480
vn 0.3219 -0.6902 -0.6480
vn 0.1972 -0.7357 -0.6480
vn -0.1972 -0.7357 -0.6480
vn -0.3219 -0.6903 -0.6479
vn -0.4369 -0.6239 -0.6480
vn -0.5385 -0.5386 -0.6481
vn -0.5386 -0.5385 -0.6480
vn -0.6238 -0.4369 -0.6481
vn -0.6239 -0.4368 -0.6480
vn -0.6902 -0.3219 -0.6481
vn -0.6903 -0.3218 -0.6481
vn -0.7356 -0.1972 -0.6481
vn -0.7358 -0.1971 -0.6479
vn -0.7588 -0.0664 -0.6479
vn -0.7589 0.0664 -0.6478
vn -0.6286 0.1684 -0.7593
vn -0.5898 0.2751 -0.7592
vn -0.4602 0.4602 -0.7593
vn -0.2750 0.5898 -0.7593
vn -0.1685 0.6286 -0.7592
vn 0.1685 0.6287 -0.7592
vn 0.1684 0.6287 -0.7592
vn 0.2751 0.5899 -0.7592
vn 0.2750 0.5898 -0.7593
vn 0.3733 0.5331 -0.7593
vn 0.4602 0.4602 -0.7592
vn 0.5331 0.3733 -0.7592
vn 0.6286 0.1685 -0.7593
vn 0.6484 0.0567 -0.7592
vn 0.6483 -0.0567 -0.7593
vn 0.6287 -0.1684 -0.7592
vn 0.5898 -0.2751 -0.7592
vn 0.5331 -0.3733 -0.7592
vn 0.4603 -0.4602 -0.7592
vn 0.3732 -0.5331 -0.7593
vn 0.2751 -0.5898 -0.7592
vn 0.2750 -0.5899 -0.7592
vn 0.1685 -0.6287 -0.7592
vn 0.0567 -0.6483 -0.7592
vn -0.1684 -0.6286 -0.7593
vn -0.2751 -0.5898 -0.7592
vn -0.3734 -0.5331 -0.7592
vn -0.4601 -0.4601 -0.7593
vn -0.5331 -0.3733 -0.7593
vn -0.5899 -0.2750 -0.7592
vn -0.6288 -0.1684 -0.7591
vn -0.6284 -0.1684 -0.7594
vn -0.6482 -0.0567 -0.7593
vn -0.6481 0.0567 -0.7594
vn -0.5063 0.1356 -0.8516
vn -0.5061 0.1356 -0.8518
vn -0.4748 0.2214 -0.8518
vn -0.3705 0.3705 -0.8517
vn -0.3005 0.4292 -0.8517
vn 0.3005 0.4292 -0.8517
vn 0.4292 0.3006 -0.8517
vn 0.5061 0.1356 -0.8518
vn 0.5061 -0.1356 -0.8517
vn 0.3006 -0.4292 -0.8517
vn -0.3005 -0.4292 -0.8518
vn -0.5221 -0.0457 -0.8517
vn -0.5221 0.0457 -0.8517
vn -0.3708 0.0993 -0.9234
vn -0.3480 0.1623 -0.9233
vn -0.3481 0.1623 -0.9233
vn -0.3145 0.2202 -0.9234
vn -0.2715 0.2715 -0.9233
vn -0.2202 0.3145 -0.9234
vn -0.1623 0.3480 -0.9233
vn -0.0994 0.3709 -0.9234
vn 0.0994 0.3708 -0.9234
vn 0.0993 0.3708 -0.9234
vn 0.1622 0.3480 -0.9234
vn 0.2202 0.3145 -0.9233
vn 0.3144 0.2202 -0.9234
vn 0.3479 0.1622 -0.9234
vn 0.3709 0.0994 -0.9234
vn 0.3825 0.0335 -0.9233
vn 0.3825 0.0335 -0.9234
vn 0.3824 -0.0335 -0.9234
vn 0.3825 -0.0335 -0.9233
vn 0.3709 -0.0994 -0.9233
vn 0.3480 -0.1622 -0.9233
vn 0.3145 -0.2202 -0.9234
vn 0.2716 -0.2714 -0.9234
vn 0.2715 -0.2715 -0.9233
vn 0.1623 -0.3479 -0.9234
vn 0.0994 -0.3708 -0.9234
vn -0.0994 -0.3709 -0.9234
vn -0.1623 -0.3480 -0.9233
vn -0.2202 -0.3145 -0.9233
vn -0.2715 -0.2715 -0.9233
vn -0.2716 -0.2715 -0.9233
vn -0.3145 -0.2202 -0.9233
vn -0.3145 -0.2202 -0.9234
vn -0.3480 -0.1623 -0.9234
vn -0.3481 -0.1623 -0.9233
vn -0.3709 -0.0994 -0.9233
vn -0.3824 -0.0335 -0.9234
vn -0.3826 -0.0335 -0.9233
vn -0.3826 0.0335 -0.9233
vn -0.3824 0.0334 -0.9234
vn -0.2967 0.0113 -0.9549
vn -0.2969 0.0112 -0.9548
vn -0.2577 0.0225 -0.9660
vn -0.2344 0.0171 -0.9720
vn -0.1921 0.1345 -0.9721
vn -0.1658 0.1658 -0.9721
vn -0.1659 0.1658 -0.9721
vn -0.0991 0.2125 -0.9721
vn -0.0607 0.2265 -0.9721
vn 0.0204 0.2337 -0.9721
vn 0.0607 0.2266 -0.9721
vn 0.1659 0.1659 -0.9721
vn 0.1922 0.1346 -0.9721
vn 0.2356 0.0619 -0.9699
vn 0.2462 0.0215 -0.9690
vn 0.4915 0.0125 -0.8708
vn 0.4907 -0.0430 -0.8703
vn 0.2544 -0.0076 -0.9671
vn 0.2392 -0.0641 -0.9689
vn 0.2271 -0.0592 -0.9721
vn 0.1921 -0.1346 -0.9721
vn 0.1658 -0.1659 -0.9721
vn 0.0607 -0.2266 -0.9721
vn -0.0607 -0.2265 -0.9721
vn -0.0991 -0.2125 -0.9721
vn -0.1658 -0.1658 -0.9721
vn -0.2327 -0.0257 -0.9722
vn -0.0909 -0.0149 -0.9957
vn 0.0713 -0.0332 -0.9969
vn -0.0547 0.0118 -0.9984
vn -0.0452 0.0644 -0.9969
vn 0.0452 0.0644 -0.9969
vn 0.6057 0.7957 0.0000
vn -0.6057 0.7957 0.0000
vn -1.0000 0.0002 0.0000
vn -0.6057 -0.7957 0.0000
vn 0.6057 -0.7957 0.0000
vn -0.0871 -0.9962 0.0000
vn 0.0871 -0.9962 0.0000
vn -0.4283 0.5626 -0.7071
vn 0.4283 0.5626 -0.7071
vn -0.4283 -0.5626 -0.7071
vn 0.4283 -0.5626 -0.7071
vn 0.5009 -0.5010 -0.7058
vn 0.2994 -0.6421 -0.7057
vn -0.0617 -0.7057 -0.7058
vn -0.1833 -0.6843 -0.7058
vn -0.4064 -0.5803 -0.7057
vn -0.5010 -0.5010 -0.7058
vn -0.5803 -0.4064 -0.7057
vn -0.4064 0.5803 -0.7057
vn -0.2994 0.6421 -0.7057
vn 0.0617 0.7058 -0.7057
vn 0.1833 0.6843 -0.7058
vn 0.5010 0.5010 -0.7058
vn 0.6843 0.1834 -0.7057
vn 0.5009 -0.5010 -0.7057
vn 0.0617 -0.7058 -0.7057
vn 0.0617 -0.7057 -0.7058
vn -0.0617 -0.7058 -0.7057
vn -0.4063 -0.5804 -0.7057
vn -0.5803 0.4064 -0.7057
vn -0.4063 0.5803 -0.7058
vn 0.1834 0.6843 -0.7057
vn 0.4063 0.5803 -0.7058
vn 0.5009 0.5010 -0.7057
vn 0.7058 0.0617 -0.7058
vn 0.7058 -0.0617 -0.7058
vn 0.2566 0.0000 -0.9665
vn -0.1211 0.0143 -0.9925
vn -0.1160 0.0310 -0.9928
vn -0.2859 -0.0143 -0.9581
vn -0.2492 -0.0218 -0.9682
vn -0.1163 -0.0148 -0.9931
vn -0.0722 -0.0193 -0.9972
vn 0.0362 0.0000 -0.9993
vn 0.2270 -0.0607 -0.9720
vn 0.2564 0.0000 -0.9666
vn 0.2568 0.0000 -0.9665
vn 0.0734 0.0197 -0.9971
vn 0.0349 0.0000 -0.9994
vn -0.9623 0.2579 -0.0870
vn -0.9623 0.2579 -0.0869
vn -0.9029 0.4210 -0.0868
vn -0.9028 0.4211 -0.0869
vn -0.8161 0.5714 -0.0869
vn -0.8160 0.5714 -0.0871
vn -0.7044 0.7045 -0.0870
vn -0.7044 0.7044 -0.0870
vn -0.5714 0.8160 -0.0869
vn -0.5714 0.8160 -0.0868
vn -0.4210 0.9029 -0.0868
vn -0.2578 0.9623 -0.0868
vn -0.0868 0.9924 -0.0869
vn 0.0868 0.9924 -0.0869
vn 0.0868 0.9924 -0.0868
vn 0.2578 0.9623 -0.0868
vn 0.4210 0.9029 -0.0868
vn 0.5714 0.8161 -0.0868
vn 0.5715 0.8160 -0.0867
vn 0.7044 0.7045 -0.0868
vn 0.8161 0.5714 -0.0868
vn 0.8160 0.5714 -0.0869
vn 0.9029 0.4210 -0.0869
vn 0.9029 0.4210 -0.0868
vn 0.9623 0.2579 -0.0869
vn 0.9623 0.2579 -0.0867
vn 0.9924 0.0868 -0.0867
vn 0.9924 0.0868 -0.0868
vn 0.9924 -0.0868 -0.0868
vn 0.9924 -0.0868 -0.0867
vn 0.9623 -0.2579 -0.0867
vn 0.9623 -0.2579 -0.0868
vn 0.9029 -0.4210 -0.0868
vn 0.9029 -0.4211 -0.0869
vn 0.8161 -0.5714 -0.0869
vn 0.8160 -0.5714 -0.0868
vn 0.7045 -0.7044 -0.0869
vn 0.7044 -0.7045 -0.0868
vn 0.5714 -0.8161 -0.0868
vn 0.4210 -0.9029 -0.0868
vn 0.2579 -0.9623 -0.0868
vn 0.2578 -0.9623 -0.0869
vn 0.0868 -0.9924 -0.0869
vn 0.0868 -0.9924 -0.0868
vn -0.0868 -0.9924 -0.0868
vn -0.0868 -0.9924 -0.0869
vn -0.2578 -0.9623 -0.0869
vn -0.2578 -0.9623 -0.0868
vn -0.4210 -0.9029 -0.0868
vn -0.5714 -0.8160 -0.0868
vn -0.5714 -0.8161 -0.0869
vn -0.7044 -0.7044 -0.0870
vn -0.7044 -0.7044 -0.0871
vn -0.8160 -0.5714 -0.0871
vn -0.8161 -0.5714 -0.0869
vn -0.9029 -0.4211 -0.0869
vn -0.9029 -0.4210 -0.0869
vn -0.9623 -0.2579 -0.0869
vn -0.9623 -0.2578 -0.0869
vn -0.9924 -0.0869 -0.0870
vn -0.9924 -0.0868 -0.0868
vn -0.9924 0.0869 -0.0868
vn -0.9924 0.0868 -0.0870
vn -0.9333 0.2501 -0.2578
vn -0.9332 0.2500 -0.2580
vn -0.8756 0.4083 -0.2581
vn -0.8757 0.4083 -0.2579
vn -0.7915 0.5541 -0.2579
vn -0.7914 0.5542 -0.2579
vn -0.6832 0.6832 -0.2579
vn -0.6831 0.6832 -0.2580
vn -0.5542 0.7914 -0.2579
vn -0.4083 0.8756 -0.2579
vn -0.4083 0.8756 -0.2580
vn -0.2501 0.9332 -0.2580
vn -0.2501 0.9332 -0.2579
vn -0.0842 0.9625 -0.2579
vn 0.0842 0.9625 -0.2579
vn 0.2501 0.9332 -0.2579
vn 0.4083 0.8756 -0.2580
vn 0.4083 0.8756 -0.2579
vn 0.5542 0.7914 -0.2579
vn 0.6832 0.6832 -0.2580
vn 0.6832 0.6832 -0.2578
vn 0.7915 0.5542 -0.2579
vn 0.8757 0.4083 -0.2579
vn 0.8756 0.4084 -0.2581
vn 0.9332 0.2501 -0.2580
vn 0.9333 0.2500 -0.2578
vn 0.9625 0.0842 -0.2578
vn 0.9625 -0.0842 -0.2579
vn 0.9625 -0.0842 -0.2578
vn 0.9333 -0.2501 -0.2578
vn 0.9332 -0.2500 -0.2581
vn 0.8756 -0.4083 -0.2580
vn 0.8756 -0.4084 -0.2579
vn 0.7914 -0.5542 -0.2579
vn 0.7914 -0.5542 -0.2578
vn 0.6832 -0.6832 -0.2578
vn 0.6832 -0.6832 -0.2579
vn 0.5542 -0.7914 -0.2579
vn 0.4083 -0.8756 -0.2579
vn 0.4083 -0.8756 -0.2580
vn 0.2501 -0.9332 -0.2580
vn 0.2501 -0.9332 -0.2579
vn 0.0842 -0.9625 -0.2579
vn -0.0842 -0.9625 -0.2579
vn -0.2501 -0.9332 -0.2579
vn -0.2501 -0.9332 -0.2580
vn -0.4083 -0.8756 -0.2580
vn -0.4083 -0.8757 -0.2579
vn -0.5541 -0.7915 -0.2579
vn -0.5542 -0.7914 -0.2580
vn -0.6832 -0.6831 -0.2579
vn -0.6832 -0.6832 -0.2578
vn -0.7915 -0.5542 -0.2578
vn -0.7914 -0.5542 -0.2579
vn -0.8757 -0.4083 -0.2578
vn -0.8756 -0.4083 -0.2580
vn -0.9332 -0.2501 -0.2580
vn -0.9333 -0.2501 -0.2578
vn -0.9625 -0.0842 -0.2578
vn -0.9625 -0.0842 -0.2579
vn -0.9625 0.0842 -0.2579
vn -0.9625 0.0842 -0.2577
vn -0.8760 0.2347 -0.4213
vn -0.8761 0.2348 -0.4212
vn -0.8221 0.3833 -0.4211
vn -0.8220 0.3833 -0.4213
vn -0.7430 0.5201 -0.4213
vn -0.7429 0.5202 -0.4213
vn -0.6413 0.6413 -0.4213
vn -0.6413 0.6412 -0.4213
vn -0.5201 0.7429 -0.4213
vn -0.5202 0.7429 -0.4212
vn -0.3833 0.8220 -0.4213
vn -0.3833 0.8219 -0.4213
vn -0.2347 0.8760 -0.4213
vn -0.0790 0.9035 -0.4213
vn 0.0790 0.9035 -0.4213
vn 0.2348 0.8760 -0.4213
vn 0.2347 0.8760 -0.4213
vn 0.3833 0.8220 -0.4213
vn 0.3833 0.8220 -0.4212
vn 0.5202 0.7429 -0.4212
vn 0.5202 0.7429 -0.4213
vn 0.6413 0.6413 -0.4213
vn 0.7429 0.5201 -0.4213
vn 0.7429 0.5202 -0.4213
vn 0.8219 0.3833 -0.4213
vn 0.8221 0.3832 -0.4211
vn 0.8761 0.2348 -0.4212
vn 0.8759 0.2347 -0.4215
vn 0.9034 0.0791 -0.4215
vn 0.9035 0.0790 -0.4212
vn 0.9035 -0.0791 -0.4213
vn 0.9034 -0.0790 -0.4215
vn 0.8759 -0.2347 -0.4215
vn 0.8761 -0.2348 -0.4211
vn 0.8220 -0.3833 -0.4212
vn 0.8220 -0.3833 -0.4213
vn 0.7429 -0.5202 -0.4213
vn 0.6413 -0.6413 -0.4213
vn 0.6413 -0.6413 -0.4212
vn 0.5201 -0.7429 -0.4213
vn 0.5202 -0.7429 -0.4213
vn 0.3833 -0.8220 -0.4213
vn 0.3833 -0.8219 -0.4213
vn 0.2347 -0.8760 -0.4213
vn 0.0791 -0.9035 -0.4213
vn 0.0790 -0.9035 -0.4213
vn -0.0790 -0.9035 -0.4213
vn -0.2347 -0.8760 -0.4213
vn -0.3833 -0.8220 -0.4213
vn -0.5201 -0.7429 -0.4213
vn -0.5202 -0.7429 -0.4213
vn -0.6413 -0.6413 -0.4213
vn -0.7429 -0.5202 -0.4213
vn -0.8219 -0.3833 -0.4213
vn -0.8220 -0.3833 -0.4211
vn -0.8761 -0.2347 -0.4211
vn -0.8760 -0.2348 -0.4213
vn -0.9035 -0.0791 -0.4212
vn -0.9035 -0.0790 -0.4212
vn -0.9035 0.0790 -0.4212
vn -0.9035 0.0790 -0.4213
vn -0.7922 0.2123 -0.5722
vn -0.7922 0.2122 -0.5722
vn -0.7432 0.3466 -0.5722
vn -0.7434 0.3467 -0.5720
vn -0.6719 0.4705 -0.5720
vn -0.5800 0.5800 -0.5720
vn -0.4704 0.6719 -0.5720
vn -0.4705 0.6718 -0.5721
vn -0.3466 0.7433 -0.5721
vn -0.3466 0.7434 -0.5721
vn -0.2123 0.7922 -0.5721
vn -0.2123 0.7923 -0.5721
vn -0.0715 0.8171 -0.5721
vn 0.0715 0.8171 -0.5721
vn 0.2123 0.7922 -0.5721
vn 0.2123 0.7923 -0.5721
vn 0.3466 0.7434 -0.5721
vn 0.3467 0.7433 -0.5721
vn 0.4704 0.6719 -0.5721
vn 0.4705 0.6719 -0.5721
vn 0.5799 0.5800 -0.5721
vn 0.6719 0.4704 -0.5721
vn 0.6718 0.4704 -0.5722
vn 0.7432 0.3466 -0.5722
vn 0.7433 0.3466 -0.5721
vn 0.7922 0.2123 -0.5722
vn 0.7923 0.2123 -0.5720
vn 0.8171 0.0715 -0.5720
vn 0.8170 0.0715 -0.5721
vn 0.8171 -0.0715 -0.5721
vn 0.8172 -0.0715 -0.5720
vn 0.7923 -0.2123 -0.5720
vn 0.7921 -0.2123 -0.5722
vn 0.7433 -0.3466 -0.5722
vn 0.6718 -0.4704 -0.5722
vn 0.6719 -0.4704 -0.5721
vn 0.5799 -0.5800 -0.5721
vn 0.5800 -0.5800 -0.5721
vn 0.4705 -0.6718 -0.5721
vn 0.4705 -0.6719 -0.5720
vn 0.3467 -0.7434 -0.5721
vn 0.3467 -0.7433 -0.5721
vn 0.2123 -0.7923 -0.5721
vn 0.2123 -0.7922 -0.5721
vn 0.0715 -0.8171 -0.5721
vn -0.0715 -0.8171 -0.5721
vn -0.2123 -0.7922 -0.5721
vn -0.3467 -0.7434 -0.5721
vn -0.3466 -0.7434 -0.5721
vn -0.4705 -0.6719 -0.5720
vn -0.5800 -0.5800 -0.5721
vn -0.5800 -0.5800 -0.5719
vn -0.6720 -0.4705 -0.5719
vn -0.6719 -0.4705 -0.5720
vn -0.7433 -0.3467 -0.5721
vn -0.7433 -0.3466 -0.5721
vn -0.7921 -0.2123 -0.5723
vn -0.7922 -0.2123 -0.5722
vn -0.8170 -0.0715 -0.5722
vn -0.8171 -0.0715 -0.5720
vn -0.8171 0.0715 -0.5721
vn -0.8170 0.0715 -0.5722
vn -0.6843 0.1834 -0.7057
vn -0.6420 0.2994 -0.7058
vn -0.6420 0.2993 -0.7059
vn -0.5803 0.4062 -0.7059
vn -0.5009 0.5009 -0.7059
vn -0.5010 0.5010 -0.7057
vn -0.2994 0.6420 -0.7058
vn -0.1833 0.6843 -0.7058
vn 0.0617 0.7057 -0.7058
vn 0.2994 0.6420 -0.7058
vn 0.5804 0.4064 -0.7057
vn 0.6420 0.2994 -0.7058
vn 0.7058 0.0617 -0.7057
vn 0.7058 0.0618 -0.7057
vn 0.7058 -0.0618 -0.7057
vn 0.6844 -0.1834 -0.7057
vn 0.6844 -0.1833 -0.7057
vn 0.6421 -0.2994 -0.7057
vn 0.5804 -0.4064 -0.7057
vn 0.5009 -0.5009 -0.7058
vn 0.2994 -0.6420 -0.7058
vn -0.2993 -0.6420 -0.7058
vn -0.4063 -0.5803 -0.7059
vn -0.5010 -0.5010 -0.7057
vn -0.5008 -0.5009 -0.7059
vn -0.5802 -0.4063 -0.7059
vn -0.6419 -0.2994 -0.7059
vn -0.6421 -0.2994 -0.7057
vn -0.6844 -0.1834 -0.7057
vn -0.7057 -0.0617 -0.7058
vn -0.7057 -0.0618 -0.7058
vn -0.7058 0.0617 -0.7057
vn -0.5556 0.1489 -0.8180
vn -0.5213 0.2431 -0.8180
vn -0.4712 0.3299 -0.8180
vn -0.4713 0.3299 -0.8180
vn -0.4068 0.4067 -0.8180
vn -0.4067 0.4067 -0.8180
vn -0.3300 0.4711 -0.8180
vn -0.3300 0.4712 -0.8180
vn -0.2431 0.5213 -0.8180
vn -0.2430 0.5213 -0.8180
vn -0.1488 0.5556 -0.8180
vn -0.1489 0.5556 -0.8180
vn -0.0501 0.5730 -0.8180
vn 0.0501 0.5730 -0.8180
vn 0.1489 0.5556 -0.8180
vn 0.1488 0.5556 -0.8180
vn 0.2431 0.5213 -0.8180
vn 0.2430 0.5213 -0.8181
vn 0.3299 0.4711 -0.8180
vn 0.3300 0.4712 -0.8180
vn 0.4068 0.4068 -0.8180
vn 0.4068 0.4067 -0.8180
vn 0.4711 0.3299 -0.8180
vn 0.4712 0.3299 -0.8180
vn 0.5213 0.2431 -0.8180
vn 0.5557 0.1489 -0.8180
vn 0.5556 0.1489 -0.8180
vn 0.5730 0.0501 -0.8180
vn 0.5730 -0.0501 -0.8180
vn 0.5555 -0.1489 -0.8181
vn 0.5556 -0.1489 -0.8180
vn 0.5213 -0.2431 -0.8180
vn 0.4712 -0.3299 -0.8180
vn 0.4711 -0.3299 -0.8180
vn 0.4068 -0.4067 -0.8180
vn 0.4067 -0.4068 -0.8180
vn 0.3299 -0.4712 -0.8180
vn 0.3299 -0.4711 -0.8181
vn 0.2431 -0.5213 -0.8180
vn 0.2431 -0.5212 -0.8181
vn 0.1488 -0.5556 -0.8180
vn 0.0501 -0.5730 -0.8180
vn -0.0501 -0.5730 -0.8180
vn -0.1489 -0.5556 -0.8180
vn -0.1488 -0.5556 -0.8180
vn -0.2431 -0.5213 -0.8180
vn -0.3299 -0.4712 -0.8180
vn -0.3299 -0.4712 -0.8181
vn -0.4067 -0.4067 -0.8180
vn -0.4067 -0.4068 -0.8180
vn -0.4713 -0.3299 -0.8180
vn -0.4711 -0.3299 -0.8180
vn -0.5213 -0.2431 -0.8180
vn -0.5555 -0.1489 -0.8181
vn -0.5555 -0.1489 -0.8180
vn -0.5730 -0.0501 -0.8180
vn -0.5730 -0.0501 -0.8181
vn -0.5730 0.0501 -0.8180
vn -0.4095 0.1097 -0.9057
vn -0.3842 0.1792 -0.9057
vn -0.3472 0.2432 -0.9057
vn -0.3473 0.2431 -0.9057
vn -0.2997 0.2997 -0.9057
vn -0.2998 0.2997 -0.9057
vn -0.2431 0.3473 -0.9057
vn -0.2432 0.3472 -0.9057
vn -0.1792 0.3842 -0.9057
vn -0.1097 0.4095 -0.9057
vn -0.0370 0.4223 -0.9057
vn -0.0369 0.4223 -0.9057
vn 0.0369 0.4223 -0.9057
vn 0.1097 0.4095 -0.9057
vn 0.1792 0.3842 -0.9057
vn 0.2431 0.3473 -0.9057
vn 0.2432 0.3472 -0.9057
vn 0.2997 0.2998 -0.9057
vn 0.2998 0.2997 -0.9057
vn 0.3472 0.2431 -0.9057
vn 0.3474 0.2431 -0.9057
vn 0.3843 0.1792 -0.9057
vn 0.3842 0.1792 -0.9057
vn 0.4095 0.1097 -0.9057
vn 0.4223 0.0369 -0.9057
vn 0.4224 0.0369 -0.9057
vn 0.4223 -0.0369 -0.9057
vn 0.4224 -0.0369 -0.9057
vn 0.4094 -0.1097 -0.9057
vn 0.4095 -0.1097 -0.9057
vn 0.3842 -0.1792 -0.9057
vn 0.3473 -0.2432 -0.9057
vn 0.3471 -0.2431 -0.9058
vn 0.2997 -0.2997 -0.9057
vn 0.2998 -0.2997 -0.9057
vn 0.2431 -0.3473 -0.9057
vn 0.2432 -0.3472 -0.9057
vn 0.1791 -0.3842 -0.9057
vn 0.1792 -0.3843 -0.9057
vn 0.1097 -0.4095 -0.9057
vn 0.1098 -0.4095 -0.9057
vn 0.0369 -0.4223 -0.9057
vn 0.0370 -0.4223 -0.9057
vn -0.0369 -0.4223 -0.9057
vn -0.0370 -0.4223 -0.9057
vn -0.1097 -0.4095 -0.9057
vn -0.1098 -0.4095 -0.9057
vn -0.1791 -0.3842 -0.9057
vn -0.1792 -0.3842 -0.9057
vn -0.2432 -0.3472 -0.9057
vn -0.2998 -0.2998 -0.9057
vn -0.2997 -0.2997 -0.9057
vn -0.3472 -0.2431 -0.9057
vn -0.3474 -0.2432 -0.9057
vn -0.3842 -0.1792 -0.9057
vn -0.4095 -0.1097 -0.9057
vn -0.4223 -0.0369 -0.9057
vn -0.4224 -0.0370 -0.9057
vn -0.4223 0.0369 -0.9057
vn -0.4224 0.0369 -0.9057
vn -0.2947 0.0136 -0.9555
vn -0.2949 0.0138 -0.9554
vn -0.2564 0.0224 -0.9663
vn -0.2586 0.0230 -0.9657
vn -0.2509 0.0672 -0.9657
vn -0.2354 0.1098 -0.9657
vn -0.2128 0.1490 -0.9657
vn -0.1837 0.1837 -0.9657
vn -0.1836 0.1836 -0.9657
vn -0.1490 0.2127 -0.9657
vn -0.1489 0.2128 -0.9657
vn -0.1098 0.2354 -0.9657
vn -0.1097 0.2354 -0.9657
vn -0.0673 0.2509 -0.9657
vn -0.0672 0.2509 -0.9657
vn -0.0226 0.2588 -0.9657
vn 0.0226 0.2587 -0.9657
vn 0.0226 0.2588 -0.9657
vn 0.0673 0.2509 -0.9657
vn 0.0672 0.2509 -0.9657
vn 0.1097 0.2354 -0.9657
vn 0.1490 0.2128 -0.9657
vn 0.1837 0.1837 -0.9657
vn 0.1836 0.1837 -0.9657
vn 0.2130 0.1490 -0.9656
vn 0.2126 0.1490 -0.9657
vn 0.2355 0.1097 -0.9656
vn 0.2352 0.1098 -0.9657
vn 0.2509 0.0672 -0.9657
vn 0.2587 0.0226 -0.9657
vn 0.5033 0.0112 -0.8640
vn 0.5027 -0.0440 -0.8634
vn 0.2626 -0.0003 -0.9649
vn 0.2509 -0.0672 -0.9657
vn 0.2354 -0.1098 -0.9657
vn 0.2354 -0.1097 -0.9657
vn 0.2128 -0.1490 -0.9657
vn 0.1837 -0.1837 -0.9657
vn 0.1836 -0.1836 -0.9657
vn 0.1489 -0.2128 -0.9657
vn 0.1098 -0.2354 -0.9657
vn 0.0672 -0.2509 -0.9657
vn 0.0226 -0.2588 -0.9657
vn -0.0226 -0.2588 -0.9657
vn -0.0672 -0.2509 -0.9657
vn -0.1097 -0.2354 -0.9657
vn -0.1098 -0.2354 -0.9657
vn -0.1490 -0.2128 -0.9657
vn -0.1489 -0.2128 -0.9657
vn -0.1837 -0.1836 -0.9657
vn -0.1836 -0.1837 -0.9657
vn -0.2129 -0.1490 -0.9656
vn -0.2127 -0.1490 -0.9657
vn -0.2356 -0.1098 -0.9656
vn -0.2352 -0.1098 -0.9657
vn -0.2511 -0.0672 -0.9656
vn -0.2507 -0.0672 -0.9657
vn -0.2583 -0.0245 -0.9658
vn -0.1162 -0.0149 -0.9931
vn 0.0835 -0.0254 -0.9962
vn 0.0794 -0.0370 -0.9962
vn 0.0793 -0.0370 -0.9962
vn 0.0716 -0.0502 -0.9962
vn 0.0717 -0.0502 -0.9962
vn 0.0618 -0.0619 -0.9962
vn 0.0619 -0.0618 -0.9962
vn 0.0502 -0.0716 -0.9962
vn 0.0501 -0.0716 -0.9962
vn 0.0370 -0.0793 -0.9962
vn 0.0227 -0.0845 -0.9962
vn 0.0226 -0.0845 -0.9962
vn 0.0076 -0.0871 -0.9962
vn -0.0076 -0.0871 -0.9962
vn -0.0226 -0.0845 -0.9962
vn -0.0369 -0.0793 -0.9962
vn -0.0370 -0.0793 -0.9962
vn -0.0502 -0.0716 -0.9962
vn -0.0618 -0.0618 -0.9962
vn -0.0716 -0.0502 -0.9962
vn -0.0717 -0.0502 -0.9962
vn -0.0792 -0.0370 -0.9962
vn -0.0794 -0.0370 -0.9962
vn -0.0835 -0.0254 -0.9962
vn -0.0628 0.0144 -0.9979
vn -0.0835 0.0254 -0.9962
vn -0.0794 0.0370 -0.9962
vn -0.0792 0.0370 -0.9962
vn -0.0715 0.0502 -0.9962
vn -0.0717 0.0502 -0.9962
vn -0.0618 0.0618 -0.9962
vn -0.0501 0.0716 -0.9962
vn -0.0370 0.0793 -0.9962
vn -0.0369 0.0793 -0.9962
vn -0.0227 0.0845 -0.9962
vn -0.0076 0.0871 -0.9962
vn 0.0076 0.0871 -0.9962
vn 0.0227 0.0845 -0.9962
vn 0.0370 0.0793 -0.9962
vn 0.0369 0.0793 -0.9962
vn 0.0501 0.0716 -0.9962
vn 0.0502 0.0716 -0.9962
vn 0.0618 0.0618 -0.9962
vn 0.0618 0.0619 -0.9962
vn 0.0716 0.0502 -0.9962
vn 0.0715 0.0502 -0.9962
vn 0.0794 0.0370 -0.9962
vn 0.0793 0.0370 -0.9962
vn 0.0835 0.0254 -0.9962
vn -0.2565 0.0000 -0.9665
vn 0.1212 -0.0144 -0.9925
vn 0.1157 -0.0310 -0.9928
vn 0.2861 0.0143 -0.9581
vn 0.2494 0.0218 -0.9682
vn 0.1159 0.0148 -0.9932
vn 0.0722 0.0194 -0.9972
vn -0.0360 0.0000 -0.9994
vn -0.2563 0.0000 -0.9666
vn -0.2567 0.0000 -0.9665
vn -0.0735 -0.0197 -0.9971
vn -0.0349 0.0000 -0.9994
vn -0.9623 0.2578 -0.0867
vn -0.9623 0.2578 -0.0868
vn -0.9028 0.4211 -0.0872
vn -0.8161 0.5714 -0.0871
vn -0.8160 0.5714 -0.0868
vn -0.7044 0.7045 -0.0868
vn -0.5715 0.8160 -0.0869
vn -0.4210 0.9029 -0.0869
vn -0.2578 0.9623 -0.0869
vn -0.0868 0.9924 -0.0868
vn 0.2579 0.9623 -0.0868
vn 0.4210 0.9029 -0.0869
vn 0.5714 0.8160 -0.0869
vn 0.7044 0.7045 -0.0870
vn 0.8160 0.5714 -0.0868
vn 0.9029 0.4211 -0.0868
vn 0.9623 0.2579 -0.0870
vn 0.9924 0.0868 -0.0870
vn 0.9924 0.0868 -0.0872
vn 0.9924 -0.0868 -0.0872
vn 0.9924 -0.0868 -0.0870
vn 0.9623 -0.2579 -0.0870
vn 0.9029 -0.4211 -0.0868
vn 0.8160 -0.5715 -0.0868
vn 0.7044 -0.7044 -0.0868
vn 0.7045 -0.7044 -0.0870
vn 0.5714 -0.8160 -0.0869
vn 0.5714 -0.8161 -0.0869
vn 0.4210 -0.9029 -0.0869
vn 0.4211 -0.9029 -0.0868
vn 0.2578 -0.9623 -0.0868
vn 0.2579 -0.9623 -0.0869
vn -0.2579 -0.9623 -0.0868
vn -0.4209 -0.9029 -0.0869
vn -0.4211 -0.9029 -0.0869
vn -0.5715 -0.8160 -0.0868
vn -0.7044 -0.7045 -0.0868
vn -0.7044 -0.7044 -0.0869
vn -0.9028 -0.4211 -0.0871
vn -0.9029 -0.4210 -0.0868
vn -0.9623 -0.2579 -0.0868
vn -0.9623 -0.2578 -0.0867
vn -0.9924 -0.0868 -0.0867
vn -0.9924 0.0868 -0.0868
vn -0.9924 0.0868 -0.0867
vn -0.9333 0.2500 -0.2578
vn -0.8756 0.4084 -0.2578
vn -0.5542 0.7915 -0.2578
vn -0.4083 0.8757 -0.2578
vn 0.5542 0.7914 -0.2578
vn 0.6832 0.6832 -0.2581
vn 0.7914 0.5542 -0.2581
vn 0.7915 0.5541 -0.2579
vn 0.9333 0.2501 -0.2578
vn 0.9626 0.0842 -0.2576
vn 0.9626 -0.0842 -0.2576
vn 0.9625 -0.0842 -0.2577
vn 0.9332 -0.2500 -0.2580
vn 0.8756 -0.4083 -0.2581
vn 0.8756 -0.4084 -0.2580
vn 0.7914 -0.5541 -0.2581
vn 0.6832 -0.6831 -0.2581
vn 0.5542 -0.7915 -0.2578
vn 0.4083 -0.8757 -0.2579
vn 0.4084 -0.8756 -0.2580
vn 0.2500 -0.9332 -0.2580
vn -0.2500 -0.9332 -0.2580
vn -0.4083 -0.8757 -0.2580
vn -0.4084 -0.8756 -0.2578
vn -0.5542 -0.7915 -0.2578
vn -0.7914 -0.5542 -0.2578
vn -0.9625 -0.0842 -0.2580
vn -0.9625 0.0842 -0.2580
vn -0.8760 0.2347 -0.4214
vn -0.8220 0.3832 -0.4213
vn -0.6413 0.6413 -0.4212
vn -0.5202 0.7428 -0.4214
vn -0.3833 0.8219 -0.4214
vn -0.3833 0.8219 -0.4212
vn 0.3833 0.8219 -0.4212
vn 0.5201 0.7429 -0.4214
vn 0.6412 0.6412 -0.4214
vn 0.6414 0.6413 -0.4211
vn 0.7430 0.5202 -0.4210
vn 0.8220 0.3833 -0.4211
vn 0.8761 0.2347 -0.4211
vn 0.8760 0.2347 -0.4213
vn 0.9034 0.0790 -0.4215
vn 0.9035 -0.0791 -0.4212
vn 0.8760 -0.2347 -0.4213
vn 0.8761 -0.2348 -0.4212
vn 0.8221 -0.3833 -0.4211
vn 0.7429 -0.5203 -0.4211
vn 0.6414 -0.6413 -0.4211
vn 0.6412 -0.6412 -0.4214
vn 0.5201 -0.7429 -0.4214
vn 0.2348 -0.8760 -0.4213
vn -0.0791 -0.9035 -0.4213
vn -0.2348 -0.8760 -0.4213
vn -0.3833 -0.8219 -0.4214
vn -0.5201 -0.7429 -0.4214
vn -0.8219 -0.3833 -0.4214
vn -0.8760 -0.2347 -0.4213
vn -0.7923 0.2123 -0.5720
vn -0.7433 0.3467 -0.5721
vn -0.7434 0.3466 -0.5720
vn -0.6719 0.4705 -0.5721
vn -0.6718 0.4704 -0.5721
vn -0.5799 0.5800 -0.5721
vn -0.4704 0.6719 -0.5721
vn -0.2123 0.7923 -0.5720
vn 0.4705 0.6719 -0.5720
vn 0.5800 0.5800 -0.5719
vn 0.6718 0.4705 -0.5722
vn 0.6720 0.4704 -0.5719
vn 0.7434 0.3466 -0.5720
vn 0.7923 0.2122 -0.5720
vn 0.8171 0.0715 -0.5721
vn 0.8171 -0.0715 -0.5720
vn 0.7922 -0.2123 -0.5722
vn 0.7434 -0.3467 -0.5720
vn 0.6719 -0.4705 -0.5720
vn 0.5799 -0.5799 -0.5721
vn 0.5800 -0.5800 -0.5719
vn 0.4704 -0.6719 -0.5721
vn 0.3466 -0.7434 -0.5721
vn -0.2123 -0.7923 -0.5721
vn -0.4704 -0.6719 -0.5721
vn -0.4706 -0.6718 -0.5720
vn -0.5799 -0.5800 -0.5721
vn -0.6719 -0.4704 -0.5721
vn -0.6719 -0.4705 -0.5721
vn -0.7435 -0.3466 -0.5720
vn -0.7922 -0.2123 -0.5721
vn -0.7923 -0.2123 -0.5720
vn -0.8169 0.0714 -0.5723
vn -0.6842 0.1833 -0.7059
vn -0.6422 0.2994 -0.7057
vn -0.5804 0.4063 -0.7057
vn -0.4063 0.5803 -0.7059
vn -0.2995 0.6420 -0.7058
vn 0.5008 0.5009 -0.7058
vn 0.5803 0.4063 -0.7057
vn 0.6842 0.1833 -0.7059
vn 0.7057 0.0617 -0.7058
vn 0.7058 -0.0617 -0.7057
vn 0.7057 -0.0617 -0.7059
vn 0.6420 -0.2994 -0.7058
vn 0.1833 -0.6843 -0.7058
vn -0.0618 -0.7057 -0.7058
vn -0.5009 -0.5009 -0.7059
vn -0.5008 -0.5009 -0.7058
vn -0.7056 -0.0617 -0.7059
vn -0.7058 -0.0618 -0.7057
vn -0.7056 0.0617 -0.7059
vn -0.5554 0.1488 -0.8181
vn -0.5212 0.2430 -0.8181
vn -0.4067 0.4067 -0.8181
vn -0.3299 0.4712 -0.8180
vn 0.4067 0.4067 -0.8181
vn 0.4710 0.3299 -0.8181
vn 0.4713 0.3298 -0.8180
vn 0.5213 0.2430 -0.8180
vn 0.5214 -0.2431 -0.8179
vn 0.5212 -0.2430 -0.8181
vn 0.4711 -0.3299 -0.8181
vn 0.4067 -0.4067 -0.8180
vn 0.3299 -0.4711 -0.8180
vn 0.3298 -0.4711 -0.8181
vn 0.1489 -0.5556 -0.8180
vn -0.5212 -0.2431 -0.8181
vn -0.5554 -0.1489 -0.8182
vn -0.5556 -0.1489 -0.8180
vn -0.5729 -0.0501 -0.8181
vn -0.3841 0.1791 -0.9058
vn -0.3472 0.2431 -0.9057
vn -0.3474 0.2432 -0.9057
vn -0.2997 0.2998 -0.9057
vn -0.2998 0.2998 -0.9057
vn -0.2432 0.3473 -0.9057
vn 0.3470 0.2431 -0.9058
vn 0.3475 0.2431 -0.9056
vn 0.3841 0.1792 -0.9057
vn 0.4096 0.1097 -0.9057
vn 0.4223 0.0370 -0.9057
vn 0.4222 0.0370 -0.9057
vn 0.4223 -0.0370 -0.9057
vn 0.3472 -0.2432 -0.9057
vn 0.3473 -0.2431 -0.9057
vn 0.2997 -0.2998 -0.9057
vn 0.1792 -0.3842 -0.9057
vn -0.1792 -0.3843 -0.9057
vn -0.2430 -0.3473 -0.9057
vn -0.2433 -0.3473 -0.9057
vn -0.3473 -0.2432 -0.9057
vn -0.3473 -0.2431 -0.9057
vn -0.3841 -0.1791 -0.9058
vn -0.4096 -0.1097 -0.9057
vn -0.4225 -0.0369 -0.9056
vn -0.4224 0.0370 -0.9056
vn -0.4225 0.0369 -0.9056
vn 0.2951 -0.0137 -0.9554
vn 0.2950 -0.0138 -0.9554
vn 0.2566 -0.0225 -0.9663
vn 0.2585 -0.0230 -0.9657
vn 0.2507 -0.0672 -0.9657
vn 0.2510 -0.0672 -0.9656
vn 0.2353 -0.1098 -0.9657
vn 0.2356 -0.1098 -0.9656
vn 0.2127 -0.1490 -0.9657
vn 0.1836 -0.1837 -0.9657
vn 0.1490 -0.2128 -0.9657
vn 0.1099 -0.2354 -0.9657
vn -0.0673 -0.2509 -0.9657
vn -0.1099 -0.2354 -0.9657
vn -0.1838 -0.1837 -0.9657
vn -0.2128 -0.1490 -0.9657
vn -0.2353 -0.1098 -0.9657
vn -0.2588 -0.0226 -0.9657
vn -0.5032 -0.0112 -0.8641
vn -0.5027 0.0440 -0.8634
vn -0.2626 0.0003 -0.9649
vn -0.2355 0.1098 -0.9657
vn -0.1836 0.1837 -0.9657
vn -0.1490 0.2128 -0.9657
vn 0.1838 0.1837 -0.9656
vn 0.2127 0.1490 -0.9657
vn 0.2355 0.1098 -0.9657
vn 0.2354 0.1098 -0.9657
vn 0.2508 0.0672 -0.9657
vn 0.2510 0.0672 -0.9657
vn 0.2584 0.0244 -0.9657
vn 0.1155 0.0149 -0.9932
vn 0.0631 -0.0144 -0.9979
vn 0.0792 -0.0370 -0.9962
vn 0.0715 -0.0502 -0.9962
vn 0.0618 -0.0618 -0.9962
vn 0.0369 -0.0793 -0.9962
vn -0.0227 -0.0845 -0.9962
vn -0.0503 -0.0716 -0.9962
vn -0.0501 -0.0717 -0.9962
vn -0.0794 0.0369 -0.9962
vn -0.0793 0.0370 -0.9962
vn -0.0716 0.0502 -0.9962
vn 0.1330 0.9911 -0.0000
vn -0.1330 0.9911 -0.0000
usemtl Shape
s off
f 1/1/1 2/2/1 3/3/1
f 4/4/2 5/5/2 6/6/2
f 7/7/2 8/8/2 9/9/2
f 10/10/3 11/11/3 12/12/3
f 12/12/2 11/11/2 13/13/2
f 4/4/2 6/6/2 14/14/2
f 15/15/2 16/16/2 17/17/2
f 17/17/2 16/16/2 18/18/2
f 6/6/2 19/19/2 14/14/2
f 14/14/2 19/19/2 20/20/2
f 14/14/2 20/20/2 21/21/2
f 21/21/2 20/20/2 16/16/2
f 21/21/2 16/16/2 22/22/2
f 22/22/2 16/16/2 15/15/2
f 23/23/2 24/24/2 25/25/2
f 25/25/2 24/24/2 26/26/2
f 25/25/2 26/26/2 11/11/2
f 11/11/2 26/26/2 27/27/2
f 11/11/2 27/27/2 13/13/2
f 28/28/2 9/9/2 29/29/2
f 29/29/2 9/9/2 30/30/2
f 8/8/2 31/31/2 9/9/2
f 9/9/2 31/31/2 32/32/2
f 9/9/2 32/32/2 25/25/2
f 25/25/2 32/32/2 33/33/2
f 25/25/2 33/33/2 23/23/2
f 3/3/2 34/34/2 1/1/2
f 1/1/2 34/34/2 35/35/2
f 1/1/2 35/35/2 9/9/2
f 9/9/2 35/35/2 36/36/2
f 9/9/2 36/36/2 30/30/2
f 28/28/2 37/37/2 9/9/2
f 9/9/3 37/37/3 18/18/3
f 9/9/2 18/18/2 7/7/2
f 7/7/2 18/18/2 16/16/2
f 38/38/2 39/39/2 40/40/2
f 38/38/2 40/40/2 41/41/2
f 41/41/2 40/40/2 42/42/2
f 41/41/2 42/42/2 43/43/2
f 43/43/2 42/42/2 44/44/2
f 43/43/2 44/44/2 45/45/2
f 45/45/2 44/44/2 46/46/2
f 45/45/2 46/46/2 47/47/2
f 47/47/2 46/46/2 48/48/2
f 47/47/2 48/48/2 49/49/2
f 49/49/2 48/48/2 50/50/2
f 49/49/2 50/50/2 51/51/2
f 51/51/2 50/50/2 52/52/2
f 51/51/2 52/52/2 53/53/2
f 53/53/2 52/52/2 54/54/2
f 53/53/2 54/54/2 55/55/2
f 55/55/2 54/54/2 56/56/2
f 55/55/2 56/56/2 57/57/2
f 57/57/2 56/56/2 58/58/2
f 57/57/2 58/58/2 59/59/2
f 59/59/2 58/58/2 60/60/2
f 59/59/2 60/60/2 61/61/2
f 61/61/2 60/60/2 62/62/2
f 61/61/2 62/62/2 63/63/2
f 63/63/2 62/62/2 64/64/2
f 63/63/1 64/64/1 65/65/1
f 65/65/2 64/64/2 66/66/2
f 65/65/2 66/66/2 67/67/2
f 67/67/2 66/66/2 68/68/2
f 67/67/1 68/68/1 69/69/1
f 69/69/2 68/68/2 70/70/2
f 69/69/3 70/70/3 71/71/3
f 71/71/2 70/70/2 72/72/2
f 71/71/2 72/72/2 73/73/2
f 73/73/2 72/72/2 74/74/2
f 73/73/2 74/74/2 75/75/2
f 75/75/2 74/74/2 76/76/2
f 75/75/2 76/76/2 77/77/2
f 77/77/2 76/76/2 78/78/2
f 77/77/2 78/78/2 79/79/2
f 79/79/2 78/78/2 80/80/2
f 79/79/2 80/80/2 81/81/2
f 81/81/2 80/80/2 82/82/2
f 81/81/2 82/82/2 83/83/2
f 83/83/2 82/82/2 84/84/2
f 83/83/2 84/84/2 85/85/2
f 85/85/2 84/84/2 86/86/2
f 85/85/2 86/86/2 87/87/2
f 87/87/2 86/86/2 88/88/2
f 87/87/2 88/88/2 89/89/2
f 89/89/2 88/88/2 90/90/2
f 89/89/2 90/90/2 91/91/2
f 91/91/2 90/90/2 92/92/2
f 91/91/2 92/92/2 93/93/2
f 93/93/2 92/92/2 94/94/2
f 93/93/2 94/94/2 95/95/2
f 95/95/2 94/94/2 96/96/2
f 95/95/2 96/96/2 97/97/2
f 97/97/2 96/96/2 98/98/2
f 97/97/2 98/98/2 99/99/2
f 99/99/2 98/98/2 100/100/2
f 99/99/2 100/100/2 101/101/2
f 101/101/2 100/100/2 102/102/2
f 101/101/2 102/102/2 103/103/2
f 103/103/2 102/102/2 104/104/2
f 103/103/3 104/104/3 105/105/3
f 105/105/2 104/104/2 106/106/2
f 105/105/1 106/106/1 107/107/1
f 107/107/2 106/106/2 108/108/2
f 107/107/2 108/108/2 39/39/2
f 39/39/2 108/108/2 109/109/2
f 39/39/2 109/109/2 40/40/2
f 110/110/2 111/111/2 112/112/2
f 110/110/2 113/113/2 111/111/2
f 111/111/2 113/113/2 114/114/2
f 111/111/2 114/114/2 115/115/2
f 115/115/2 114/114/2 116/116/2
f 115/115/2 116/116/2 117/117/2
f 117/117/2 116/116/2 118/118/2
f 117/117/2 118/118/2 119/119/2
f 119/119/2 118/118/2 120/120/2
f 119/119/2 120/120/2 121/121/2
f 121/121/2 120/120/2 122/122/2
f 121/121/2 122/122/2 112/112/2
f 112/112/2 122/122/2 123/123/2
f 112/112/2 123/123/2 110/110/2
f 124/124/2 125/125/2 126/126/2
f 126/126/2 125/125/2 127/127/2
f 128/128/2 129/129/2 130/130/2
f 130/130/2 129/129/2 131/131/2
f 130/130/2 131/131/2 132/132/2
f 124/124/2 133/133/2 125/125/2
f 125/125/2 133/133/2 134/134/2
f 125/125/2 134/134/2 135/135/2
f 134/134/2 136/136/2 135/135/2
f 135/135/2 136/136/2 137/137/2
f 135/135/2 137/137/2 138/138/2
f 139/139/2 140/140/2 141/141/2
f 138/138/2 142/142/2 135/135/2
f 135/135/2 142/142/2 143/143/2
f 135/135/2 143/143/2 144/144/2
f 145/145/2 146/146/2 144/144/2
f 144/144/2 146/146/2 147/147/2
f 144/144/2 147/147/2 130/130/2
f 130/130/2 147/147/2 148/148/2
f 130/130/2 148/148/2 128/128/2
f 143/143/2 149/149/2 144/144/2
f 144/144/2 149/149/2 150/150/2
f 144/144/2 150/150/2 151/151/2
f 140/140/2 139/139/2 152/152/2
f 152/152/2 139/139/2 153/153/2
f 152/152/2 153/153/2 154/154/2
f 154/154/2 153/153/2 155/155/2
f 154/154/2 155/155/2 156/156/2
f 141/141/2 157/157/2 139/139/2
f 139/139/2 157/157/2 158/158/2
f 139/139/2 158/158/2 151/151/2
f 151/151/2 158/158/2 159/159/2
f 151/151/2 159/159/2 144/144/2
f 144/144/2 159/159/2 160/160/2
f 144/144/2 160/160/2 145/145/2
f 161/161/2 162/162/2 163/163/2
f 163/163/2 162/162/2 164/164/2
f 163/163/3 164/164/3 165/165/3
f 165/165/2 164/164/2 166/166/2
f 165/165/2 166/166/2 167/167/2
f 167/167/2 166/166/2 168/168/2
f 169/169/2 170/170/2 171/171/2
f 169/169/2 171/171/2 172/172/2
f 172/172/2 171/171/2 173/173/2
f 172/172/2 173/173/2 174/174/2
f 174/174/2 173/173/2 175/175/2
f 174/174/2 175/175/2 176/176/2
f 176/176/2 175/175/2 177/177/2
f 176/176/2 177/177/2 178/178/2
f 178/178/2 177/177/2 179/179/2
f 178/178/2 179/179/2 180/180/2
f 180/180/2 179/179/2 181/181/2
f 180/180/2 181/181/2 182/182/2
f 182/182/2 181/181/2 183/183/2
f 182/182/2 183/183/2 184/184/2
f 184/184/2 183/183/2 185/185/2
f 184/184/2 185/185/2 186/186/2
f 186/186/2 185/185/2 187/187/2
f 186/186/2 187/187/2 188/188/2
f 188/188/2 187/187/2 189/189/2
f 188/188/2 189/189/2 190/190/2
f 190/190/2 189/189/2 191/191/2
f 190/190/2 191/191/2 192/192/2
f 192/192/2 191/191/2 193/193/2
f 192/192/2 193/193/2 194/194/2
f 194/194/2 193/193/2 195/195/2
f 194/194/2 195/195/2 196/196/2
f 196/196/2 195/195/2 197/197/2
f 196/196/2 197/197/2 198/198/2
f 198/198/2 197/197/2 199/199/2
f 198/198/2 199/199/2 200/200/2
f 200/200/2 199/199/2 201/201/2
f 200/200/2 201/201/2 202/202/2
f 202/202/2 201/201/2 203/203/2
f 202/202/2 203/203/2 204/204/2
f 204/204/2 203/203/2 205/205/2
f 204/204/2 205/205/2 206/206/2
f 206/206/2 205/205/2 207/207/2
f 206/206/2 207/207/2 208/208/2
f 208/208/2 207/207/2 209/209/2
f 208/208/2 209/209/2 210/210/2
f 210/210/2 209/209/2 211/211/2
f 210/210/2 211/211/2 212/212/2
f 212/212/2 211/211/2 213/213/2
f 212/212/2 213/213/2 214/214/2
f 214/214/2 213/213/2 215/215/2
f 214/214/2 215/215/2 216/216/2
f 216/216/2 215/215/2 217/217/2
f 216/216/2 217/217/2 218/218/2
f 218/218/2 217/217/2 219/219/2
f 218/218/2 219/219/2 220/220/2
f 220/220/2 219/219/2 221/221/2
f 220/220/2 221/221/2 222/222/2
f 222/222/2 221/221/2 223/223/2
f 222/222/2 223/223/2 224/224/2
f 224/224/2 223/223/2 225/225/2
f 224/224/2 225/225/2 226/226/2
f 226/226/2 225/225/2 227/227/2
f 226/226/2 227/227/2 228/228/2
f 228/228/2 227/227/2 229/229/2
f 228/228/2 229/229/2 230/230/2
f 230/230/2 229/229/2 231/231/2
f 230/230/2 231/231/2 232/232/2
f 232/232/2 231/231/2 233/233/2
f 232/232/2 233/233/2 234/234/2
f 234/234/2 233/233/2 235/235/2
f 234/234/2 235/235/2 236/236/2
f 236/236/2 235/235/2 237/237/2
f 236/236/2 237/237/2 238/238/2
f 238/238/2 237/237/2 239/239/2
f 238/238/2 239/239/2 170/170/2
f 170/170/2 239/239/2 240/240/2
f 170/170/2 240/240/2 171/171/2
f 241/241/2 242/242/2 243/243/2
f 244/244/2 245/245/2 246/246/2
f 246/246/2 247/247/2 244/244/2
f 244/244/1 247/247/1 241/241/1
f 244/244/2 241/241/2 248/248/2
f 248/248/2 241/241/2 243/243/2
f 248/248/4 249/249/4 250/250/4
f 248/248/4 250/250/4 244/244/4
f 251/251/4 252/252/4 253/253/4
f 253/253/4 252/252/4 254/254/4
f 253/253/4 255/255/4 251/251/4
f 251/251/4 255/255/4 244/244/4
f 251/251/4 244/244/4 256/256/4
f 256/256/4 244/244/4 250/250/4
f 164/164/5 257/257/5 258/258/5
f 259/259/5 260/260/5 258/258/5
f 258/258/5 260/260/5 261/261/5
f 258/258/5 261/261/5 164/164/5
f 164/164/5 261/261/5 262/262/5
f 164/164/5 262/262/5 166/166/5
f 166/166/5 262/262/5 263/263/5
f 166/166/5 263/263/5 264/264/5
f 265/265/6 266/266/6 267/267/6
f 267/267/6 266/266/6 268/268/6
f 269/269/6 270/270/6 271/271/6
f 271/271/6 270/270/6 272/272/6
f 271/271/6 272/272/6 273/273/6
f 273/273/6 272/272/6 274/274/6
f 275/275/6 276/276/6 277/277/6
f 278/278/6 279/279/6 280/280/6
f 281/281/6 282/282/6 283/283/6
f 283/283/6 282/282/6 284/284/6
f 285/285/6 286/286/6 268/268/6
f 268/268/6 286/286/6 287/287/6
f 268/268/6 287/287/6 267/267/6
f 288/288/6 289/289/6 290/290/6
f 291/291/6 292/292/6 293/293/6
f 294/294/6 295/295/6 296/296/6
f 296/296/6 295/295/6 278/278/6
f 296/296/6 278/278/6 297/297/6
f 297/297/6 278/278/6 280/280/6
f 294/294/6 298/298/6 295/295/6
f 295/295/6 298/298/6 299/299/6
f 295/295/6 299/299/6 300/300/6
f 300/300/6 299/299/6 301/301/6
f 300/300/6 301/301/6 302/302/6
f 284/284/6 303/303/6 283/283/6
f 283/283/6 303/303/6 304/304/6
f 283/283/6 304/304/6 301/301/6
f 301/301/6 304/304/6 305/305/6
f 301/301/6 305/305/6 302/302/6
f 306/306/6 307/307/6 308/308/6
f 269/269/6 309/309/6 270/270/6
f 270/270/6 309/309/6 310/310/6
f 270/270/6 310/310/6 311/311/6
f 311/311/6 310/310/6 293/293/6
f 311/311/6 293/293/6 312/312/6
f 312/312/6 293/293/6 292/292/6
f 285/285/6 268/268/6 283/283/6
f 283/283/6 268/268/6 313/313/6
f 283/283/6 313/313/6 281/281/6
f 275/275/6 277/277/6 314/314/6
f 315/315/6 316/316/6 317/317/6
f 317/317/6 316/316/6 318/318/6
f 317/317/6 318/318/6 293/293/6
f 293/293/6 318/318/6 319/319/6
f 293/293/6 319/319/6 291/291/6
f 265/265/6 320/320/6 266/266/6
f 266/266/6 320/320/6 321/321/6
f 266/266/6 321/321/6 322/322/6
f 322/322/6 321/321/6 277/277/6
f 322/322/6 277/277/6 323/323/6
f 323/323/6 277/277/6 276/276/6
f 290/290/6 289/289/6 277/277/6
f 277/277/6 289/289/6 324/324/6
f 277/277/6 324/324/6 314/314/6
f 307/307/6 306/306/6 290/290/6
f 290/290/6 306/306/6 325/325/6
f 290/290/6 325/325/6 288/288/6
f 308/308/6 326/326/6 306/306/6
f 306/306/6 326/326/6 327/327/6
f 306/306/6 327/327/6 328/328/6
f 328/328/6 327/327/6 329/329/6
f 330/330/6 331/331/6 332/332/6
f 332/332/6 331/331/6 333/333/6
f 334/334/6 335/335/6 272/272/6
f 272/272/6 335/335/6 336/336/6
f 272/272/6 336/336/6 274/274/6
f 334/334/6 337/337/6 335/335/6
f 335/335/6 337/337/6 338/338/6
f 335/335/6 338/338/6 331/331/6
f 331/331/6 338/338/6 339/339/6
f 331/331/6 339/339/6 333/333/6
f 279/279/6 278/278/6 317/317/6
f 317/317/6 278/278/6 340/340/6
f 317/317/6 340/340/6 315/315/6
f 329/329/6 341/341/6 328/328/6
f 328/328/6 341/341/6 342/342/6
f 328/328/6 342/342/6 343/343/6
f 343/343/6 342/342/6 331/331/6
f 343/343/6 331/331/6 344/344/6
f 344/344/6 331/331/6 330/330/6
f 345/345/7 346/346/7 347/347/7
f 347/347/7 346/346/7 348/348/7
f 349/349/6 350/350/6 345/345/6
f 351/351/6 352/352/6 353/353/6
f 353/353/6 352/352/6 354/354/6
f 353/353/6 354/354/6 355/355/6
f 356/356/6 357/357/6 358/358/6
f 357/357/6 359/359/6 358/358/6
f 358/358/6 359/359/6 360/360/6
f 358/358/6 360/360/6 361/361/6
f 362/362/6 363/363/6 364/364/6
f 364/364/6 363/363/6 365/365/6
f 364/364/6 365/365/6 366/366/6
f 362/362/6 367/367/6 363/363/6
f 363/363/6 367/367/6 368/368/6
f 363/363/6 368/368/6 345/345/6
f 345/345/6 368/368/6 369/369/6
f 345/345/6 369/369/6 349/349/6
f 351/351/6 370/370/6 352/352/6
f 352/352/6 370/370/6 371/371/6
f 352/352/6 371/371/6 358/358/6
f 358/358/6 371/371/6 372/372/6
f 358/358/6 372/372/6 356/356/6
f 373/373/6 374/374/6 375/375/6
f 350/350/6 376/376/6 345/345/6
f 345/345/6 376/376/6 377/377/6
f 345/345/6 377/377/6 378/378/6
f 346/346/6 379/379/6 380/380/6
f 361/361/6 381/381/6 358/358/6
f 358/358/6 381/381/6 382/382/6
f 358/358/6 382/382/6 373/373/6
f 373/373/6 382/382/6 383/383/6
f 373/373/6 383/383/6 374/374/6
f 375/375/6 384/384/6 373/373/6
f 373/373/6 384/384/6 385/385/6
f 373/373/6 385/385/6 386/386/6
f 386/386/6 387/387/6 373/373/6
f 373/373/6 387/387/6 388/388/6
f 373/373/6 388/388/6 365/365/6
f 365/365/6 388/388/6 389/389/6
f 365/365/6 389/389/6 366/366/6
f 390/390/6 391/391/6 346/346/6
f 346/346/6 391/391/6 392/392/6
f 346/346/6 392/392/6 379/379/6
f 380/380/6 393/393/6 346/346/6
f 346/346/6 393/393/6 394/394/6
f 346/346/6 394/394/6 354/354/6
f 354/354/6 394/394/6 395/395/6
f 354/354/6 395/395/6 355/355/6
f 378/378/6 396/396/6 345/345/6
f 345/345/6 396/396/6 397/397/6
f 345/345/6 397/397/6 346/346/6
f 346/346/6 397/397/6 398/398/6
f 346/346/6 398/398/6 390/390/6
f 358/358/8 373/373/8 399/399/8
f 399/399/8 373/373/8 400/400/8
f 401/401/4 402/402/4 403/403/4
f 403/403/4 402/402/4 404/404/4
f 405/405/4 406/406/4 112/112/4
f 112/112/4 406/406/4 407/407/4
f 112/112/4 407/407/4 121/121/4
f 121/121/4 407/407/4 401/401/4
f 121/121/4 401/401/4 408/408/4
f 408/408/4 401/401/4 403/403/4
f 402/402/4 409/409/4 404/404/4
f 404/404/4 409/409/4 410/410/4
f 404/404/4 410/410/4 411/411/4
f 411/411/4 410/410/4 412/412/4
f 411/411/4 412/412/4 406/406/4
f 406/406/4 412/412/4 413/413/4
f 406/406/4 413/413/4 407/407/4
f 414/414/5 415/415/5 416/416/5
f 416/416/5 415/415/5 417/417/5
f 416/416/5 417/417/5 418/418/5
f 418/418/5 417/417/5 419/419/5
f 418/418/5 419/419/5 420/420/5
f 419/419/5 421/421/5 420/420/5
f 420/420/5 421/421/5 422/422/5
f 420/420/5 422/422/5 423/423/5
f 423/423/5 422/422/5 424/424/5
f 423/423/5 424/424/5 425/425/5
f 425/425/5 424/424/5 426/426/5
f 425/425/5 426/426/5 115/115/5
f 115/115/5 426/426/5 415/415/5
f 115/115/5 415/415/5 111/111/5
f 111/111/5 415/415/5 414/414/5
f 427/427/9 428/428/9 410/410/9
f 410/410/9 428/428/9 412/412/9
f 429/429/10 427/427/10 410/410/10
f 429/429/10 410/410/10 430/430/10
f 430/430/10 410/410/10 409/409/10
f 430/430/10 409/409/10 431/431/10
f 263/263/11 413/413/11 264/264/11
f 264/264/11 413/413/11 412/412/11
f 264/264/11 412/412/11 428/428/11
f 401/401/12 261/261/12 402/402/12
f 402/402/12 261/261/12 260/260/12
f 402/402/12 260/260/12 432/432/12
f 262/262/13 261/261/13 407/407/13
f 407/407/13 261/261/13 401/401/13
f 263/263/2 262/262/2 413/413/2
f 413/413/2 262/262/2 407/407/2
f 432/432/6 431/431/6 402/402/6
f 402/402/6 431/431/6 409/409/6
f 433/433/4 434/434/4 435/435/4
f 435/435/4 434/434/4 436/436/4
f 437/437/4 438/438/4 439/439/4
f 439/439/4 438/438/4 440/440/4
f 441/441/5 442/442/5 443/443/5
f 443/443/5 442/442/5 444/444/5
f 445/445/5 446/446/5 447/447/5
f 447/447/5 446/446/5 448/448/5
f 449/449/6 450/450/6 440/440/6
f 440/440/6 438/438/6 449/449/6
f 449/449/6 438/438/6 451/451/6
f 449/449/6 451/451/6 452/452/6
f 451/451/6 453/453/6 452/452/6
f 452/452/6 453/453/6 454/454/6
f 452/452/6 454/454/6 455/455/6
f 455/455/6 454/454/6 456/456/6
f 455/455/6 456/456/6 457/457/6
f 457/457/6 456/456/6 458/458/6
f 457/457/6 458/458/6 450/450/6
f 450/450/6 458/458/6 459/459/6
f 450/450/6 459/459/6 440/440/6
f 460/460/6 434/434/6 461/461/6
f 461/461/6 434/434/6 462/462/6
f 461/461/6 462/462/6 463/463/6
f 462/462/6 464/464/6 463/463/6
f 463/463/6 464/464/6 465/465/6
f 463/463/6 465/465/6 466/466/6
f 465/465/6 467/467/6 466/466/6
f 466/466/6 467/467/6 468/468/6
f 466/466/6 468/468/6 469/469/6
f 469/469/6 468/468/6 470/470/6
f 469/469/6 470/470/6 460/460/6
f 460/460/6 470/470/6 436/436/6
f 460/460/6 436/436/6 434/434/6
f 429/429/5 430/430/5 471/471/5
f 472/472/6 473/473/6 474/474/6
f 474/474/6 473/473/6 475/475/6
f 476/476/6 477/477/6 478/478/6
f 478/478/6 477/477/6 479/479/6
f 479/479/6 477/477/6 480/480/6
f 480/480/6 477/477/6 481/481/6
f 480/480/6 481/481/6 482/482/6
f 482/482/6 481/481/6 483/483/6
f 482/482/6 483/483/6 484/484/6
f 483/483/6 474/474/6 484/484/6
f 484/484/6 474/474/6 475/475/6
f 484/484/6 475/475/6 478/478/6
f 478/478/6 475/475/6 485/485/6
f 478/478/6 485/485/6 476/476/6
f 476/476/6 485/485/6 486/486/6
f 476/476/6 486/486/6 472/472/6
f 472/472/6 486/486/6 487/487/6
f 472/472/6 487/487/6 473/473/6
f 258/258/14 253/253/14 259/259/14
f 259/259/14 253/253/14 254/254/14
f 259/259/14 254/254/14 483/483/14
f 483/483/14 254/254/14 474/474/14
f 488/488/15 489/489/15 476/476/15
f 476/476/15 489/489/15 490/490/15
f 476/476/15 490/490/15 477/477/15
f 476/476/15 491/491/15 488/488/15
f 488/488/16 491/491/16 492/492/16
f 488/488/15 492/492/15 490/490/15
f 490/490/15 492/492/15 493/493/15
f 490/490/15 493/493/15 477/477/15
f 477/477/15 493/493/15 494/494/15
f 477/477/15 494/494/15 495/495/15
f 495/495/15 494/494/15 496/496/15
f 495/495/15 496/496/15 491/491/15
f 491/491/15 496/496/15 497/497/15
f 491/491/15 497/497/15 492/492/15
f 498/498/6 499/499/6 500/500/6
f 500/500/6 499/499/6 501/501/6
f 502/502/2 503/503/2 250/250/2
f 250/250/2 503/503/2 256/256/2
f 503/503/13 504/504/13 256/256/13
f 256/256/13 504/504/13 251/251/13
f 251/251/12 504/504/12 252/252/12
f 252/252/12 504/504/12 498/498/12
f 252/252/12 498/498/12 500/500/12
f 502/502/11 250/250/11 505/505/11
f 505/505/11 250/250/11 249/249/11
f 505/505/11 249/249/11 506/506/11
f 507/507/10 508/508/10 509/509/10
f 507/507/10 509/509/10 499/499/10
f 499/499/10 509/509/10 510/510/10
f 499/499/10 510/510/10 501/501/10
f 507/507/9 505/505/9 508/508/9
f 508/508/9 505/505/9 506/506/9
f 511/511/17 512/512/17 513/513/17
f 513/513/17 512/512/17 514/514/17
f 513/513/17 514/514/17 515/515/17
f 515/515/18 514/514/18 516/516/18
f 515/515/18 516/516/18 517/517/18
f 516/516/17 518/518/17 517/517/17
f 517/517/19 518/518/19 519/519/19
f 517/517/17 519/519/17 520/520/17
f 520/520/17 519/519/17 521/521/17
f 520/520/20 521/521/20 522/522/20
f 522/522/18 521/521/18 523/523/18
f 522/522/17 523/523/17 524/524/17
f 524/524/18 523/523/18 525/525/18
f 524/524/17 525/525/17 526/526/17
f 526/526/20 525/525/20 527/527/20
f 526/526/20 527/527/20 528/528/20
f 528/528/17 527/527/17 529/529/17
f 528/528/17 529/529/17 530/530/17
f 530/530/17 529/529/17 531/531/17
f 530/530/20 531/531/20 532/532/20
f 532/532/17 531/531/17 533/533/17
f 532/532/17 533/533/17 534/534/17
f 534/534/17 533/533/17 535/535/17
f 534/534/17 535/535/17 536/536/17
f 536/536/20 535/535/20 537/537/20
f 536/536/17 537/537/17 538/538/17
f 539/539/21 536/536/21 538/538/21
f 539/539/22 538/538/22 540/540/22
f 540/540/23 538/538/23 541/541/23
f 540/540/21 541/541/21 542/542/21
f 543/543/21 544/544/21 545/545/21
f 545/545/21 544/544/21 546/546/21
f 543/543/24 545/545/24 547/547/24
f 547/547/25 545/545/25 548/548/25
f 547/547/21 548/548/21 549/549/21
f 549/549/24 548/548/24 550/550/24
f 549/549/21 550/550/21 551/551/21
f 551/551/23 550/550/23 552/552/23
f 551/551/22 552/552/22 553/553/22
f 553/553/22 552/552/22 554/554/22
f 553/553/23 554/554/23 555/555/23
f 555/555/23 554/554/23 556/556/23
f 555/555/21 556/556/21 557/557/21
f 542/542/24 541/541/24 558/558/24
f 558/558/21 541/541/21 559/559/21
f 558/558/21 559/559/21 560/560/21
f 560/560/23 559/559/23 561/561/23
f 560/560/23 561/561/23 562/562/23
f 562/562/21 561/561/21 563/563/21
f 562/562/21 563/563/21 564/564/21
f 564/564/23 563/563/23 565/565/23
f 564/564/25 565/565/25 566/566/25
f 566/566/23 565/565/23 567/567/23
f 566/566/23 567/567/23 556/556/23
f 556/556/23 567/567/23 568/568/23
f 556/556/23 568/568/23 557/557/23
f 546/546/26 544/544/26 569/569/26
f 569/569/27 544/544/27 570/570/27
f 569/569/27 570/570/27 571/571/27
f 571/571/28 570/570/28 572/572/28
f 571/571/29 572/572/29 573/573/29
f 574/574/30 575/575/30 576/576/30
f 576/576/31 575/575/31 577/577/31
f 578/578/32 579/579/32 580/580/32
f 580/580/32 579/579/32 581/581/32
f 580/580/33 581/581/33 582/582/33
f 582/582/33 581/581/33 583/583/33
f 582/582/33 583/583/33 584/584/33
f 584/584/34 583/583/34 585/585/34
f 584/584/30 585/585/30 586/586/30
f 586/586/33 585/585/33 571/571/33
f 586/586/33 571/571/33 573/573/33
f 574/574/35 576/576/35 587/587/35
f 587/587/36 576/576/36 588/588/36
f 587/587/33 588/588/33 589/589/33
f 589/589/32 588/588/32 590/590/32
f 589/589/31 590/590/31 591/591/31
f 591/591/34 590/590/34 592/592/34
f 591/591/32 592/592/32 593/593/32
f 593/593/34 592/592/34 594/594/34
f 593/593/30 594/594/30 595/595/30
f 595/595/37 594/594/37 596/596/37
f 595/595/30 596/596/30 597/597/30
f 597/597/33 596/596/33 598/598/33
f 597/597/32 598/598/32 578/578/32
f 578/578/33 598/598/33 599/599/33
f 578/578/37 599/599/37 579/579/37
f 577/577/38 575/575/38 600/600/38
f 600/600/38 575/575/38 601/601/38
f 600/600/39 601/601/39 602/602/39
f 602/602/40 601/601/40 603/603/40
f 602/602/41 603/603/41 604/604/41
f 604/604/38 603/603/38 605/605/38
f 604/604/38 605/605/38 606/606/38
f 607/607/42 608/608/42 609/609/42
f 609/609/43 608/608/43 610/610/43
f 609/609/43 610/610/43 611/611/43
f 611/611/43 610/610/43 612/612/43
f 613/613/42 614/614/42 615/615/42
f 615/615/43 614/614/43 616/616/43
f 616/616/44 614/614/44 604/604/44
f 616/616/45 604/604/45 606/606/45
f 615/615/42 617/617/42 613/613/42
f 613/613/42 617/617/42 618/618/42
f 613/613/43 618/618/43 619/619/43
f 619/619/43 618/618/43 620/620/43
f 619/619/46 620/620/46 621/621/46
f 621/621/46 620/620/46 622/622/46
f 621/621/47 622/622/47 623/623/47
f 623/623/42 622/622/42 624/624/42
f 623/623/47 624/624/47 625/625/47
f 625/625/48 624/624/48 626/626/48
f 625/625/44 626/626/44 627/627/44
f 627/627/43 626/626/43 628/628/43
f 627/627/42 628/628/42 629/629/42
f 629/629/43 628/628/43 630/630/43
f 629/629/42 630/630/42 631/631/42
f 631/631/49 630/630/49 632/632/49
f 631/631/43 632/632/43 633/633/43
f 633/633/47 632/632/47 634/634/47
f 633/633/47 634/634/47 607/607/47
f 607/607/42 634/634/42 635/635/42
f 607/607/45 635/635/45 608/608/45
f 611/611/5 612/612/5 636/636/5
f 636/636/5 612/612/5 637/637/5
f 636/636/5 637/637/5 638/638/5
f 639/639/5 640/640/5 641/641/5
f 641/641/5 640/640/5 642/642/5
f 641/641/5 642/642/5 643/643/5
f 643/643/5 642/642/5 644/644/5
f 637/637/5 645/645/5 638/638/5
f 638/638/5 645/645/5 646/646/5
f 638/638/5 646/646/5 647/647/5
f 647/647/5 646/646/5 648/648/5
f 647/647/5 648/648/5 649/649/5
f 649/649/5 648/648/5 650/650/5
f 649/649/5 650/650/5 651/651/5
f 651/651/5 650/650/5 652/652/5
f 651/651/5 652/652/5 653/653/5
f 653/653/5 652/652/5 654/654/5
f 653/653/5 654/654/5 655/655/5
f 655/655/5 654/654/5 656/656/5
f 655/655/5 656/656/5 657/657/5
f 657/657/5 656/656/5 658/658/5
f 657/657/5 658/658/5 659/659/5
f 659/659/5 658/658/5 660/660/5
f 659/659/5 660/660/5 661/661/5
f 661/661/5 660/660/5 662/662/5
f 661/661/5 662/662/5 663/663/5
f 663/663/5 662/662/5 664/664/5
f 663/663/5 664/664/5 639/639/5
f 639/639/5 664/664/5 665/665/5
f 639/639/5 665/665/5 640/640/5
f 666/666/29 643/643/29 644/644/29
f 512/512/29 511/511/29 667/667/29
f 667/667/29 511/511/29 668/668/29
f 669/669/28 670/670/28 671/671/28
f 670/670/28 669/669/28 668/668/28
f 668/668/29 669/669/29 672/672/29
f 668/668/50 672/672/50 667/667/50
f 666/666/29 644/644/29 673/673/29
f 673/673/27 644/644/27 674/674/27
f 673/673/29 674/674/29 675/675/29
f 676/676/29 677/677/29 678/678/29
f 678/678/27 677/677/27 679/679/27
f 678/678/29 679/679/29 671/671/29
f 671/671/29 679/679/29 680/680/29
f 671/671/26 680/680/26 669/669/26
f 674/674/51 681/681/51 675/675/51
f 675/675/28 681/681/28 682/682/28
f 675/675/29 682/682/29 683/683/29
f 683/683/29 682/682/29 684/684/29
f 683/683/27 684/684/27 685/685/27
f 685/685/28 684/684/28 686/686/28
f 685/685/28 686/686/28 687/687/28
f 687/687/29 686/686/29 688/688/29
f 687/687/29 688/688/29 676/676/29
f 676/676/29 688/688/29 689/689/29
f 676/676/29 689/689/29 677/677/29
f 690/690/52 691/691/52 692/692/52
f 692/692/53 691/691/53 693/693/53
f 692/692/52 693/693/52 694/694/52
f 695/695/54 696/696/54 697/697/54
f 697/697/55 696/696/55 698/698/55
f 691/691/54 690/690/54 699/699/54
f 699/699/54 690/690/54 700/700/54
f 699/699/54 700/700/54 701/701/54
f 701/701/56 700/700/56 702/702/56
f 701/701/55 702/702/55 703/703/55
f 703/703/57 702/702/57 704/704/57
f 703/703/57 704/704/57 705/705/57
f 705/705/58 704/704/58 698/698/58
f 698/698/59 704/704/59 706/706/59
f 698/698/60 706/706/60 697/697/60
f 696/696/61 695/695/61 707/707/61
f 707/707/62 695/695/62 708/708/62
f 707/707/61 708/708/61 709/709/61
f 709/709/63 708/708/63 710/710/63
f 709/709/64 710/710/64 711/711/64
f 711/711/61 710/710/61 712/712/61
f 711/711/65 712/712/65 713/713/65
f 713/713/66 712/712/66 714/714/66
f 713/713/67 714/714/67 715/715/67
f 715/715/68 714/714/68 716/716/68
f 715/715/66 716/716/66 693/693/66
f 693/693/61 716/716/61 694/694/61
f 717/717/69 718/718/69 719/719/69
f 720/720/69 721/721/69 722/722/69
f 722/722/69 721/721/69 723/723/69
f 719/719/69 718/718/69 724/724/69
f 724/724/69 718/718/69 725/725/69
f 724/724/69 725/725/69 726/726/69
f 719/719/70 727/727/70 717/717/70
f 717/717/69 727/727/69 728/728/69
f 717/717/69 728/728/69 729/729/69
f 729/729/69 728/728/69 730/730/69
f 729/729/69 730/730/69 723/723/69
f 723/723/69 730/730/69 731/731/69
f 723/723/69 731/731/69 722/722/69
f 732/732/71 733/733/71 734/734/71
f 734/734/72 733/733/72 735/735/72
f 734/734/73 735/735/73 736/736/73
f 737/737/71 738/738/71 739/739/71
f 739/739/74 738/738/74 740/740/74
f 739/739/71 740/740/71 741/741/71
f 741/741/71 740/740/71 742/742/71
f 741/741/71 742/742/71 732/732/71
f 732/732/71 742/742/71 743/743/71
f 732/732/71 743/743/71 733/733/71
f 744/744/71 745/745/71 720/720/71
f 720/720/71 745/745/71 746/746/71
f 720/720/71 746/746/71 721/721/71
f 747/747/71 748/748/71 749/749/71
f 749/749/73 748/748/73 750/750/73
f 749/749/71 750/750/71 737/737/71
f 737/737/71 750/750/71 751/751/71
f 737/737/71 751/751/71 738/738/71
f 749/749/71 752/752/71 747/747/71
f 747/747/73 752/752/73 745/745/73
f 747/747/71 745/745/71 753/753/71
f 753/753/71 745/745/71 744/744/71
f 754/754/75 755/755/75 756/756/75
f 756/756/75 755/755/75 757/757/75
f 756/756/76 757/757/76 758/758/76
f 734/734/75 736/736/75 759/759/75
f 759/759/75 736/736/75 760/760/75
f 759/759/75 760/760/75 761/761/75
f 761/761/75 760/760/75 762/762/75
f 760/760/75 763/763/75 762/762/75
f 762/762/75 763/763/75 764/764/75
f 762/762/77 764/764/77 765/765/77
f 765/765/75 764/764/75 766/766/75
f 764/764/75 767/767/75 766/766/75
f 766/766/75 767/767/75 768/768/75
f 766/766/75 768/768/75 769/769/75
f 769/769/75 768/768/75 770/770/75
f 769/769/75 770/770/75 771/771/75
f 771/771/75 770/770/75 772/772/75
f 771/771/75 772/772/75 773/773/75
f 773/773/75 772/772/75 774/774/75
f 773/773/75 774/774/75 775/775/75
f 775/775/75 774/774/75 776/776/75
f 775/775/75 776/776/75 777/777/75
f 777/777/75 776/776/75 778/778/75
f 777/777/75 778/778/75 779/779/75
f 779/779/75 778/778/75 780/780/75
f 779/779/75 780/780/75 781/781/75
f 781/781/75 780/780/75 782/782/75
f 781/781/75 782/782/75 754/754/75
f 754/754/75 782/782/75 783/783/75
f 754/754/75 783/783/75 755/755/75
f 784/784/78 785/785/78 786/786/78
f 786/786/78 785/785/78 787/787/78
f 786/786/78 787/787/78 788/788/78
f 788/788/78 787/787/78 789/789/78
f 789/789/78 787/787/78 790/790/78
f 789/789/78 790/790/78 791/791/78
f 791/791/78 790/790/78 792/792/78
f 791/791/78 792/792/78 793/793/78
f 756/756/78 758/758/78 794/794/78
f 794/794/78 758/758/78 795/795/78
f 794/794/78 795/795/78 796/796/78
f 796/796/78 795/795/78 797/797/78
f 797/797/78 795/795/78 798/798/78
f 797/797/78 798/798/78 799/799/78
f 799/799/78 798/798/78 800/800/78
f 799/799/78 800/800/78 801/801/78
f 801/801/78 800/800/78 802/802/78
f 801/801/78 802/802/78 803/803/78
f 803/803/78 802/802/78 804/804/78
f 803/803/78 804/804/78 805/805/78
f 793/793/78 792/792/78 806/806/78
f 806/806/78 792/792/78 807/807/78
f 806/806/78 807/807/78 808/808/78
f 808/808/78 807/807/78 809/809/78
f 808/808/78 809/809/78 810/810/78
f 810/810/78 809/809/78 811/811/78
f 810/810/78 811/811/78 812/812/78
f 812/812/78 811/811/78 805/805/78
f 805/805/78 811/811/78 813/813/78
f 805/805/78 813/813/78 803/803/78
f 814/814/79 815/815/79 816/816/79
f 816/816/79 815/815/79 817/817/79
f 818/818/80 819/819/80 820/820/80
f 820/820/80 819/819/80 821/821/80
f 820/820/81 821/821/81 822/822/81
f 822/822/82 821/821/82 823/823/82
f 822/822/83 823/823/83 824/824/83
f 824/824/84 823/823/84 825/825/84
f 824/824/85 825/825/85 826/826/85
f 826/826/86 825/825/86 827/827/86
f 826/826/87 827/827/87 814/814/87
f 814/814/88 827/827/88 828/828/88
f 814/814/88 828/828/88 815/815/88
f 820/820/89 829/829/89 818/818/89
f 818/818/89 829/829/89 830/830/89
f 818/818/90 830/830/90 831/831/90
f 831/831/91 830/830/91 832/832/91
f 830/830/92 833/833/92 832/832/92
f 832/832/92 833/833/92 834/834/92
f 832/832/93 834/834/93 835/835/93
f 835/835/94 834/834/94 836/836/94
f 835/835/95 836/836/95 837/837/95
f 837/837/96 836/836/96 838/838/96
f 837/837/97 838/838/97 839/839/97
f 839/839/98 838/838/98 840/840/98
f 839/839/99 840/840/99 841/841/99
f 841/841/99 840/840/99 842/842/99
f 785/785/100 784/784/100 843/843/100
f 843/843/101 784/784/101 842/842/101
f 843/843/102 842/842/102 844/844/102
f 844/844/102 842/842/102 840/840/102
f 845/845/103 846/846/103 847/847/103
f 847/847/103 846/846/103 848/848/103
f 847/847/103 848/848/103 849/849/103
f 850/850/103 851/851/103 852/852/103
f 849/849/103 848/848/103 853/853/103
f 853/853/103 848/848/103 854/854/103
f 853/853/103 854/854/103 855/855/103
f 855/855/103 854/854/103 856/856/103
f 855/855/103 856/856/103 857/857/103
f 858/858/104 859/859/104 860/860/104
f 850/850/103 852/852/103 861/861/103
f 861/861/103 852/852/103 862/862/103
f 861/861/103 862/862/103 863/863/103
f 859/859/103 858/858/103 864/864/103
f 864/864/103 858/858/103 865/865/103
f 864/864/103 865/865/103 862/862/103
f 862/862/103 865/865/103 866/866/103
f 862/862/103 866/866/103 863/863/103
f 857/857/103 856/856/103 860/860/103
f 860/860/103 856/856/103 867/867/103
f 860/860/103 867/867/103 858/858/103
f 499/499/5 498/498/5 868/868/5
f 868/868/5 498/498/5 504/504/5
f 868/868/5 504/504/5 869/869/5
f 869/869/5 504/504/5 503/503/5
f 870/870/5 871/871/5 502/502/5
f 502/502/5 505/505/5 870/870/5
f 870/870/5 505/505/5 507/507/5
f 870/870/5 507/507/5 872/872/5
f 872/872/5 507/507/5 499/499/5
f 872/872/5 499/499/5 873/873/5
f 873/873/5 499/499/5 868/868/5
f 873/873/105 868/868/105 874/874/105
f 874/874/5 868/868/5 875/875/5
f 876/876/5 877/877/5 726/726/5
f 726/726/5 878/878/5 876/876/5
f 876/876/5 878/878/5 879/879/5
f 876/876/5 879/879/5 880/880/5
f 880/880/5 879/879/5 881/881/5
f 880/880/5 881/881/5 882/882/5
f 882/882/5 881/881/5 883/883/5
f 882/882/5 883/883/5 884/884/5
f 884/884/5 883/883/5 869/869/5
f 884/884/5 869/869/5 871/871/5
f 871/871/5 869/869/5 503/503/5
f 871/871/5 503/503/5 502/502/5
f 885/885/106 886/886/106 887/887/106
f 887/887/106 886/886/106 874/874/106
f 887/887/106 874/874/106 888/888/106
f 888/888/106 874/874/106 875/875/106
f 885/885/106 889/889/106 886/886/106
f 886/886/106 889/889/106 890/890/106
f 886/886/106 890/890/106 891/891/106
f 891/891/106 890/890/106 892/892/106
f 891/891/106 892/892/106 893/893/106
f 892/892/106 894/894/106 893/893/106
f 893/893/106 894/894/106 895/895/106
f 893/893/106 895/895/106 896/896/106
f 896/896/106 895/895/106 897/897/106
f 896/896/106 897/897/106 898/898/106
f 898/898/106 897/897/106 899/899/106
f 898/898/106 899/899/106 900/900/106
f 900/900/106 899/899/106 901/901/106
f 900/900/106 901/901/106 902/902/106
f 902/902/107 901/901/107 903/903/107
f 903/903/106 901/901/106 904/904/106
f 903/903/106 904/904/106 905/905/106
f 906/906/108 907/907/108 908/908/108
f 909/909/109 910/910/109 911/911/109
f 912/912/110 913/913/110 914/914/110
f 915/915/111 916/916/111 917/917/111
f 918/918/112 919/919/112 920/920/112
f 921/921/113 922/922/113 923/923/113
f 697/697/114 706/706/114 924/924/114
f 574/574/115 587/587/115 912/912/115
f 580/580/116 925/925/116 926/926/116
f 555/555/117 927/927/117 553/553/117
f 568/568/118 567/567/118 910/910/118
f 559/559/119 541/541/119 928/928/119
f 857/857/120 860/860/120 929/929/120
f 718/718/121 717/717/121 930/930/121
f 729/729/122 723/723/122 931/931/122
f 811/811/123 809/809/123 932/932/123
f 672/672/124 817/817/124 667/667/124
f 667/667/125 817/817/125 933/933/125
f 667/667/126 933/933/126 512/512/126
f 512/512/127 933/933/127 934/934/127
f 512/512/128 934/934/128 847/847/128
f 847/847/129 934/934/129 845/845/129
f 820/820/130 822/822/130 679/679/130
f 679/679/130 822/822/130 824/824/130
f 679/679/131 824/824/131 680/680/131
f 680/680/132 824/824/132 826/826/132
f 680/680/133 826/826/133 669/669/133
f 669/669/134 826/826/134 814/814/134
f 669/669/135 814/814/135 672/672/135
f 672/672/136 814/814/136 816/816/136
f 672/672/136 816/816/136 817/817/136
f 679/679/137 677/677/137 820/820/137
f 820/820/138 677/677/138 689/689/138
f 820/820/139 689/689/139 829/829/139
f 829/829/140 689/689/140 935/935/140
f 829/829/141 935/935/141 830/830/141
f 830/830/142 935/935/142 936/936/142
f 830/830/143 936/936/143 833/833/143
f 833/833/143 936/936/143 834/834/143
f 834/834/144 936/936/144 682/682/144
f 834/834/145 682/682/145 836/836/145
f 836/836/146 682/682/146 681/681/146
f 836/836/147 681/681/147 838/838/147
f 838/838/148 681/681/148 674/674/148
f 838/838/149 674/674/149 840/840/149
f 840/840/150 674/674/150 644/644/150
f 840/840/151 644/644/151 844/844/151
f 844/844/152 644/644/152 642/642/152
f 844/844/153 642/642/153 843/843/153
f 843/843/154 642/642/154 640/640/154
f 843/843/155 640/640/155 785/785/155
f 785/785/156 640/640/156 937/937/156
f 785/785/157 937/937/157 787/787/157
f 787/787/158 937/937/158 790/790/158
f 790/790/159 937/937/159 938/938/159
f 790/790/160 938/938/160 792/792/160
f 792/792/161 938/938/161 939/939/161
f 792/792/162 939/939/162 807/807/162
f 811/811/163 932/932/163 813/813/163
f 813/813/164 932/932/164 940/940/164
f 813/813/165 940/940/165 803/803/165
f 803/803/166 940/940/166 941/941/166
f 803/803/167 941/941/167 801/801/167
f 801/801/168 941/941/168 646/646/168
f 801/801/169 646/646/169 799/799/169
f 799/799/170 646/646/170 645/645/170
f 799/799/171 645/645/171 797/797/171
f 797/797/172 645/645/172 637/637/172
f 797/797/173 637/637/173 796/796/173
f 796/796/174 637/637/174 612/612/174
f 796/796/175 612/612/175 794/794/175
f 794/794/176 612/612/176 610/610/176
f 794/794/177 610/610/177 756/756/177
f 756/756/178 610/610/178 608/608/178
f 756/756/179 608/608/179 754/754/179
f 942/942/180 779/779/180 634/634/180
f 634/634/181 779/779/181 781/781/181
f 754/754/179 608/608/179 781/781/179
f 781/781/182 608/608/182 635/635/182
f 781/781/183 635/635/183 634/634/183
f 769/769/184 771/771/184 943/943/184
f 943/943/184 771/771/184 773/773/184
f 943/943/185 773/773/185 944/944/185
f 944/944/186 773/773/186 775/775/186
f 944/944/187 775/775/187 942/942/187
f 942/942/188 775/775/188 777/777/188
f 942/942/189 777/777/189 779/779/189
f 769/769/190 945/945/190 766/766/190
f 766/766/191 945/945/191 946/946/191
f 766/766/192 946/946/192 765/765/192
f 765/765/193 946/946/193 762/762/193
f 762/762/194 946/946/194 615/615/194
f 762/762/195 615/615/195 761/761/195
f 761/761/196 615/615/196 616/616/196
f 761/761/197 616/616/197 759/759/197
f 759/759/198 616/616/198 606/606/198
f 759/759/199 606/606/199 734/734/199
f 605/605/200 947/947/200 606/606/200
f 606/606/201 947/947/201 732/732/201
f 606/606/202 732/732/202 734/734/202
f 948/948/203 737/737/203 949/949/203
f 949/949/204 737/737/204 739/739/204
f 949/949/205 739/739/205 947/947/205
f 947/947/206 739/739/206 741/741/206
f 947/947/207 741/741/207 732/732/207
f 721/721/208 746/746/208 921/921/208
f 921/921/208 746/746/208 745/745/208
f 921/921/209 745/745/209 922/922/209
f 922/922/210 745/745/210 752/752/210
f 922/922/211 752/752/211 948/948/211
f 948/948/212 752/752/212 749/749/212
f 948/948/212 749/749/212 737/737/212
f 729/729/213 931/931/213 717/717/213
f 718/718/214 930/930/214 725/725/214
f 878/878/215 726/726/215 725/725/215
f 725/725/216 950/950/216 878/878/216
f 878/878/217 950/950/217 951/951/217
f 878/878/217 951/951/217 879/879/217
f 879/879/218 951/951/218 952/952/218
f 879/879/218 952/952/218 881/881/218
f 881/881/219 952/952/219 953/953/219
f 881/881/219 953/953/219 883/883/219
f 883/883/220 953/953/220 954/954/220
f 883/883/220 954/954/220 869/869/220
f 955/955/221 956/956/221 957/957/221
f 904/904/222 958/958/222 905/905/222
f 905/905/223 958/958/223 959/959/223
f 960/960/224 852/852/224 961/961/224
f 961/961/225 852/852/225 962/962/225
f 961/961/226 962/962/226 955/955/226
f 955/955/227 962/962/227 963/963/227
f 955/955/221 963/963/221 956/956/221
f 860/860/120 859/859/120 929/929/120
f 929/929/228 859/859/228 864/864/228
f 929/929/229 864/864/229 960/960/229
f 960/960/230 864/864/230 862/862/230
f 960/960/231 862/862/231 852/852/231
f 559/559/232 928/928/232 561/561/232
f 964/964/233 565/565/233 563/563/233
f 965/965/234 927/927/234 909/909/234
f 909/909/117 927/927/117 555/555/117
f 909/909/235 555/555/235 910/910/235
f 910/910/236 555/555/236 557/557/236
f 910/910/118 557/557/118 568/568/118
f 553/553/117 927/927/117 551/551/117
f 551/551/237 927/927/237 965/965/237
f 551/551/238 965/965/238 549/549/238
f 549/549/239 965/965/239 966/966/239
f 549/549/240 966/966/240 547/547/240
f 547/547/240 966/966/240 543/543/240
f 543/543/241 966/966/241 570/570/241
f 543/543/242 570/570/242 544/544/242
f 586/586/243 573/573/243 967/967/243
f 580/580/244 582/582/244 968/968/244
f 580/580/245 926/926/245 578/578/245
f 578/578/246 926/926/246 969/969/246
f 578/578/247 969/969/247 597/597/247
f 597/597/247 969/969/247 595/595/247
f 595/595/248 969/969/248 970/970/248
f 595/595/249 970/970/249 593/593/249
f 913/913/250 591/591/250 593/593/250
f 912/912/251 587/587/251 913/913/251
f 913/913/252 587/587/252 589/589/252
f 913/913/250 589/589/250 591/591/250
f 692/692/253 601/601/253 690/690/253
f 690/690/254 601/601/254 919/919/254
f 690/690/255 919/919/255 700/700/255
f 700/700/256 919/919/256 918/918/256
f 700/700/257 918/918/257 702/702/257
f 622/622/258 620/620/258 945/945/258
f 945/945/259 620/620/259 618/618/259
f 945/945/260 618/618/260 946/946/260
f 946/946/261 618/618/261 617/617/261
f 946/946/262 617/617/262 615/615/262
f 769/769/263 943/943/263 945/945/263
f 945/945/264 943/943/264 624/624/264
f 945/945/265 624/624/265 622/622/265
f 634/634/266 632/632/266 942/942/266
f 942/942/266 632/632/266 630/630/266
f 942/942/267 630/630/267 944/944/267
f 944/944/268 630/630/268 628/628/268
f 944/944/269 628/628/269 943/943/269
f 943/943/270 628/628/270 626/626/270
f 943/943/271 626/626/271 624/624/271
f 656/656/272 654/654/272 932/932/272
f 932/932/272 654/654/272 652/652/272
f 932/932/273 652/652/273 940/940/273
f 940/940/274 652/652/274 650/650/274
f 940/940/275 650/650/275 941/941/275
f 941/941/276 650/650/276 648/648/276
f 941/941/276 648/648/276 646/646/276
f 658/658/277 656/656/277 939/939/277
f 939/939/278 656/656/278 932/932/278
f 939/939/279 932/932/279 807/807/279
f 807/807/123 932/932/123 809/809/123
f 640/640/280 665/665/280 937/937/280
f 937/937/280 665/665/280 664/664/280
f 937/937/281 664/664/281 938/938/281
f 938/938/282 664/664/282 662/662/282
f 938/938/283 662/662/283 939/939/283
f 939/939/284 662/662/284 660/660/284
f 939/939/277 660/660/277 658/658/277
f 689/689/285 688/688/285 935/935/285
f 935/935/285 688/688/285 686/686/285
f 935/935/286 686/686/286 936/936/286
f 936/936/287 686/686/287 684/684/287
f 936/936/287 684/684/287 682/682/287
f 847/847/288 849/849/288 512/512/288
f 512/512/289 849/849/289 853/853/289
f 512/512/290 853/853/290 514/514/290
f 514/514/291 853/853/291 971/971/291
f 514/514/292 971/971/292 516/516/292
f 516/516/293 971/971/293 518/518/293
f 853/853/294 855/855/294 971/971/294
f 971/971/295 855/855/295 857/857/295
f 971/971/296 857/857/296 518/518/296
f 518/518/297 857/857/297 929/929/297
f 518/518/298 929/929/298 519/519/298
f 519/519/298 929/929/298 521/521/298
f 529/529/299 527/527/299 972/972/299
f 972/972/300 527/527/300 525/525/300
f 972/972/300 525/525/300 523/523/300
f 538/538/301 537/537/301 915/915/301
f 915/915/301 537/537/301 535/535/301
f 915/915/302 535/535/302 916/916/302
f 916/916/303 535/535/303 533/533/303
f 916/916/303 533/533/303 531/531/303
f 697/697/304 924/924/304 695/695/304
f 714/714/305 949/949/305 716/716/305
f 716/716/306 949/949/306 947/947/306
f 716/716/307 947/947/307 694/694/307
f 694/694/308 947/947/308 605/605/308
f 694/694/309 605/605/309 692/692/309
f 692/692/310 605/605/310 603/603/310
f 692/692/311 603/603/311 601/601/311
f 973/973/312 974/974/312 975/975/312
f 976/976/313 977/977/313 978/978/313
f 979/979/314 917/917/314 980/980/314
f 980/980/315 917/917/315 916/916/315
f 980/980/315 916/916/315 981/981/315
f 981/981/316 916/916/316 531/531/316
f 981/981/317 531/531/317 529/529/317
f 982/982/318 974/974/318 983/983/318
f 983/983/318 974/974/318 973/973/318
f 983/983/319 973/973/319 984/984/319
f 985/985/320 986/986/320 987/987/320
f 987/987/321 986/986/321 984/984/321
f 987/987/322 984/984/322 988/988/322
f 988/988/319 984/984/319 973/973/319
f 988/988/323 973/973/323 989/989/323
f 989/989/312 973/973/312 975/975/312
f 989/989/324 975/975/324 931/931/324
f 714/714/325 712/712/325 949/949/325
f 949/949/325 712/712/325 710/710/325
f 949/949/326 710/710/326 948/948/326
f 948/948/327 710/710/327 708/708/327
f 948/948/328 708/708/328 922/922/328
f 922/922/329 708/708/329 695/695/329
f 922/922/330 695/695/330 923/923/330
f 923/923/331 695/695/331 924/924/331
f 923/923/332 924/924/332 990/990/332
f 990/990/333 924/924/333 991/991/333
f 990/990/334 991/991/334 992/992/334
f 992/992/335 991/991/335 993/993/335
f 706/706/114 704/704/114 924/924/114
f 924/924/336 704/704/336 994/994/336
f 924/924/333 994/994/333 991/991/333
f 991/991/337 994/994/337 995/995/337
f 991/991/335 995/995/335 993/993/335
f 993/993/338 995/995/338 996/996/338
f 704/704/339 702/702/339 994/994/339
f 994/994/340 702/702/340 918/918/340
f 994/994/337 918/918/337 995/995/337
f 995/995/112 918/918/112 920/920/112
f 995/995/338 920/920/338 996/996/338
f 996/996/341 920/920/341 997/997/341
f 996/996/342 997/997/342 998/998/342
f 998/998/343 997/997/343 999/999/343
f 925/925/344 907/907/344 926/926/344
f 926/926/344 907/907/344 906/906/344
f 926/926/345 906/906/345 969/969/345
f 969/969/345 906/906/345 1000/1000/345
f 969/969/346 1000/1000/346 970/970/346
f 970/970/346 1000/1000/346 1001/1001/346
f 1002/1002/347 968/968/347 1003/1003/347
f 1003/1003/347 968/968/347 1004/1004/347
f 1003/1003/348 1004/1004/348 1005/1005/348
f 582/582/349 584/584/349 968/968/349
f 968/968/349 584/584/349 586/586/349
f 968/968/350 586/586/350 1004/1004/350
f 1004/1004/351 586/586/351 967/967/351
f 1004/1004/348 967/967/348 1005/1005/348
f 1005/1005/352 967/967/352 1006/1006/352
f 1005/1005/353 1006/1006/353 1007/1007/353
f 1007/1007/354 1006/1006/354 1008/1008/354
f 1009/1009/355 977/977/355 1010/1010/355
f 1010/1010/355 977/977/355 976/976/355
f 1010/1010/356 976/976/356 1011/1011/356
f 563/563/357 561/561/357 978/978/357
f 978/978/358 561/561/358 928/928/358
f 978/978/313 928/928/313 976/976/313
f 976/976/359 928/928/359 1012/1012/359
f 976/976/356 1012/1012/356 1011/1011/356
f 1011/1011/360 1012/1012/360 1013/1013/360
f 1011/1011/361 1013/1013/361 1014/1014/361
f 1014/1014/362 1013/1013/362 1015/1015/362
f 725/725/363 930/930/363 950/950/363
f 950/950/364 930/930/364 1016/1016/364
f 950/950/364 1016/1016/364 951/951/364
f 951/951/365 1016/1016/365 1017/1017/365
f 951/951/365 1017/1017/365 952/952/365
f 952/952/366 1017/1017/366 1018/1018/366
f 952/952/366 1018/1018/366 953/953/366
f 953/953/367 1018/1018/367 1019/1019/367
f 953/953/367 1019/1019/367 954/954/367
f 717/717/368 931/931/368 930/930/368
f 930/930/369 931/931/369 975/975/369
f 930/930/369 975/975/369 1016/1016/369
f 1016/1016/370 975/975/370 974/974/370
f 1016/1016/370 974/974/370 1017/1017/370
f 1017/1017/371 974/974/371 982/982/371
f 1017/1017/371 982/982/371 1018/1018/371
f 1018/1018/372 982/982/372 1020/1020/372
f 1018/1018/372 1020/1020/372 1019/1019/372
f 986/986/321 1021/1021/321 984/984/321
f 984/984/373 1021/1021/373 1022/1022/373
f 984/984/373 1022/1022/373 983/983/373
f 983/983/373 1022/1022/373 1023/1023/373
f 983/983/374 1023/1023/374 982/982/374
f 982/982/374 1023/1023/374 1024/1024/374
f 982/982/372 1024/1024/372 1020/1020/372
f 723/723/122 721/721/122 931/931/122
f 931/931/375 721/721/375 921/921/375
f 931/931/324 921/921/324 989/989/324
f 989/989/113 921/921/113 923/923/113
f 989/989/323 923/923/323 988/988/323
f 988/988/332 923/923/332 990/990/332
f 988/988/322 990/990/322 987/987/322
f 987/987/334 990/990/334 992/992/334
f 987/987/320 992/992/320 985/985/320
f 998/998/342 1025/1025/342 996/996/342
f 996/996/376 1025/1025/376 1026/1026/376
f 996/996/376 1026/1026/376 993/993/376
f 993/993/376 1026/1026/376 1027/1027/376
f 993/993/377 1027/1027/377 992/992/377
f 992/992/377 1027/1027/377 1028/1028/377
f 992/992/320 1028/1028/320 985/985/320
f 1029/1029/378 999/999/378 914/914/378
f 914/914/378 999/999/378 997/997/378
f 914/914/110 997/997/110 912/912/110
f 912/912/341 997/997/341 920/920/341
f 912/912/379 920/920/379 574/574/379
f 574/574/380 920/920/380 919/919/380
f 574/574/381 919/919/381 575/575/381
f 575/575/382 919/919/382 601/601/382
f 593/593/383 970/970/383 913/913/383
f 913/913/384 970/970/384 1001/1001/384
f 913/913/384 1001/1001/384 914/914/384
f 914/914/385 1001/1001/385 1030/1030/385
f 914/914/385 1030/1030/385 1029/1029/385
f 908/908/108 1031/1031/108 906/906/108
f 906/906/386 1031/1031/386 1032/1032/386
f 906/906/386 1032/1032/386 1000/1000/386
f 1000/1000/386 1032/1032/386 1033/1033/386
f 1000/1000/387 1033/1033/387 1001/1001/387
f 1001/1001/387 1033/1033/387 1034/1034/387
f 1001/1001/385 1034/1034/385 1030/1030/385
f 580/580/388 968/968/388 925/925/388
f 925/925/389 968/968/389 1002/1002/389
f 925/925/389 1002/1002/389 907/907/389
f 907/907/390 1002/1002/390 1035/1035/390
f 907/907/390 1035/1035/390 908/908/390
f 1007/1007/353 1036/1036/353 1005/1005/353
f 1005/1005/391 1036/1036/391 1037/1037/391
f 1005/1005/391 1037/1037/391 1003/1003/391
f 1003/1003/391 1037/1037/391 1038/1038/391
f 1003/1003/392 1038/1038/392 1002/1002/392
f 1002/1002/392 1038/1038/392 1039/1039/392
f 1002/1002/390 1039/1039/390 1035/1035/390
f 1040/1040/354 1008/1008/354 911/911/354
f 911/911/354 1008/1008/354 1006/1006/354
f 911/911/109 1006/1006/109 909/909/109
f 909/909/352 1006/1006/352 967/967/352
f 909/909/393 967/967/393 965/965/393
f 965/965/394 967/967/394 573/573/394
f 965/965/395 573/573/395 966/966/395
f 966/966/396 573/573/396 572/572/396
f 966/966/396 572/572/396 570/570/396
f 565/565/233 964/964/233 567/567/233
f 567/567/397 964/964/397 1041/1041/397
f 567/567/398 1041/1041/398 910/910/398
f 910/910/399 1041/1041/399 1042/1042/399
f 910/910/399 1042/1042/399 911/911/399
f 911/911/400 1042/1042/400 1043/1043/400
f 911/911/400 1043/1043/400 1040/1040/400
f 563/563/401 978/978/401 964/964/401
f 964/964/402 978/978/402 977/977/402
f 964/964/402 977/977/402 1041/1041/402
f 1041/1041/403 977/977/403 1009/1009/403
f 1041/1041/403 1009/1009/403 1042/1042/403
f 1042/1042/404 1009/1009/404 1044/1044/404
f 1042/1042/404 1044/1044/404 1043/1043/404
f 1014/1014/361 1045/1045/361 1011/1011/361
f 1011/1011/405 1045/1045/405 1046/1046/405
f 1011/1011/405 1046/1046/405 1010/1010/405
f 1010/1010/405 1046/1046/405 1047/1047/405
f 1010/1010/406 1047/1047/406 1009/1009/406
f 1009/1009/406 1047/1047/406 1048/1048/406
f 1009/1009/404 1048/1048/404 1044/1044/404
f 1049/1049/362 1015/1015/362 979/979/362
f 979/979/362 1015/1015/362 1013/1013/362
f 979/979/314 1013/1013/314 917/917/314
f 917/917/360 1013/1013/360 1012/1012/360
f 917/917/111 1012/1012/111 915/915/111
f 915/915/359 1012/1012/359 928/928/359
f 915/915/407 928/928/407 538/538/407
f 538/538/119 928/928/119 541/541/119
f 529/529/408 972/972/408 981/981/408
f 981/981/409 972/972/409 1050/1050/409
f 981/981/409 1050/1050/409 980/980/409
f 980/980/410 1050/1050/410 1051/1051/410
f 980/980/410 1051/1051/410 979/979/410
f 979/979/411 1051/1051/411 1052/1052/411
f 979/979/411 1052/1052/411 1049/1049/411
f 1053/1053/412 955/955/412 958/958/412
f 958/958/413 955/955/413 957/957/413
f 958/958/414 957/957/414 959/959/414
f 521/521/415 929/929/415 523/523/415
f 523/523/416 929/929/416 960/960/416
f 523/523/417 960/960/417 972/972/417
f 972/972/418 960/960/418 961/961/418
f 972/972/418 961/961/418 1050/1050/418
f 1050/1050/419 961/961/419 955/955/419
f 1050/1050/419 955/955/419 1051/1051/419
f 1051/1051/412 955/955/412 1053/1053/412
f 1051/1051/412 1053/1053/412 1052/1052/412
f 998/998/420 999/999/420 868/868/420
f 1029/1029/421 1030/1030/421 868/868/421
f 1033/1033/422 1032/1032/422 868/868/422
f 908/908/423 1035/1035/423 868/868/423
f 1038/1038/424 1037/1037/424 868/868/424
f 897/897/425 895/895/425 868/868/425
f 894/894/426 892/892/426 868/868/426
f 890/890/427 889/889/427 868/868/427
f 888/888/428 868/868/428 887/887/428
f 868/868/428 888/888/428 875/875/428
f 885/885/428 887/887/428 868/868/428
f 889/889/427 885/885/427 868/868/427
f 892/892/429 890/890/429 868/868/429
f 895/895/425 894/894/425 868/868/425
f 899/899/430 897/897/430 868/868/430
f 868/868/431 1053/1053/431 958/958/431
f 904/904/432 901/901/432 958/958/432
f 958/958/433 901/901/433 868/868/433
f 899/899/434 868/868/434 901/901/434
f 1052/1052/435 1053/1053/435 868/868/435
f 868/868/436 1015/1015/436 1049/1049/436
f 1014/1014/436 1015/1015/436 868/868/436
f 1049/1049/437 1052/1052/437 868/868/437
f 868/868/438 1046/1046/438 1045/1045/438
f 1047/1047/438 1046/1046/438 868/868/438
f 1045/1045/439 1014/1014/439 868/868/439
f 868/868/440 1044/1044/440 1048/1048/440
f 1043/1043/440 1044/1044/440 868/868/440
f 1048/1048/441 1047/1047/441 868/868/441
f 868/868/442 1008/1008/442 1040/1040/442
f 1007/1007/442 1008/1008/442 868/868/442
f 1040/1040/443 1043/1043/443 868/868/443
f 1036/1036/444 1007/1007/444 868/868/444
f 1037/1037/424 1036/1036/424 868/868/424
f 1039/1039/445 1038/1038/445 868/868/445
f 1035/1035/423 1039/1039/423 868/868/423
f 1031/1031/446 908/908/446 868/868/446
f 1032/1032/422 1031/1031/422 868/868/422
f 1034/1034/447 1033/1033/447 868/868/447
f 1030/1030/421 1034/1034/421 868/868/421
f 999/999/420 1029/1029/420 868/868/420
f 868/868/448 1026/1026/448 1025/1025/448
f 1027/1027/448 1026/1026/448 868/868/448
f 1025/1025/449 998/998/449 868/868/449
f 868/868/450 985/985/450 1028/1028/450
f 986/986/450 985/985/450 868/868/450
f 1028/1028/451 1027/1027/451 868/868/451
f 868/868/452 1022/1022/452 1021/1021/452
f 1023/1023/452 1022/1022/452 868/868/452
f 1021/1021/453 986/986/453 868/868/453
f 868/868/454 1020/1020/454 1024/1024/454
f 1019/1019/454 1020/1020/454 868/868/454
f 1024/1024/455 1023/1023/455 868/868/455
f 868/868/456 869/869/456 954/954/456
f 954/954/457 1019/1019/457 868/868/457
f 1054/1054/458 763/763/458 760/760/458
f 1055/1055/459 1056/1056/459 744/744/459
f 726/726/460 877/877/460 724/724/460
f 724/724/461 877/877/461 1057/1057/461
f 724/724/462 1057/1057/462 719/719/462
f 719/719/463 1057/1057/463 1058/1058/463
f 719/719/464 1058/1058/464 727/727/464
f 727/727/465 1058/1058/465 1059/1059/465
f 744/744/466 720/720/466 1055/1055/466
f 1055/1055/467 720/720/467 722/722/467
f 1055/1055/468 722/722/468 1060/1060/468
f 1060/1060/469 722/722/469 731/731/469
f 1060/1060/470 731/731/470 1061/1061/470
f 1061/1061/471 731/731/471 730/730/471
f 1061/1061/472 730/730/472 1059/1059/472
f 1059/1059/473 730/730/473 728/728/473
f 1059/1059/474 728/728/474 727/727/474
f 1062/1062/475 751/751/475 1063/1063/475
f 1063/1063/476 751/751/476 750/750/476
f 1063/1063/477 750/750/477 1064/1064/477
f 1064/1064/478 750/750/478 748/748/478
f 1064/1064/479 748/748/479 1065/1065/479
f 1065/1065/480 748/748/480 747/747/480
f 1065/1065/481 747/747/481 1056/1056/481
f 1056/1056/482 747/747/482 753/753/482
f 1056/1056/483 753/753/483 744/744/483
f 742/742/484 740/740/484 1062/1062/484
f 1062/1062/485 740/740/485 738/738/485
f 1062/1062/486 738/738/486 751/751/486
f 1062/1062/487 1066/1066/487 742/742/487
f 742/742/488 1066/1066/488 1067/1067/488
f 742/742/489 1067/1067/489 743/743/489
f 1054/1054/490 760/760/490 1068/1068/490
f 743/743/491 1067/1067/491 733/733/491
f 733/733/492 1067/1067/492 1068/1068/492
f 733/733/493 1068/1068/493 735/735/493
f 735/735/494 1068/1068/494 760/760/494
f 735/735/495 760/760/495 736/736/495
f 798/798/496 795/795/496 1069/1069/496
f 1069/1069/497 795/795/497 758/758/497
f 1069/1069/498 758/758/498 1070/1070/498
f 1070/1070/499 758/758/499 757/757/499
f 1070/1070/500 757/757/500 1071/1071/500
f 1071/1071/501 757/757/501 755/755/501
f 1071/1071/502 755/755/502 783/783/502
f 842/842/503 784/784/503 1072/1072/503
f 1072/1072/504 784/784/504 786/786/504
f 1073/1073/505 1074/1074/505 1075/1075/505
f 1076/1076/506 1077/1077/506 1078/1078/506
f 1079/1079/507 1080/1080/507 1075/1075/507
f 1081/1081/508 1082/1082/508 1083/1083/508
f 1084/1084/509 1085/1085/509 1086/1086/509
f 1086/1086/510 1085/1085/510 1087/1087/510
f 1086/1086/511 1087/1087/511 1088/1088/511
f 1088/1088/512 1087/1087/512 1076/1076/512
f 1089/1089/513 1090/1090/513 1091/1091/513
f 1089/1089/514 1091/1091/514 1092/1092/514
f 1089/1089/515 1093/1093/515 1090/1090/515
f 1090/1090/516 1093/1093/516 1094/1094/516
f 1090/1090/517 1094/1094/517 1095/1095/517
f 1095/1095/518 1094/1094/518 1078/1078/518
f 1095/1095/519 1078/1078/519 1096/1096/519
f 1096/1096/520 1078/1078/520 1077/1077/520
f 1096/1096/521 1077/1077/521 1097/1097/521
f 1091/1091/522 1098/1098/522 1092/1092/522
f 1092/1092/522 1098/1098/522 1099/1099/522
f 1092/1092/523 1099/1099/523 1100/1100/523
f 1099/1099/524 1101/1101/524 1100/1100/524
f 1100/1100/525 1101/1101/525 1102/1102/525
f 1100/1100/526 1102/1102/526 1103/1103/526
f 1103/1103/527 1102/1102/527 1104/1104/527
f 1103/1103/528 1104/1104/528 1105/1105/528
f 1105/1105/529 1104/1104/529 1106/1106/529
f 1105/1105/530 1106/1106/530 1107/1107/530
f 1107/1107/531 1106/1106/531 1108/1108/531
f 1107/1107/532 1108/1108/532 1109/1109/532
f 1108/1108/533 1110/1110/533 1109/1109/533
f 1109/1109/533 1110/1110/533 1111/1111/533
f 1109/1109/534 1111/1111/534 1112/1112/534
f 1113/1113/535 1114/1114/535 1115/1115/535
f 1115/1115/536 1114/1114/536 1116/1116/536
f 1115/1115/537 1116/1116/537 1117/1117/537
f 1117/1117/538 1116/1116/538 1118/1118/538
f 1117/1117/539 1118/1118/539 1119/1119/539
f 1119/1119/540 1118/1118/540 1120/1120/540
f 1119/1119/541 1120/1120/541 1121/1121/541
f 1121/1121/542 1120/1120/542 1122/1122/542
f 1121/1121/543 1122/1122/543 1123/1123/543
f 1123/1123/544 1122/1122/544 1124/1124/544
f 1123/1123/545 1124/1124/545 1125/1125/545
f 1125/1125/546 1124/1124/546 1112/1112/546
f 1125/1125/547 1112/1112/547 1126/1126/547
f 1126/1126/534 1112/1112/534 1111/1111/534
f 884/884/548 871/871/548 1127/1127/548
f 1127/1127/549 871/871/549 1114/1114/549
f 1127/1127/550 1114/1114/550 1128/1128/550
f 1128/1128/550 1114/1114/550 1113/1113/550
f 1129/1129/551 1130/1130/551 1131/1131/551
f 1131/1131/552 1130/1130/552 1132/1132/552
f 1131/1131/552 1132/1132/552 1133/1133/552
f 1134/1134/553 1135/1135/553 1136/1136/553
f 1136/1136/553 1137/1137/553 1134/1134/553
f 1134/1134/554 1137/1137/554 1138/1138/554
f 1134/1134/555 1138/1138/555 1131/1131/555
f 1131/1131/556 1138/1138/556 1139/1139/556
f 1131/1131/556 1139/1139/556 1129/1129/556
f 1140/1140/557 1141/1141/557 1142/1142/557
f 1142/1142/558 1141/1141/558 1143/1143/558
f 1142/1142/558 1143/1143/558 1144/1144/558
f 1076/1076/559 1087/1087/559 1077/1077/559
f 1077/1077/560 1087/1087/560 1145/1145/560
f 1077/1077/561 1145/1145/561 1097/1097/561
f 1146/1146/562 1147/1147/562 1085/1085/562
f 1085/1085/562 1147/1147/562 1148/1148/562
f 1085/1085/563 1148/1148/563 1087/1087/563
f 1087/1087/564 1148/1148/564 1149/1149/564
f 1087/1087/564 1149/1149/564 1145/1145/564
f 1150/1150/565 1146/1146/565 1083/1083/565
f 1083/1083/566 1146/1146/566 1085/1085/566
f 1083/1083/567 1085/1085/567 1081/1081/567
f 1081/1081/568 1085/1085/568 1084/1084/568
f 1151/1151/569 1152/1152/569 1153/1153/569
f 1153/1153/569 1152/1152/569 1154/1154/569
f 1153/1153/570 1154/1154/570 1083/1083/570
f 1083/1083/571 1154/1154/571 1155/1155/571
f 1083/1083/565 1155/1155/565 1150/1150/565
f 1074/1074/572 1151/1151/572 1075/1075/572
f 1075/1075/573 1151/1151/573 1153/1153/573
f 1075/1075/574 1153/1153/574 1079/1079/574
f 1079/1079/575 1153/1153/575 1083/1083/575
f 1079/1079/576 1083/1083/576 1156/1156/576
f 1156/1156/576 1083/1083/576 1082/1082/576
f 1157/1157/577 1073/1073/577 1142/1142/577
f 1142/1142/578 1073/1073/578 1075/1075/578
f 1142/1142/579 1075/1075/579 1140/1140/579
f 1140/1140/580 1075/1075/580 1080/1080/580
f 1158/1158/581 1159/1159/581 1160/1160/581
f 1161/1161/582 1135/1135/582 1144/1144/582
f 1144/1144/583 1135/1135/583 1158/1158/583
f 1144/1144/584 1158/1158/584 1142/1142/584
f 1142/1142/585 1158/1158/585 1160/1160/585
f 1142/1142/577 1160/1160/577 1157/1157/577
f 1135/1135/586 1134/1134/586 1158/1158/586
f 1158/1158/587 1134/1134/587 1162/1162/587
f 1158/1158/588 1162/1162/588 1159/1159/588
f 1163/1163/589 1164/1164/589 1133/1133/589
f 1133/1133/590 1164/1164/590 1165/1165/590
f 1133/1133/591 1165/1165/591 1131/1131/591
f 1131/1131/592 1165/1165/592 1166/1166/592
f 1131/1131/593 1166/1166/593 1134/1134/593
f 1134/1134/594 1166/1166/594 1167/1167/594
f 1134/1134/594 1167/1167/594 1162/1162/594
f 1168/1168/595 827/827/595 1169/1169/595
f 1169/1169/596 827/827/596 825/825/596
f 1170/1170/597 817/817/597 1171/1171/597
f 1171/1171/598 817/817/598 815/815/598
f 1171/1171/599 815/815/599 1168/1168/599
f 1168/1168/600 815/815/600 828/828/600
f 1168/1168/600 828/828/600 827/827/600
f 846/846/601 845/845/601 1172/1172/601
f 1172/1172/602 845/845/602 934/934/602
f 1172/1172/603 934/934/603 1170/1170/603
f 1170/1170/604 934/934/604 933/933/604
f 1170/1170/604 933/933/604 817/817/604
f 1056/1056/605 1055/1055/605 1173/1173/605
f 1174/1174/606 1175/1175/606 1176/1176/606
f 1177/1177/607 1178/1178/607 1179/1179/607
f 1180/1180/608 1181/1181/608 1182/1182/608
f 1183/1183/609 1184/1184/609 1185/1185/609
f 1164/1164/610 1163/1163/610 1186/1186/610
f 1187/1187/611 880/880/611 882/882/611
f 798/798/612 1069/1069/612 1188/1188/612
f 798/798/613 1188/1188/613 800/800/613
f 1188/1188/614 1189/1189/614 800/800/614
f 800/800/615 1189/1189/615 1190/1190/615
f 800/800/616 1190/1190/616 802/802/616
f 802/802/617 1190/1190/617 804/804/617
f 1190/1190/618 1191/1191/618 804/804/618
f 804/804/619 1191/1191/619 1192/1192/619
f 804/804/620 1192/1192/620 805/805/620
f 805/805/621 1192/1192/621 812/812/621
f 1192/1192/622 1193/1193/622 812/812/622
f 812/812/623 1193/1193/623 1194/1194/623
f 812/812/624 1194/1194/624 810/810/624
f 810/810/625 1194/1194/625 1195/1195/625
f 810/810/626 1195/1195/626 808/808/626
f 808/808/627 1195/1195/627 1196/1196/627
f 808/808/628 1196/1196/628 806/806/628
f 806/806/629 1196/1196/629 1197/1197/629
f 806/806/630 1197/1197/630 793/793/630
f 793/793/631 1197/1197/631 1198/1198/631
f 793/793/632 1198/1198/632 791/791/632
f 791/791/633 1198/1198/633 1199/1199/633
f 791/791/634 1199/1199/634 789/789/634
f 789/789/635 1199/1199/635 1200/1200/635
f 789/789/636 1200/1200/636 788/788/636
f 788/788/637 1200/1200/637 1201/1201/637
f 788/788/638 1201/1201/638 786/786/638
f 786/786/639 1201/1201/639 1202/1202/639
f 1203/1203/640 837/837/640 1204/1204/640
f 1204/1204/641 837/837/641 839/839/641
f 1204/1204/642 839/839/642 1205/1205/642
f 1205/1205/643 839/839/643 841/841/643
f 1205/1205/644 841/841/644 1206/1206/644
f 1206/1206/645 841/841/645 842/842/645
f 1206/1206/646 842/842/646 1202/1202/646
f 1202/1202/647 842/842/647 1072/1072/647
f 1202/1202/648 1072/1072/648 786/786/648
f 1207/1207/649 819/819/649 1208/1208/649
f 1208/1208/650 819/819/650 818/818/650
f 1208/1208/651 818/818/651 1209/1209/651
f 1209/1209/652 818/818/652 831/831/652
f 1209/1209/653 831/831/653 1210/1210/653
f 1210/1210/654 831/831/654 832/832/654
f 1210/1210/655 832/832/655 1203/1203/655
f 1203/1203/656 832/832/656 835/835/656
f 1203/1203/656 835/835/656 837/837/656
f 1211/1211/657 825/825/657 1212/1212/657
f 1212/1212/658 825/825/658 823/823/658
f 1212/1212/659 823/823/659 1207/1207/659
f 1207/1207/660 823/823/660 821/821/660
f 1207/1207/661 821/821/661 819/819/661
f 1213/1213/662 1214/1214/662 1172/1172/662
f 846/846/663 1172/1172/663 848/848/663
f 848/848/664 1172/1172/664 1214/1214/664
f 848/848/665 1214/1214/665 854/854/665
f 854/854/666 1214/1214/666 1215/1215/666
f 854/854/667 1215/1215/667 1216/1216/667
f 856/856/668 1217/1217/668 867/867/668
f 867/867/669 1217/1217/669 858/858/669
f 858/858/669 1217/1217/669 865/865/669
f 865/865/670 1217/1217/670 1218/1218/670
f 865/865/671 1218/1218/671 866/866/671
f 866/866/671 1218/1218/671 863/863/671
f 863/863/672 1218/1218/672 1219/1219/672
f 863/863/673 1219/1219/673 861/861/673
f 1186/1186/674 1220/1220/674 1164/1164/674
f 1164/1164/674 1220/1220/674 1221/1221/674
f 1164/1164/675 1221/1221/675 1222/1222/675
f 1222/1222/676 1221/1221/676 1223/1223/676
f 1222/1222/676 1223/1223/676 1224/1224/676
f 850/850/677 1225/1225/677 851/851/677
f 851/851/678 1225/1225/678 1226/1226/678
f 851/851/679 1226/1226/679 1227/1227/679
f 1172/1172/680 1170/1170/680 1213/1213/680
f 1213/1213/680 1170/1170/680 1171/1171/680
f 1213/1213/681 1171/1171/681 1228/1228/681
f 1228/1228/682 1171/1171/682 1168/1168/682
f 1228/1228/657 1168/1168/657 1211/1211/657
f 1211/1211/683 1168/1168/683 1169/1169/683
f 1211/1211/684 1169/1169/684 825/825/684
f 1070/1070/685 1229/1229/685 1069/1069/685
f 1069/1069/686 1229/1229/686 1230/1230/686
f 1069/1069/687 1230/1230/687 1188/1188/687
f 1231/1231/688 1232/1232/688 1233/1233/688
f 1233/1233/689 1232/1232/689 1234/1234/689
f 1233/1233/690 1234/1234/690 1235/1235/690
f 1235/1235/691 1234/1234/691 1067/1067/691
f 1070/1070/685 1071/1071/685 1229/1229/685
f 1229/1229/692 1071/1071/692 783/783/692
f 1229/1229/693 783/783/693 1236/1236/693
f 1236/1236/694 783/783/694 782/782/694
f 1236/1236/695 782/782/695 1237/1237/695
f 1237/1237/696 782/782/696 780/780/696
f 1237/1237/697 780/780/697 1238/1238/697
f 1238/1238/698 780/780/698 778/778/698
f 1238/1238/699 778/778/699 1239/1239/699
f 1239/1239/700 778/778/700 776/776/700
f 1239/1239/701 776/776/701 1240/1240/701
f 1240/1240/702 776/776/702 774/774/702
f 1240/1240/703 774/774/703 1241/1241/703
f 1241/1241/704 774/774/704 772/772/704
f 1241/1241/705 772/772/705 1242/1242/705
f 1242/1242/706 772/772/706 770/770/706
f 1242/1242/707 770/770/707 1243/1243/707
f 1243/1243/708 770/770/708 768/768/708
f 1243/1243/709 768/768/709 1244/1244/709
f 1244/1244/710 768/768/710 767/767/710
f 1244/1244/711 767/767/711 1245/1245/711
f 1245/1245/712 767/767/712 764/764/712
f 1245/1245/713 764/764/713 1246/1246/713
f 1246/1246/714 764/764/714 763/763/714
f 1246/1246/715 763/763/715 1247/1247/715
f 1247/1247/716 763/763/716 1054/1054/716
f 1247/1247/717 1054/1054/717 1234/1234/717
f 1234/1234/718 1054/1054/718 1068/1068/718
f 1234/1234/719 1068/1068/719 1067/1067/719
f 1248/1248/720 1249/1249/720 1250/1250/720
f 1250/1250/721 1249/1249/721 1251/1251/721
f 1250/1250/722 1251/1251/722 1231/1231/722
f 1231/1231/723 1251/1251/723 1252/1252/723
f 1231/1231/724 1252/1252/724 1232/1232/724
f 1185/1185/725 1184/1184/725 1253/1253/725
f 1184/1184/726 1254/1254/726 1253/1253/726
f 1253/1253/727 1254/1254/727 1255/1255/727
f 1253/1253/728 1255/1255/728 1249/1249/728
f 1249/1249/729 1255/1255/729 1256/1256/729
f 1249/1249/730 1256/1256/730 1251/1251/730
f 1183/1183/731 1185/1185/731 1257/1257/731
f 1257/1257/732 1185/1185/732 1258/1258/732
f 1257/1257/733 1258/1258/733 1259/1259/733
f 1259/1259/734 1258/1258/734 1260/1260/734
f 1259/1259/735 1260/1260/735 1261/1261/735
f 1261/1261/736 1260/1260/736 1262/1262/736
f 1261/1261/737 1262/1262/737 1263/1263/737
f 1264/1264/738 1265/1265/738 1266/1266/738
f 1266/1266/739 1265/1265/739 1267/1267/739
f 1266/1266/740 1267/1267/740 1262/1262/740
f 1262/1262/741 1267/1267/741 1268/1268/741
f 1262/1262/737 1268/1268/737 1263/1263/737
f 1181/1181/608 1180/1180/608 1269/1269/608
f 1270/1270/742 1271/1271/742 1264/1264/742
f 1264/1264/743 1271/1271/743 1272/1272/743
f 1264/1264/743 1272/1272/743 1265/1265/743
f 1270/1270/744 1273/1273/744 1274/1274/744
f 1180/1180/745 1271/1271/745 1269/1269/745
f 1269/1269/746 1271/1271/746 1270/1270/746
f 1269/1269/747 1270/1270/747 1275/1275/747
f 1275/1275/748 1270/1270/748 1274/1274/748
f 1276/1276/749 1277/1277/749 1278/1278/749
f 1278/1278/750 1277/1277/750 1279/1279/750
f 1278/1278/751 1279/1279/751 1273/1273/751
f 1273/1273/752 1279/1279/752 1280/1280/752
f 1273/1273/753 1280/1280/753 1274/1274/753
f 1281/1281/754 1282/1282/754 1276/1276/754
f 1276/1276/755 1282/1282/755 1283/1283/755
f 1276/1276/755 1283/1283/755 1277/1277/755
f 1284/1284/756 1285/1285/756 1281/1281/756
f 1281/1281/757 1285/1285/757 1286/1286/757
f 1281/1281/757 1286/1286/757 1282/1282/757
f 1287/1287/758 1288/1288/758 1284/1284/758
f 1284/1284/759 1288/1288/759 1289/1289/759
f 1284/1284/759 1289/1289/759 1285/1285/759
f 1290/1290/760 1291/1291/760 1292/1292/760
f 1179/1179/761 1178/1178/761 1290/1290/761
f 1290/1290/762 1178/1178/762 1293/1293/762
f 1290/1290/760 1293/1293/760 1291/1291/760
f 1177/1177/763 1179/1179/763 1294/1294/763
f 1294/1294/764 1179/1179/764 1295/1295/764
f 1294/1294/765 1295/1295/765 1296/1296/765
f 1296/1296/766 1295/1295/766 1297/1297/766
f 1296/1296/767 1297/1297/767 1298/1298/767
f 1298/1298/767 1297/1297/767 1299/1299/767
f 1299/1299/768 1297/1297/768 1219/1219/768
f 1299/1299/769 1219/1219/769 1300/1300/769
f 1300/1300/769 1219/1219/769 1301/1301/769
f 1301/1301/770 1219/1219/770 1218/1218/770
f 1301/1301/771 1218/1218/771 1302/1302/771
f 1302/1302/771 1218/1218/771 1303/1303/771
f 1303/1303/772 1218/1218/772 1217/1217/772
f 1303/1303/773 1217/1217/773 1216/1216/773
f 1216/1216/774 1217/1217/774 856/856/774
f 1216/1216/775 856/856/775 854/854/775
f 1304/1304/776 1305/1305/776 1306/1306/776
f 1306/1306/777 1305/1305/777 1307/1307/777
f 1308/1308/778 1306/1306/778 1309/1309/778
f 1309/1309/779 1306/1306/779 1307/1307/779
f 1309/1309/780 1307/1307/780 1175/1175/780
f 1175/1175/781 1307/1307/781 1310/1310/781
f 1175/1175/782 1310/1310/782 1176/1176/782
f 1250/1250/783 1311/1311/783 1248/1248/783
f 1248/1248/783 1311/1311/783 1312/1312/783
f 1248/1248/784 1312/1312/784 1313/1313/784
f 1313/1313/785 1312/1312/785 1314/1314/785
f 1313/1313/786 1314/1314/786 1304/1304/786
f 1304/1304/787 1314/1314/787 1315/1315/787
f 1304/1304/788 1315/1315/788 1305/1305/788
f 1127/1127/789 1128/1128/789 1316/1316/789
f 1113/1113/790 1115/1115/790 1317/1317/790
f 1317/1317/791 1115/1115/791 1117/1117/791
f 1317/1317/791 1117/1117/791 1318/1318/791
f 1117/1117/791 1119/1119/791 1318/1318/791
f 1318/1318/792 1119/1119/792 1121/1121/792
f 1318/1318/792 1121/1121/792 1319/1319/792
f 1319/1319/792 1121/1121/792 1123/1123/792
f 1319/1319/793 1123/1123/793 1320/1320/793
f 1123/1123/793 1125/1125/793 1320/1320/793
f 1320/1320/793 1125/1125/793 1126/1126/793
f 1320/1320/794 1126/1126/794 1321/1321/794
f 1126/1126/794 1111/1111/794 1321/1321/794
f 1321/1321/795 1111/1111/795 1110/1110/795
f 1321/1321/795 1110/1110/795 1322/1322/795
f 1110/1110/795 1108/1108/795 1322/1322/795
f 1322/1322/796 1108/1108/796 1106/1106/796
f 1322/1322/796 1106/1106/796 1323/1323/796
f 1323/1323/796 1106/1106/796 1104/1104/796
f 1323/1323/797 1104/1104/797 1324/1324/797
f 1104/1104/797 1102/1102/797 1324/1324/797
f 1324/1324/797 1102/1102/797 1101/1101/797
f 1324/1324/798 1101/1101/798 1325/1325/798
f 1101/1101/798 1099/1099/798 1325/1325/798
f 1325/1325/799 1099/1099/799 1098/1098/799
f 1325/1325/799 1098/1098/799 1326/1326/799
f 1098/1098/799 1091/1091/799 1326/1326/799
f 1326/1326/800 1091/1091/800 1090/1090/800
f 1326/1326/800 1090/1090/800 1327/1327/800
f 1327/1327/800 1090/1090/800 1095/1095/800
f 1327/1327/801 1095/1095/801 1328/1328/801
f 1095/1095/801 1096/1096/801 1328/1328/801
f 1328/1328/801 1096/1096/801 1097/1097/801
f 1328/1328/802 1097/1097/802 1329/1329/802
f 1097/1097/802 1145/1145/802 1329/1329/802
f 1329/1329/803 1145/1145/803 1149/1149/803
f 1329/1329/803 1149/1149/803 1330/1330/803
f 1149/1149/803 1148/1148/803 1330/1330/803
f 1330/1330/804 1148/1148/804 1147/1147/804
f 1330/1330/804 1147/1147/804 1331/1331/804
f 1331/1331/804 1147/1147/804 1146/1146/804
f 1331/1331/805 1146/1146/805 1332/1332/805
f 1146/1146/805 1150/1150/805 1332/1332/805
f 1332/1332/805 1150/1150/805 1155/1155/805
f 1332/1332/806 1155/1155/806 1333/1333/806
f 1155/1155/806 1154/1154/806 1333/1333/806
f 1333/1333/807 1154/1154/807 1152/1152/807
f 1333/1333/807 1152/1152/807 1334/1334/807
f 1152/1152/807 1151/1151/807 1334/1334/807
f 1334/1334/808 1151/1151/808 1074/1074/808
f 1334/1334/808 1074/1074/808 1335/1335/808
f 1335/1335/808 1074/1074/808 1073/1073/808
f 1335/1335/809 1073/1073/809 1336/1336/809
f 1073/1073/809 1157/1157/809 1336/1336/809
f 1336/1336/809 1157/1157/809 1160/1160/809
f 1336/1336/810 1160/1160/810 1337/1337/810
f 1337/1337/810 1160/1160/810 1159/1159/810
f 1337/1337/811 1159/1159/811 1338/1338/811
f 1159/1159/812 1162/1162/812 1338/1338/812
f 1338/1338/813 1162/1162/813 1167/1167/813
f 1338/1338/813 1167/1167/813 1339/1339/813
f 1339/1339/813 1167/1167/813 1166/1166/813
f 1339/1339/814 1166/1166/814 1222/1222/814
f 1222/1222/814 1166/1166/814 1165/1165/814
f 1222/1222/814 1165/1165/814 1164/1164/814
f 1224/1224/676 1227/1227/676 1222/1222/676
f 1222/1222/815 1227/1227/815 1226/1226/815
f 1222/1222/816 1226/1226/816 1339/1339/816
f 1339/1339/816 1226/1226/816 1340/1340/816
f 1339/1339/817 1340/1340/817 1338/1338/817
f 1338/1338/817 1340/1340/817 1341/1341/817
f 1338/1338/818 1341/1341/818 1337/1337/818
f 1337/1337/818 1341/1341/818 1287/1287/818
f 1337/1337/819 1287/1287/819 1336/1336/819
f 1336/1336/819 1287/1287/819 1284/1284/819
f 1336/1336/820 1284/1284/820 1335/1335/820
f 1335/1335/820 1284/1284/820 1281/1281/820
f 1335/1335/821 1281/1281/821 1334/1334/821
f 1334/1334/821 1281/1281/821 1276/1276/821
f 1334/1334/822 1276/1276/822 1333/1333/822
f 1333/1333/822 1276/1276/822 1278/1278/822
f 1333/1333/823 1278/1278/823 1332/1332/823
f 1332/1332/823 1278/1278/823 1273/1273/823
f 1332/1332/824 1273/1273/824 1331/1331/824
f 1331/1331/824 1273/1273/824 1270/1270/824
f 1331/1331/825 1270/1270/825 1330/1330/825
f 1330/1330/825 1270/1270/825 1264/1264/825
f 1330/1330/826 1264/1264/826 1329/1329/826
f 1329/1329/826 1264/1264/826 1266/1266/826
f 1329/1329/827 1266/1266/827 1328/1328/827
f 1328/1328/827 1266/1266/827 1262/1262/827
f 1328/1328/828 1262/1262/828 1327/1327/828
f 1327/1327/828 1262/1262/828 1260/1260/828
f 1327/1327/829 1260/1260/829 1326/1326/829
f 1326/1326/829 1260/1260/829 1258/1258/829
f 1326/1326/830 1258/1258/830 1325/1325/830
f 1325/1325/830 1258/1258/830 1185/1185/830
f 1325/1325/831 1185/1185/831 1324/1324/831
f 1324/1324/831 1185/1185/831 1253/1253/831
f 1324/1324/832 1253/1253/832 1323/1323/832
f 1323/1323/832 1253/1253/832 1249/1249/832
f 1323/1323/833 1249/1249/833 1322/1322/833
f 1322/1322/833 1249/1249/833 1248/1248/833
f 1322/1322/834 1248/1248/834 1321/1321/834
f 1321/1321/834 1248/1248/834 1313/1313/834
f 1321/1321/835 1313/1313/835 1320/1320/835
f 1320/1320/835 1313/1313/835 1304/1304/835
f 1320/1320/836 1304/1304/836 1319/1319/836
f 1319/1319/836 1304/1304/836 1306/1306/836
f 1319/1319/837 1306/1306/837 1318/1318/837
f 1318/1318/837 1306/1306/837 1308/1308/837
f 1318/1318/838 1308/1308/838 1317/1317/838
f 876/876/839 880/880/839 1342/1342/839
f 1342/1342/839 880/880/839 1187/1187/839
f 1342/1342/840 1187/1187/840 1343/1343/840
f 1060/1060/841 1061/1061/841 1344/1344/841
f 1344/1344/842 1061/1061/842 1343/1343/842
f 1344/1344/843 1343/1343/843 1345/1345/843
f 1345/1345/840 1343/1343/840 1187/1187/840
f 1345/1345/844 1187/1187/844 1346/1346/844
f 1346/1346/611 1187/1187/611 882/882/611
f 1346/1346/845 882/882/845 884/884/845
f 850/850/677 861/861/677 1225/1225/677
f 1225/1225/846 861/861/846 1219/1219/846
f 1225/1225/847 1219/1219/847 1226/1226/847
f 1226/1226/847 1219/1219/847 1297/1297/847
f 1226/1226/848 1297/1297/848 1340/1340/848
f 1340/1340/848 1297/1297/848 1295/1295/848
f 1340/1340/849 1295/1295/849 1341/1341/849
f 1341/1341/849 1295/1295/849 1179/1179/849
f 1341/1341/850 1179/1179/850 1287/1287/850
f 1287/1287/850 1179/1179/850 1290/1290/850
f 1287/1287/851 1290/1290/851 1288/1288/851
f 1288/1288/852 1290/1290/852 1292/1292/852
f 877/877/853 876/876/853 1057/1057/853
f 1057/1057/853 876/876/853 1342/1342/853
f 1057/1057/854 1342/1342/854 1058/1058/854
f 1058/1058/854 1342/1342/854 1343/1343/854
f 1058/1058/854 1343/1343/854 1059/1059/854
f 1059/1059/842 1343/1343/842 1061/1061/842
f 1055/1055/841 1060/1060/841 1173/1173/841
f 1173/1173/841 1060/1060/841 1344/1344/841
f 1173/1173/855 1344/1344/855 1347/1347/855
f 1347/1347/843 1344/1344/843 1345/1345/843
f 1347/1347/856 1345/1345/856 1316/1316/856
f 1316/1316/844 1345/1345/844 1346/1346/844
f 1316/1316/789 1346/1346/789 1127/1127/789
f 1127/1127/845 1346/1346/845 884/884/845
f 1065/1065/605 1056/1056/605 1309/1309/605
f 1309/1309/605 1056/1056/605 1173/1173/605
f 1309/1309/778 1173/1173/778 1308/1308/778
f 1308/1308/855 1173/1173/855 1347/1347/855
f 1308/1308/838 1347/1347/838 1317/1317/838
f 1317/1317/856 1347/1347/856 1316/1316/856
f 1317/1317/790 1316/1316/790 1113/1113/790
f 1113/1113/857 1316/1316/857 1128/1128/857
f 1065/1065/858 1309/1309/858 1064/1064/858
f 1064/1064/859 1309/1309/859 1175/1175/859
f 1064/1064/858 1175/1175/858 1063/1063/858
f 1063/1063/860 1175/1175/860 1174/1174/860
f 1063/1063/861 1174/1174/861 1062/1062/861
f 1062/1062/862 1174/1174/862 1348/1348/862
f 1062/1062/863 1348/1348/863 1066/1066/863
f 1066/1066/864 1348/1348/864 1349/1349/864
f 1066/1066/865 1349/1349/865 1067/1067/865
f 1067/1067/866 1349/1349/866 1350/1350/866
f 1067/1067/866 1350/1350/866 1235/1235/866
f 1093/1093/867 1089/1089/867 1351/1351/867
f 1088/1088/867 1076/1076/867 1352/1352/867
f 1352/1352/868 1076/1076/868 1078/1078/868
f 1352/1352/867 1078/1078/867 1351/1351/867
f 1351/1351/867 1078/1078/867 1094/1094/867
f 1351/1351/869 1094/1094/869 1093/1093/869
f 1105/1105/870 1107/1107/870 1353/1353/870
f 1089/1089/871 1092/1092/871 1351/1351/871
f 1351/1351/870 1092/1092/870 1100/1100/870
f 1351/1351/870 1100/1100/870 1353/1353/870
f 1353/1353/872 1100/1100/872 1103/1103/872
f 1353/1353/870 1103/1103/870 1105/1105/870
f 1354/1354/873 1080/1080/873 1079/1079/873
f 1088/1088/874 1352/1352/874 1086/1086/874
f 1086/1086/873 1352/1352/873 1084/1084/873
f 1079/1079/873 1156/1156/873 1354/1354/873
f 1354/1354/875 1156/1156/875 1082/1082/875
f 1354/1354/873 1082/1082/873 1352/1352/873
f 1352/1352/873 1082/1082/873 1081/1081/873
f 1352/1352/873 1081/1081/873 1084/1084/873
f 1140/1140/876 1080/1080/876 1354/1354/876
f 872/872/877 873/873/877 1161/1161/877
f 1161/1161/876 1144/1144/876 872/872/876
f 872/872/876 1144/1144/876 1143/1143/876
f 872/872/877 1143/1143/877 1354/1354/877
f 1354/1354/876 1143/1143/876 1141/1141/876
f 1354/1354/878 1141/1141/878 1140/1140/878
f 1120/1120/879 1118/1118/879 1355/1355/879
f 1355/1355/880 1118/1118/880 1116/1116/880
f 1355/1355/879 1116/1116/879 870/870/879
f 870/870/879 1116/1116/879 1114/1114/879
f 870/870/880 1114/1114/880 871/871/880
f 1122/1122/881 1120/1120/881 1355/1355/881
f 1107/1107/882 1109/1109/882 1353/1353/882
f 1353/1353/883 1109/1109/883 1112/1112/883
f 1353/1353/883 1112/1112/883 1355/1355/883
f 1355/1355/882 1112/1112/882 1124/1124/882
f 1355/1355/883 1124/1124/883 1122/1122/883
f 1356/1356/17 1302/1302/17 1357/1357/17
f 1357/1357/17 1302/1302/17 1303/1303/17
f 1357/1357/17 1303/1303/17 1358/1358/17
f 1358/1358/17 1303/1303/17 1216/1216/17
f 1358/1358/17 1216/1216/17 1359/1359/17
f 1359/1359/17 1216/1216/17 1215/1215/17
f 1359/1359/17 1215/1215/17 1360/1360/17
f 1360/1360/17 1215/1215/17 1214/1214/17
f 1361/1361/17 1293/1293/17 1362/1362/17
f 1362/1362/17 1293/1293/17 1178/1178/17
f 1362/1362/17 1178/1178/17 1363/1363/17
f 1363/1363/17 1178/1178/17 1177/1177/17
f 1363/1363/17 1177/1177/17 1364/1364/17
f 1364/1364/17 1177/1177/17 1294/1294/17
f 1364/1364/17 1294/1294/17 1365/1365/17
f 1365/1365/17 1294/1294/17 1296/1296/17
f 1365/1365/17 1296/1296/17 1366/1366/17
f 1366/1366/17 1296/1296/17 1298/1298/17
f 1366/1366/17 1298/1298/17 1367/1367/17
f 1367/1367/17 1298/1298/17 1299/1299/17
f 1367/1367/17 1299/1299/17 1368/1368/17
f 1368/1368/17 1299/1299/17 1300/1300/17
f 1368/1368/17 1300/1300/17 1356/1356/17
f 1356/1356/17 1300/1300/17 1301/1301/17
f 1356/1356/17 1301/1301/17 1302/1302/17
f 1293/1293/21 1361/1361/21 1291/1291/21
f 1291/1291/21 1361/1361/21 1369/1369/21
f 1291/1291/23 1369/1369/23 1292/1292/23
f 1292/1292/21 1369/1369/21 1288/1288/21
f 1370/1370/23 1182/1182/23 1181/1181/23
f 1369/1369/21 1371/1371/21 1288/1288/21
f 1288/1288/23 1371/1371/23 1372/1372/23
f 1288/1288/23 1372/1372/23 1289/1289/23
f 1289/1289/21 1372/1372/21 1373/1373/21
f 1289/1289/23 1373/1373/23 1285/1285/23
f 1285/1285/23 1373/1373/23 1374/1374/23
f 1285/1285/21 1374/1374/21 1286/1286/21
f 1286/1286/884 1374/1374/884 1375/1375/884
f 1286/1286/23 1375/1375/23 1282/1282/23
f 1282/1282/21 1375/1375/21 1376/1376/21
f 1282/1282/21 1376/1376/21 1283/1283/21
f 1283/1283/23 1376/1376/23 1377/1377/23
f 1283/1283/23 1377/1377/23 1277/1277/23
f 1277/1277/21 1377/1377/21 1378/1378/21
f 1277/1277/21 1378/1378/21 1279/1279/21
f 1279/1279/21 1378/1378/21 1379/1379/21
f 1279/1279/23 1379/1379/23 1280/1280/23
f 1280/1280/23 1379/1379/23 1380/1380/23
f 1280/1280/21 1380/1380/21 1274/1274/21
f 1274/1274/21 1380/1380/21 1381/1381/21
f 1274/1274/23 1381/1381/23 1275/1275/23
f 1275/1275/21 1381/1381/21 1382/1382/21
f 1275/1275/21 1382/1382/21 1269/1269/21
f 1269/1269/23 1382/1382/23 1383/1383/23
f 1269/1269/21 1383/1383/21 1181/1181/21
f 1181/1181/21 1383/1383/21 1384/1384/21
f 1181/1181/21 1384/1384/21 1370/1370/21
f 1385/1385/29 1271/1271/29 1386/1386/29
f 1386/1386/51 1271/1271/51 1180/1180/51
f 1386/1386/26 1180/1180/26 1370/1370/26
f 1370/1370/29 1180/1180/29 1182/1182/29
f 1387/1387/33 1267/1267/33 1388/1388/33
f 1388/1388/33 1267/1267/33 1265/1265/33
f 1388/1388/33 1265/1265/33 1389/1389/33
f 1389/1389/32 1265/1265/32 1272/1272/32
f 1389/1389/33 1272/1272/33 1390/1390/33
f 1390/1390/32 1272/1272/32 1271/1271/32
f 1390/1390/33 1271/1271/33 1385/1385/33
f 1391/1391/33 1256/1256/33 1392/1392/33
f 1392/1392/33 1256/1256/33 1255/1255/33
f 1392/1392/33 1255/1255/33 1393/1393/33
f 1393/1393/33 1255/1255/33 1254/1254/33
f 1393/1393/33 1254/1254/33 1394/1394/33
f 1394/1394/33 1254/1254/33 1184/1184/33
f 1394/1394/33 1184/1184/33 1395/1395/33
f 1395/1395/31 1184/1184/31 1183/1183/31
f 1395/1395/33 1183/1183/33 1396/1396/33
f 1396/1396/30 1183/1183/30 1257/1257/30
f 1396/1396/33 1257/1257/33 1397/1397/33
f 1397/1397/33 1257/1257/33 1259/1259/33
f 1397/1397/33 1259/1259/33 1398/1398/33
f 1398/1398/31 1259/1259/31 1261/1261/31
f 1398/1398/33 1261/1261/33 1399/1399/33
f 1399/1399/33 1261/1261/33 1263/1263/33
f 1399/1399/33 1263/1263/33 1387/1387/33
f 1387/1387/32 1263/1263/32 1268/1268/32
f 1387/1387/32 1268/1268/32 1267/1267/32
f 1400/1400/38 1234/1234/38 1401/1401/38
f 1401/1401/38 1234/1234/38 1232/1232/38
f 1401/1401/39 1232/1232/39 1402/1402/39
f 1256/1256/38 1391/1391/38 1251/1251/38
f 1251/1251/39 1391/1391/39 1402/1402/39
f 1251/1251/38 1402/1402/38 1252/1252/38
f 1252/1252/885 1402/1402/885 1232/1232/885
f 1403/1403/43 1230/1230/43 1404/1404/43
f 1404/1404/43 1230/1230/43 1229/1229/43
f 1404/1404/43 1229/1229/43 1405/1405/43
f 1405/1405/47 1229/1229/47 1236/1236/47
f 1405/1405/47 1236/1236/47 1406/1406/47
f 1406/1406/43 1236/1236/43 1237/1237/43
f 1406/1406/43 1237/1237/43 1407/1407/43
f 1407/1407/45 1237/1237/45 1238/1238/45
f 1407/1407/47 1238/1238/47 1408/1408/47
f 1408/1408/43 1238/1238/43 1239/1239/43
f 1408/1408/43 1239/1239/43 1409/1409/43
f 1409/1409/43 1239/1239/43 1240/1240/43
f 1409/1409/43 1240/1240/43 1410/1410/43
f 1410/1410/43 1240/1240/43 1241/1241/43
f 1410/1410/43 1241/1241/43 1411/1411/43
f 1411/1411/45 1241/1241/45 1242/1242/45
f 1411/1411/43 1242/1242/43 1412/1412/43
f 1412/1412/43 1242/1242/43 1243/1243/43
f 1412/1412/43 1243/1243/43 1413/1413/43
f 1413/1413/43 1243/1243/43 1244/1244/43
f 1413/1413/45 1244/1244/45 1414/1414/45
f 1414/1414/42 1244/1244/42 1245/1245/42
f 1414/1414/42 1245/1245/42 1415/1415/42
f 1415/1415/43 1245/1245/43 1246/1246/43
f 1415/1415/43 1246/1246/43 1416/1416/43
f 1416/1416/43 1246/1246/43 1247/1247/43
f 1416/1416/42 1247/1247/42 1400/1400/42
f 1400/1400/45 1247/1247/45 1234/1234/45
f 1230/1230/5 1403/1403/5 1188/1188/5
f 1188/1188/5 1403/1403/5 1417/1417/5
f 1188/1188/5 1417/1417/5 1189/1189/5
f 1189/1189/5 1417/1417/5 1418/1418/5
f 1189/1189/5 1418/1418/5 1190/1190/5
f 1190/1190/5 1418/1418/5 1419/1419/5
f 1190/1190/5 1419/1419/5 1191/1191/5
f 1191/1191/5 1419/1419/5 1420/1420/5
f 1191/1191/5 1420/1420/5 1192/1192/5
f 1192/1192/5 1420/1420/5 1421/1421/5
f 1192/1192/5 1421/1421/5 1193/1193/5
f 1193/1193/5 1421/1421/5 1422/1422/5
f 1193/1193/5 1422/1422/5 1194/1194/5
f 1194/1194/5 1422/1422/5 1423/1423/5
f 1194/1194/5 1423/1423/5 1195/1195/5
f 1195/1195/5 1423/1423/5 1424/1424/5
f 1195/1195/5 1424/1424/5 1196/1196/5
f 1196/1196/5 1424/1424/5 1425/1425/5
f 1196/1196/5 1425/1425/5 1197/1197/5
f 1197/1197/5 1425/1425/5 1426/1426/5
f 1197/1197/5 1426/1426/5 1198/1198/5
f 1198/1198/5 1426/1426/5 1427/1427/5
f 1198/1198/5 1427/1427/5 1199/1199/5
f 1199/1199/5 1427/1427/5 1428/1428/5
f 1199/1199/5 1428/1428/5 1200/1200/5
f 1200/1200/5 1428/1428/5 1429/1429/5
f 1200/1200/5 1429/1429/5 1201/1201/5
f 1201/1201/5 1429/1429/5 1430/1430/5
f 1201/1201/5 1430/1430/5 1202/1202/5
f 1202/1202/5 1430/1430/5 1431/1431/5
f 1202/1202/5 1431/1431/5 1206/1206/5
f 1206/1206/5 1431/1431/5 1432/1432/5
f 1206/1206/29 1432/1432/29 1205/1205/29
f 1205/1205/29 1432/1432/29 1433/1433/29
f 1205/1205/29 1433/1433/29 1204/1204/29
f 1204/1204/29 1433/1433/29 1434/1434/29
f 1204/1204/29 1434/1434/29 1203/1203/29
f 1203/1203/29 1434/1434/29 1435/1435/29
f 1203/1203/29 1435/1435/29 1210/1210/29
f 1210/1210/29 1435/1435/29 1436/1436/29
f 1210/1210/29 1436/1436/29 1209/1209/29
f 1209/1209/29 1436/1436/29 1437/1437/29
f 1209/1209/29 1437/1437/29 1208/1208/29
f 1208/1208/27 1437/1437/27 1438/1438/27
f 1208/1208/27 1438/1438/27 1207/1207/27
f 1207/1207/29 1438/1438/29 1439/1439/29
f 1207/1207/29 1439/1439/29 1212/1212/29
f 1212/1212/29 1439/1439/29 1440/1440/29
f 1212/1212/29 1440/1440/29 1211/1211/29
f 1211/1211/29 1440/1440/29 1441/1441/29
f 1211/1211/29 1441/1441/29 1228/1228/29
f 1228/1228/29 1441/1441/29 1442/1442/29
f 1228/1228/29 1442/1442/29 1213/1213/29
f 1213/1213/29 1442/1442/29 1443/1443/29
f 1213/1213/27 1443/1443/27 1214/1214/27
f 1214/1214/29 1443/1443/29 1360/1360/29
f 1233/1233/52 1235/1235/52 1444/1444/52
f 1233/1233/52 1444/1444/52 1231/1231/52
f 1231/1231/886 1444/1444/886 1445/1445/886
f 1231/1231/52 1445/1445/52 1250/1250/52
f 1250/1250/54 1445/1445/54 1311/1311/54
f 1311/1311/54 1445/1445/54 1446/1446/54
f 1311/1311/54 1446/1446/54 1312/1312/54
f 1312/1312/887 1446/1446/887 1447/1447/887
f 1312/1312/887 1447/1447/887 1314/1314/887
f 1314/1314/54 1447/1447/54 1448/1448/54
f 1314/1314/54 1448/1448/54 1315/1315/54
f 1315/1315/54 1448/1448/54 1449/1449/54
f 1315/1315/54 1449/1449/54 1305/1305/54
f 1305/1305/54 1449/1449/54 1450/1450/54
f 1305/1305/54 1450/1450/54 1307/1307/54
f 1307/1307/54 1450/1450/54 1451/1451/54
f 1452/1452/62 1348/1348/62 1174/1174/62
f 1307/1307/61 1451/1451/61 1310/1310/61
f 1310/1310/63 1451/1451/63 1453/1453/63
f 1310/1310/888 1453/1453/888 1176/1176/888
f 1176/1176/63 1453/1453/63 1174/1174/63
f 1174/1174/61 1453/1453/61 1454/1454/61
f 1174/1174/63 1454/1454/63 1452/1452/63
f 1348/1348/889 1452/1452/889 1349/1349/889
f 1349/1349/63 1452/1452/63 1455/1455/63
f 1349/1349/65 1455/1455/65 1350/1350/65
f 1455/1455/66 1456/1456/66 1350/1350/66
f 1350/1350/61 1456/1456/61 1444/1444/61
f 1350/1350/61 1444/1444/61 1235/1235/61
f 1451/1451/890 1450/1450/890 1453/1453/890
f 1453/1453/890 1450/1450/890 1449/1449/890
f 1453/1453/890 1449/1449/890 1454/1454/890
f 1454/1454/891 1449/1449/891 1448/1448/891
f 1454/1454/892 1448/1448/892 1452/1452/892
f 1452/1452/893 1448/1448/893 1447/1447/893
f 1452/1452/894 1447/1447/894 1455/1455/894
f 1455/1455/895 1447/1447/895 1446/1446/895
f 1455/1455/896 1446/1446/896 1456/1456/896
f 1456/1456/897 1446/1446/897 1445/1445/897
f 1456/1456/898 1445/1445/898 1444/1444/898
f 696/696/899 707/707/899 698/698/899
f 698/698/900 707/707/900 709/709/900
f 698/698/901 709/709/901 705/705/901
f 705/705/902 709/709/902 711/711/902
f 705/705/903 711/711/903 703/703/903
f 703/703/904 711/711/904 713/713/904
f 703/703/905 713/713/905 701/701/905
f 701/701/906 713/713/906 715/715/906
f 701/701/907 715/715/907 699/699/907
f 699/699/908 715/715/908 693/693/908
f 699/699/909 693/693/909 691/691/909
f 1379/1379/910 1378/1378/910 1457/1457/910
f 1372/1372/911 1371/1371/911 1458/1458/911
f 1372/1372/912 1458/1458/912 1373/1373/912
f 1373/1373/913 1458/1458/913 1459/1459/913
f 1373/1373/914 1459/1459/914 1374/1374/914
f 1374/1374/914 1459/1459/914 1375/1375/914
f 1375/1375/915 1459/1459/915 1460/1460/915
f 1375/1375/916 1460/1460/916 1376/1376/916
f 1457/1457/917 1378/1378/917 1460/1460/917
f 1460/1460/918 1378/1378/918 1377/1377/918
f 1460/1460/916 1377/1377/916 1376/1376/916
f 1379/1379/919 1457/1457/919 1380/1380/919
f 1380/1380/920 1457/1457/920 1461/1461/920
f 1380/1380/921 1461/1461/921 1381/1381/921
f 1381/1381/922 1461/1461/922 1462/1462/922
f 1381/1381/923 1462/1462/923 1382/1382/923
f 1382/1382/923 1462/1462/923 1383/1383/923
f 1383/1383/924 1462/1462/924 1463/1463/924
f 1383/1383/925 1463/1463/925 1384/1384/925
f 1384/1384/926 1463/1463/926 1370/1370/926
f 1370/1370/927 1463/1463/927 1464/1464/927
f 1370/1370/928 1464/1464/928 1386/1386/928
f 1465/1465/929 1387/1387/929 1466/1466/929
f 1466/1466/930 1387/1387/930 1388/1388/930
f 1466/1466/931 1388/1388/931 1464/1464/931
f 1464/1464/932 1388/1388/932 1389/1389/932
f 1464/1464/933 1389/1389/933 1386/1386/933
f 1386/1386/934 1389/1389/934 1390/1390/934
f 1386/1386/934 1390/1390/934 1385/1385/934
f 1467/1467/935 1398/1398/935 1465/1465/935
f 1465/1465/936 1398/1398/936 1399/1399/936
f 1465/1465/936 1399/1399/936 1387/1387/936
f 1394/1394/937 1395/1395/937 1468/1468/937
f 1468/1468/937 1395/1395/937 1396/1396/937
f 1468/1468/938 1396/1396/938 1467/1467/938
f 1467/1467/939 1396/1396/939 1397/1397/939
f 1467/1467/939 1397/1397/939 1398/1398/939
f 1469/1469/940 1470/1470/940 1393/1393/940
f 1393/1393/941 1470/1470/941 1392/1392/941
f 1391/1391/942 1392/1392/942 1402/1402/942
f 1402/1402/943 1392/1392/943 1470/1470/943
f 1402/1402/944 1470/1470/944 1401/1401/944
f 1401/1401/945 1470/1470/945 1416/1416/945
f 1401/1401/946 1416/1416/946 1400/1400/946
f 1411/1411/947 1412/1412/947 1468/1468/947
f 1468/1468/948 1412/1412/948 1469/1469/948
f 1468/1468/949 1469/1469/949 1394/1394/949
f 1394/1394/950 1469/1469/950 1393/1393/950
f 1412/1412/951 1413/1413/951 1469/1469/951
f 1469/1469/952 1413/1413/952 1414/1414/952
f 1469/1469/953 1414/1414/953 1470/1470/953
f 1470/1470/954 1414/1414/954 1415/1415/954
f 1470/1470/955 1415/1415/955 1416/1416/955
f 1411/1411/956 1468/1468/956 1410/1410/956
f 1410/1410/957 1468/1468/957 1467/1467/957
f 1410/1410/958 1467/1467/958 1409/1409/958
f 1409/1409/959 1467/1467/959 1465/1465/959
f 1409/1409/960 1465/1465/960 1408/1408/960
f 1408/1408/960 1465/1465/960 1407/1407/960
f 1407/1407/961 1465/1465/961 1466/1466/961
f 1407/1407/962 1466/1466/962 1406/1406/962
f 1406/1406/963 1466/1466/963 1405/1405/963
f 1405/1405/964 1466/1466/964 1464/1464/964
f 1405/1405/965 1464/1464/965 1404/1404/965
f 1404/1404/965 1464/1464/965 1403/1403/965
f 1403/1403/966 1464/1464/966 1463/1463/966
f 1403/1403/967 1463/1463/967 1417/1417/967
f 1461/1461/968 1420/1420/968 1462/1462/968
f 1462/1462/969 1420/1420/969 1419/1419/969
f 1462/1462/970 1419/1419/970 1463/1463/970
f 1463/1463/971 1419/1419/971 1418/1418/971
f 1463/1463/967 1418/1418/967 1417/1417/967
f 1424/1424/972 1423/1423/972 1457/1457/972
f 1457/1457/972 1423/1423/972 1422/1422/972
f 1457/1457/973 1422/1422/973 1461/1461/973
f 1461/1461/974 1422/1422/974 1421/1421/974
f 1461/1461/974 1421/1421/974 1420/1420/974
f 1424/1424/975 1457/1457/975 1425/1425/975
f 1425/1425/976 1457/1457/976 1460/1460/976
f 1425/1425/977 1460/1460/977 1426/1426/977
f 1426/1426/978 1460/1460/978 1459/1459/978
f 1426/1426/979 1459/1459/979 1427/1427/979
f 1427/1427/979 1459/1459/979 1428/1428/979
f 1428/1428/980 1459/1459/980 1458/1458/980
f 1428/1428/981 1458/1458/981 1429/1429/981
f 1429/1429/982 1458/1458/982 1371/1371/982
f 1429/1429/983 1371/1371/983 1430/1430/983
f 1430/1430/984 1371/1371/984 1369/1369/984
f 1430/1430/985 1369/1369/985 1431/1431/985
f 1431/1431/986 1369/1369/986 1361/1361/986
f 1431/1431/987 1361/1361/987 1432/1432/987
f 1432/1432/988 1361/1361/988 1362/1362/988
f 1432/1432/989 1362/1362/989 1433/1433/989
f 1433/1433/989 1362/1362/989 1434/1434/989
f 1434/1434/990 1362/1362/990 1363/1363/990
f 1434/1434/991 1363/1363/991 1435/1435/991
f 1435/1435/992 1363/1363/992 1364/1364/992
f 1435/1435/993 1364/1364/993 1436/1436/993
f 1436/1436/994 1364/1364/994 1365/1365/994
f 1436/1436/995 1365/1365/995 1437/1437/995
f 1437/1437/996 1365/1365/996 1366/1366/996
f 1437/1437/997 1366/1366/997 1438/1438/997
f 1438/1438/998 1366/1366/998 1367/1367/998
f 1438/1438/999 1367/1367/999 1439/1439/999
f 1439/1439/1000 1367/1367/1000 1368/1368/1000
f 1439/1439/1001 1368/1368/1001 1440/1440/1001
f 1440/1440/1002 1368/1368/1002 1356/1356/1002
f 1440/1440/1003 1356/1356/1003 1441/1441/1003
f 1441/1441/1004 1356/1356/1004 1357/1357/1004
f 1441/1441/1005 1357/1357/1005 1442/1442/1005
f 1442/1442/1006 1357/1357/1006 1358/1358/1006
f 1442/1442/1007 1358/1358/1007 1443/1443/1007
f 1443/1443/1007 1358/1358/1007 1359/1359/1007
f 1443/1443/1007 1359/1359/1007 1360/1360/1007
f 558/558/1008 1471/1471/1008 542/542/1008
f 602/602/1009 604/604/1009 614/614/1009
f 621/621/1010 623/623/1010 1472/1472/1010
f 511/511/1011 513/513/1011 668/668/1011
f 668/668/1012 513/513/1012 515/515/1012
f 668/668/1013 515/515/1013 670/670/1013
f 670/670/1014 515/515/1014 517/517/1014
f 670/670/1015 517/517/1015 671/671/1015
f 671/671/1016 517/517/1016 520/520/1016
f 671/671/1017 520/520/1017 678/678/1017
f 678/678/1018 520/520/1018 522/522/1018
f 678/678/1019 522/522/1019 676/676/1019
f 676/676/1020 522/522/1020 524/524/1020
f 676/676/1021 524/524/1021 687/687/1021
f 687/687/1022 524/524/1022 526/526/1022
f 687/687/1023 526/526/1023 685/685/1023
f 685/685/1024 526/526/1024 528/528/1024
f 685/685/1025 528/528/1025 683/683/1025
f 683/683/1026 528/528/1026 530/530/1026
f 683/683/1027 530/530/1027 675/675/1027
f 675/675/1028 530/530/1028 532/532/1028
f 675/675/1029 532/532/1029 673/673/1029
f 673/673/1030 532/532/1030 534/534/1030
f 673/673/1031 534/534/1031 666/666/1031
f 666/666/1032 534/534/1032 536/536/1032
f 666/666/1033 536/536/1033 643/643/1033
f 643/643/1034 536/536/1034 641/641/1034
f 641/641/1035 536/536/1035 539/539/1035
f 641/641/1036 539/539/1036 639/639/1036
f 659/659/1037 661/661/1037 1473/1473/1037
f 1473/1473/1037 661/661/1037 663/663/1037
f 659/659/1038 1473/1473/1038 657/657/1038
f 657/657/1039 1473/1473/1039 1474/1474/1039
f 657/657/1040 1474/1474/1040 655/655/1040
f 655/655/1041 1474/1474/1041 1475/1475/1041
f 655/655/1042 1475/1475/1042 653/653/1042
f 653/653/1042 1475/1475/1042 651/651/1042
f 651/651/1043 1475/1475/1043 1476/1476/1043
f 651/651/1044 1476/1476/1044 649/649/1044
f 649/649/1045 1476/1476/1045 1477/1477/1045
f 649/649/1046 1477/1477/1046 647/647/1046
f 607/607/1047 609/609/1047 1478/1478/1047
f 1478/1478/1047 609/609/1047 611/611/1047
f 1478/1478/1048 611/611/1048 1479/1479/1048
f 1479/1479/1049 611/611/1049 636/636/1049
f 1479/1479/1050 636/636/1050 1477/1477/1050
f 1477/1477/1051 636/636/1051 638/638/1051
f 1477/1477/1046 638/638/1046 647/647/1046
f 607/607/1052 1478/1478/1052 633/633/1052
f 633/633/1053 1478/1478/1053 1480/1480/1053
f 633/633/1054 1480/1480/1054 631/631/1054
f 631/631/1055 1480/1480/1055 1481/1481/1055
f 631/631/1056 1481/1481/1056 629/629/1056
f 629/629/1057 1481/1481/1057 1482/1482/1057
f 629/629/1058 1482/1482/1058 627/627/1058
f 1472/1472/1059 623/623/1059 1482/1482/1059
f 1482/1482/1060 623/623/1060 625/625/1060
f 1482/1482/1058 625/625/1058 627/627/1058
f 1483/1483/1061 619/619/1061 621/621/1061
f 619/619/1061 1483/1483/1061 613/613/1061
f 613/613/1062 1483/1483/1062 1484/1484/1062
f 613/613/1063 1484/1484/1063 614/614/1063
f 576/576/1064 577/577/1064 600/600/1064
f 602/602/1065 614/614/1065 600/600/1065
f 600/600/1066 614/614/1066 1484/1484/1066
f 600/600/1067 1484/1484/1067 576/576/1067
f 576/576/1068 1484/1484/1068 1483/1483/1068
f 576/576/1069 1483/1483/1069 588/588/1069
f 621/621/1070 1472/1472/1070 1483/1483/1070
f 1483/1483/1071 1472/1472/1071 590/590/1071
f 1483/1483/1069 590/590/1069 588/588/1069
f 1481/1481/1072 596/596/1072 1482/1482/1072
f 1482/1482/1073 596/596/1073 594/594/1073
f 1482/1482/1074 594/594/1074 1472/1472/1074
f 1472/1472/1075 594/594/1075 592/592/1075
f 1472/1472/1075 592/592/1075 590/590/1075
f 583/583/1076 581/581/1076 1478/1478/1076
f 1478/1478/1076 581/581/1076 579/579/1076
f 1478/1478/1077 579/579/1077 1480/1480/1077
f 1480/1480/1078 579/579/1078 599/599/1078
f 1480/1480/1079 599/599/1079 1481/1481/1079
f 1481/1481/1080 599/599/1080 598/598/1080
f 1481/1481/1080 598/598/1080 596/596/1080
f 571/571/1081 585/585/1081 569/569/1081
f 569/569/1081 585/585/1081 583/583/1081
f 569/569/1081 583/583/1081 546/546/1081
f 583/583/1082 1478/1478/1082 546/546/1082
f 546/546/1083 1478/1478/1083 1479/1479/1083
f 546/546/1084 1479/1479/1084 545/545/1084
f 545/545/1085 1479/1479/1085 1477/1477/1085
f 545/545/1086 1477/1477/1086 548/548/1086
f 1474/1474/1087 556/556/1087 1475/1475/1087
f 1475/1475/1088 556/556/1088 554/554/1088
f 1475/1475/1089 554/554/1089 1476/1476/1089
f 1476/1476/1090 554/554/1090 552/552/1090
f 1476/1476/1091 552/552/1091 1477/1477/1091
f 1477/1477/1092 552/552/1092 550/550/1092
f 1477/1477/1086 550/550/1086 548/548/1086
f 560/560/1093 562/562/1093 1473/1473/1093
f 1473/1473/1093 562/562/1093 564/564/1093
f 1473/1473/1094 564/564/1094 1474/1474/1094
f 1474/1474/1095 564/564/1095 566/566/1095
f 1474/1474/1096 566/566/1096 556/556/1096
f 539/539/1097 540/540/1097 639/639/1097
f 639/639/1098 540/540/1098 542/542/1098
f 639/639/1099 542/542/1099 663/663/1099
f 663/663/1100 542/542/1100 1471/1471/1100
f 663/663/1101 1471/1471/1101 1473/1473/1101
f 1473/1473/1102 1471/1471/1102 558/558/1102
f 1473/1473/1103 558/558/1103 560/560/1103
f 1133/1133/1104 1132/1132/1104 898/898/1104
f 873/873/1105 874/874/1105 886/886/1105
f 1161/1161/1106 873/873/1106 1135/1135/1106
f 1135/1135/1107 873/873/1107 886/886/1107
f 1135/1135/1108 886/886/1108 1136/1136/1108
f 898/898/1109 1132/1132/1109 896/896/1109
f 1133/1133/1110 898/898/1110 1163/1163/1110
f 1163/1163/1111 898/898/1111 900/900/1111
f 1163/1163/1112 900/900/1112 1186/1186/1112
f 1132/1132/1113 1130/1130/1113 896/896/1113
f 896/896/1113 1130/1130/1113 1129/1129/1113
f 896/896/1114 1129/1129/1114 893/893/1114
f 893/893/1115 1129/1129/1115 1139/1139/1115
f 893/893/1116 1139/1139/1116 891/891/1116
f 891/891/1117 1139/1139/1117 1138/1138/1117
f 891/891/1118 1138/1138/1118 886/886/1118
f 886/886/1119 1138/1138/1119 1137/1137/1119
f 886/886/1120 1137/1137/1120 1136/1136/1120
f 852/852/1121 851/851/1121 962/962/1121
f 962/962/1122 851/851/1122 1227/1227/1122
f 903/903/1123 905/905/1123 959/959/1123
f 1220/1220/1124 903/903/1124 1221/1221/1124
f 1221/1221/1125 903/903/1125 959/959/1125
f 1221/1221/1126 959/959/1126 1223/1223/1126
f 1223/1223/1127 959/959/1127 957/957/1127
f 1223/1223/1128 957/957/1128 1224/1224/1128
f 1224/1224/1129 957/957/1129 956/956/1129
f 1224/1224/1130 956/956/1130 1227/1227/1130
f 1227/1227/1131 956/956/1131 963/963/1131
f 1227/1227/1132 963/963/1132 962/962/1132
f 1186/1186/1133 900/900/1133 1220/1220/1133
f 1220/1220/1134 900/900/1134 902/902/1134
f 1220/1220/1135 902/902/1135 903/903/1135
f 509/509/4 1485/1485/4 510/510/4
f 1486/1486/1136 1487/1487/1136 257/257/1136
f 257/257/1136 1487/1487/1136 255/255/1136
f 257/257/1137 255/255/1137 258/258/1137
f 258/258/1137 255/255/1137 253/253/1137
f 1488/1488/1138 1487/1487/1138 1489/1489/1138
f 1489/1489/1138 1487/1487/1138 1486/1486/1138
f 246/246/1139 245/245/1139 1490/1490/1139
f 1490/1490/1140 245/245/1140 1488/1488/1140
f 1490/1490/1140 1488/1488/1140 1491/1491/1140
f 1491/1491/1140 1488/1488/1140 1489/1489/1140
f 1491/1491/1141 1489/1489/1141 161/161/1141
f 161/161/1140 1489/1489/1140 162/162/1140
f 167/167/1142 168/168/1142 1492/1492/1142
f 1492/1492/1143 168/168/1143 1493/1493/1143
f 1492/1492/1143 1493/1493/1143 1494/1494/1143
f 1494/1494/1143 1493/1493/1143 1495/1495/1143
f 1494/1494/1144 1495/1495/1144 242/242/1144
f 242/242/1143 1495/1495/1143 243/243/1143
f 1495/1495/1145 1493/1493/1145 1496/1496/1145
f 1496/1496/1145 1493/1493/1145 1497/1497/1145
f 1496/1496/1145 1497/1497/1145 491/491/1145
f 491/491/1145 1497/1497/1145 495/495/1145
f 430/430/1146 431/431/1146 471/471/1146
f 471/471/1146 431/431/1146 1498/1498/1146
f 260/260/1146 259/259/1146 432/432/1146
f 432/432/1146 259/259/1146 483/483/1146
f 432/432/1146 483/483/1146 431/431/1146
f 431/431/1146 483/483/1146 481/481/1146
f 431/431/1146 481/481/1146 1498/1498/1146
f 501/501/1147 510/510/1147 1485/1485/1147
f 254/254/1147 252/252/1147 500/500/1147
f 1485/1485/1147 1499/1499/1147 501/501/1147
f 501/501/1147 1499/1499/1147 472/472/1147
f 501/501/1147 472/472/1147 500/500/1147
f 500/500/1147 472/472/1147 474/474/1147
f 500/500/1147 474/474/1147 254/254/1147
f 1497/1497/1148 1498/1498/1148 495/495/1148
f 495/495/1148 1498/1498/1148 481/481/1148
f 495/495/1148 481/481/1148 477/477/1148
f 476/476/1149 472/472/1149 491/491/1149
f 491/491/1149 472/472/1149 1499/1499/1149
f 491/491/1149 1499/1499/1149 1496/1496/1149
f 1500/1500/1150 1501/1501/1150 493/493/1150
f 493/493/1150 1501/1501/1150 494/494/1150
f 1501/1501/1151 1502/1502/1151 494/494/1151
f 494/494/1152 1502/1502/1152 496/496/1152
f 1502/1502/1153 1503/1503/1153 496/496/1153
f 496/496/1153 1503/1503/1153 497/497/1153
f 1503/1503/1154 1504/1504/1154 497/497/1154
f 497/497/1154 1504/1504/1154 492/492/1154
f 1504/1504/1155 1500/1500/1155 492/492/1155
f 492/492/1155 1500/1500/1155 493/493/1155
f 1504/1504/15 1503/1503/15 1500/1500/15
f 1500/1500/15 1503/1503/15 1502/1502/15
f 1500/1500/15 1502/1502/15 1501/1501/15
f 1505/1505/1156 1506/1506/1156 490/490/1156
f 490/490/1157 1506/1506/1157 488/488/1157
f 1506/1506/1154 1507/1507/1154 488/488/1154
f 488/488/1154 1507/1507/1154 489/489/1154
f 1507/1507/1150 1505/1505/1150 489/489/1150
f 489/489/1150 1505/1505/1150 490/490/1150
f 1505/1505/15 1507/1507/15 1506/1506/15
f 452/452/4 455/455/4 482/482/4
f 482/482/4 455/455/4 480/480/4
f 455/455/1158 457/457/1158 480/480/1158
f 480/480/1158 457/457/1158 479/479/1158
f 457/457/1138 450/450/1138 479/479/1138
f 479/479/1138 450/450/1138 478/478/1138
f 450/450/5 449/449/5 478/478/5
f 478/478/5 449/449/5 484/484/5
f 449/449/9 452/452/9 484/484/9
f 484/484/9 452/452/9 482/482/9
f 460/460/5 461/461/5 487/487/5
f 487/487/5 461/461/5 473/473/5
f 461/461/9 463/463/9 473/473/9
f 473/473/9 463/463/9 475/475/9
f 463/463/4 466/466/4 475/475/4
f 475/475/4 466/466/4 485/485/4
f 466/466/1138 469/469/1138 485/485/1138
f 485/485/1138 469/469/1138 486/486/1138
f 469/469/1159 460/460/1159 486/486/1159
f 486/486/1159 460/460/1159 487/487/1159
f 462/462/1160 434/434/1160 433/433/1160
f 1508/1508/1160 1509/1509/1160 1510/1510/1160
f 1510/1510/1161 1509/1509/1161 1511/1511/1161
f 1510/1510/1160 1511/1511/1160 1512/1512/1160
f 1512/1512/1160 1511/1511/1160 462/462/1160
f 1512/1512/1160 462/462/1160 1513/1513/1160
f 1513/1513/1160 462/462/1160 433/433/1160
f 1508/1508/4 1510/1510/4 1514/1514/4
f 1514/1514/4 1510/1510/4 1515/1515/4
f 1516/1516/1162 1517/1517/1162 1514/1514/1162
f 435/435/1162 436/436/1162 1518/1518/1162
f 1518/1518/1162 436/436/1162 470/470/1162
f 1518/1518/1162 470/470/1162 1519/1519/1162
f 1519/1519/1162 470/470/1162 1516/1516/1162
f 1519/1519/1162 1516/1516/1162 1515/1515/1162
f 1515/1515/1162 1516/1516/1162 1514/1514/1162
f 1520/1520/9 1516/1516/9 468/468/9
f 468/468/9 1516/1516/9 470/470/9
f 468/468/1163 467/467/1163 1521/1521/1163
f 444/444/1163 1522/1522/1163 443/443/1163
f 443/443/1163 1522/1522/1163 1520/1520/1163
f 443/443/1163 1520/1520/1163 1523/1523/1163
f 1523/1523/1163 1520/1520/1163 468/468/1163
f 1523/1523/1163 468/468/1163 1524/1524/1163
f 1524/1524/1163 468/468/1163 1521/1521/1163
f 1521/1521/5 467/467/5 1525/1525/5
f 1525/1525/5 467/467/5 465/465/5
f 1526/1526/1164 1527/1527/1164 442/442/1164
f 1525/1525/1164 465/465/1164 1528/1528/1164
f 1528/1528/1164 465/465/1164 464/464/1164
f 1528/1528/1164 464/464/1164 1529/1529/1164
f 1529/1529/1164 464/464/1164 1526/1526/1164
f 1529/1529/1164 1526/1526/1164 441/441/1164
f 441/441/1164 1526/1526/1164 442/442/1164
f 1511/1511/1138 1526/1526/1138 462/462/1138
f 462/462/1138 1526/1526/1138 464/464/1138
f 1530/1530/6 1531/1531/6 1516/1516/6
f 1532/1532/6 1533/1533/6 1517/1517/6
f 1517/1517/6 1533/1533/6 1534/1534/6
f 1517/1517/6 1534/1534/6 1509/1509/6
f 1509/1509/6 1534/1534/6 1535/1535/6
f 1536/1536/6 1511/1511/6 1537/1537/6
f 1537/1537/6 1511/1511/6 1538/1538/6
f 1526/1526/6 1539/1539/6 1540/1540/6
f 1535/1535/6 1541/1541/6 1509/1509/6
f 1509/1509/6 1541/1541/6 1542/1542/6
f 1509/1509/6 1542/1542/6 1511/1511/6
f 1511/1511/6 1542/1542/6 1543/1543/6
f 1511/1511/6 1543/1543/6 1538/1538/6
f 1536/1536/6 1544/1544/6 1511/1511/6
f 1511/1511/6 1544/1544/6 1545/1545/6
f 1511/1511/6 1545/1545/6 1526/1526/6
f 1526/1526/6 1545/1545/6 1546/1546/6
f 1526/1526/6 1546/1546/6 1539/1539/6
f 1547/1547/6 1548/1548/6 1520/1520/6
f 1520/1520/6 1548/1548/6 1549/1549/6
f 1520/1520/6 1549/1549/6 1550/1550/6
f 1550/1550/6 1551/1551/6 1520/1520/6
f 1520/1520/6 1551/1551/6 1552/1552/6
f 1520/1520/6 1552/1552/6 1516/1516/6
f 1516/1516/6 1552/1552/6 1553/1553/6
f 1516/1516/6 1553/1553/6 1530/1530/6
f 1531/1531/6 1554/1554/6 1516/1516/6
f 1516/1516/6 1554/1554/6 1555/1555/6
f 1516/1516/6 1555/1555/6 1517/1517/6
f 1517/1517/6 1555/1555/6 1556/1556/6
f 1517/1517/6 1556/1556/6 1532/1532/6
f 1540/1540/6 1557/1557/6 1526/1526/6
f 1526/1526/6 1557/1557/6 1558/1558/6
f 1526/1526/6 1558/1558/6 1527/1527/6
f 1527/1527/6 1558/1558/6 1559/1559/6
f 1527/1527/6 1559/1559/6 1560/1560/6
f 1547/1547/6 1520/1520/6 1561/1561/6
f 1561/1561/6 1520/1520/6 1522/1522/6
f 1561/1561/6 1522/1522/6 1562/1562/6
f 1560/1560/6 1563/1563/6 1527/1527/6
f 1527/1527/6 1563/1563/6 1564/1564/6
f 1527/1527/6 1564/1564/6 1522/1522/6
f 1522/1522/6 1564/1564/6 1565/1565/6
f 1522/1522/6 1565/1565/6 1562/1562/6
f 451/451/1160 438/438/1160 437/437/1160
f 1566/1566/1160 1567/1567/1160 1568/1568/1160
f 1568/1568/1160 1567/1567/1160 1569/1569/1160
f 1568/1568/1160 1569/1569/1160 1570/1570/1160
f 1570/1570/1160 1569/1569/1160 451/451/1160
f 1570/1570/1160 451/451/1160 1571/1571/1160
f 1571/1571/1160 451/451/1160 437/437/1160
f 1566/1566/4 1568/1568/4 1572/1572/4
f 1572/1572/4 1568/1568/4 1573/1573/4
f 1574/1574/1165 1575/1575/1165 1572/1572/1165
f 439/439/1162 440/440/1162 1576/1576/1162
f 1576/1576/1162 440/440/1162 459/459/1162
f 1576/1576/1162 459/459/1162 1577/1577/1162
f 1577/1577/1162 459/459/1162 1574/1574/1162
f 1577/1577/1162 1574/1574/1162 1573/1573/1162
f 1573/1573/1162 1574/1574/1162 1572/1572/1162
f 1578/1578/9 1574/1574/9 458/458/9
f 458/458/9 1574/1574/9 459/459/9
f 458/458/1163 456/456/1163 1579/1579/1163
f 448/448/1163 1580/1580/1163 447/447/1163
f 447/447/1163 1580/1580/1163 1578/1578/1163
f 447/447/1163 1578/1578/1163 1581/1581/1163
f 1581/1581/1163 1578/1578/1163 458/458/1163
f 1581/1581/1163 458/458/1163 1582/1582/1163
f 1582/1582/1163 458/458/1163 1579/1579/1163
f 1579/1579/5 456/456/5 1583/1583/5
f 1583/1583/5 456/456/5 454/454/5
f 1584/1584/1164 1585/1585/1164 446/446/1164
f 1583/1583/1164 454/454/1164 1586/1586/1164
f 1586/1586/1164 454/454/1164 453/453/1164
f 1586/1586/1164 453/453/1164 1587/1587/1164
f 1587/1587/1164 453/453/1164 1584/1584/1164
f 1587/1587/1164 1584/1584/1164 445/445/1164
f 445/445/1164 1584/1584/1164 446/446/1164
f 1569/1569/1138 1584/1584/1138 451/451/1138
f 451/451/1138 1584/1584/1138 453/453/1138
f 1588/1588/6 1589/1589/6 1574/1574/6
f 1590/1590/6 1567/1567/6 1591/1591/6
f 1591/1591/6 1567/1567/6 1575/1575/6
f 1591/1591/6 1575/1575/6 1592/1592/6
f 1592/1592/6 1575/1575/6 1593/1593/6
f 1594/1594/6 1569/1569/6 1595/1595/6
f 1595/1595/6 1569/1569/6 1596/1596/6
f 1590/1590/6 1597/1597/6 1567/1567/6
f 1567/1567/6 1597/1597/6 1598/1598/6
f 1567/1567/6 1598/1598/6 1569/1569/6
f 1569/1569/6 1598/1598/6 1599/1599/6
f 1569/1569/6 1599/1599/6 1596/1596/6
f 1584/1584/6 1600/1600/6 1601/1601/6
f 1589/1589/6 1602/1602/6 1574/1574/6
f 1574/1574/6 1602/1602/6 1603/1603/6
f 1574/1574/6 1603/1603/6 1575/1575/6
f 1575/1575/6 1603/1603/6 1604/1604/6
f 1575/1575/6 1604/1604/6 1593/1593/6
f 1594/1594/6 1605/1605/6 1569/1569/6
f 1569/1569/6 1605/1605/6 1606/1606/6
f 1569/1569/6 1606/1606/6 1584/1584/6
f 1584/1584/6 1606/1606/6 1607/1607/6
f 1584/1584/6 1607/1607/6 1600/1600/6
f 1601/1601/6 1608/1608/6 1584/1584/6
f 1584/1584/6 1608/1608/6 1609/1609/6
f 1584/1584/6 1609/1609/6 1585/1585/6
f 1585/1585/6 1609/1609/6 1610/1610/6
f 1585/1585/6 1610/1610/6 1611/1611/6
f 1612/1612/6 1578/1578/6 1613/1613/6
f 1613/1613/6 1578/1578/6 1580/1580/6
f 1613/1613/6 1580/1580/6 1614/1614/6
f 1612/1612/6 1615/1615/6 1578/1578/6
f 1578/1578/6 1615/1615/6 1616/1616/6
f 1578/1578/6 1616/1616/6 1617/1617/6
f 1611/1611/6 1618/1618/6 1585/1585/6
f 1585/1585/6 1618/1618/6 1619/1619/6
f 1585/1585/6 1619/1619/6 1580/1580/6
f 1580/1580/6 1619/1619/6 1620/1620/6
f 1580/1580/6 1620/1620/6 1614/1614/6
f 1617/1617/6 1621/1621/6 1578/1578/6
f 1578/1578/6 1621/1621/6 1622/1622/6
f 1578/1578/6 1622/1622/6 1574/1574/6
f 1574/1574/6 1622/1622/6 1623/1623/6
f 1574/1574/6 1623/1623/6 1588/1588/6
f 1585/1585/1166 1580/1580/1166 446/446/1166
f 446/446/1166 1580/1580/1166 448/448/1166
f 445/445/1167 447/447/1167 1587/1587/1167
f 1587/1587/1167 447/447/1167 1581/1581/1167
f 1587/1587/5 1581/1581/5 1586/1586/5
f 1586/1586/5 1581/1581/5 1582/1582/5
f 1586/1586/1168 1582/1582/1168 1583/1583/1168
f 1583/1583/1168 1582/1582/1168 1579/1579/1168
f 1527/1527/1166 1522/1522/1166 442/442/1166
f 442/442/1166 1522/1522/1166 444/444/1166
f 441/441/1167 443/443/1167 1529/1529/1167
f 1529/1529/1167 443/443/1167 1523/1523/1167
f 1529/1529/5 1523/1523/5 1528/1528/5
f 1528/1528/5 1523/1523/5 1524/1524/5
f 1528/1528/1168 1524/1524/1168 1525/1525/1168
f 1525/1525/1168 1524/1524/1168 1521/1521/1168
f 1576/1576/1169 1571/1571/1169 439/439/1169
f 439/439/1169 1571/1571/1169 437/437/1169
f 1577/1577/4 1570/1570/4 1576/1576/4
f 1576/1576/4 1570/1570/4 1571/1571/4
f 1573/1573/1170 1568/1568/1170 1577/1577/1170
f 1577/1577/1170 1568/1568/1170 1570/1570/1170
f 1575/1575/1171 1567/1567/1171 1572/1572/1171
f 1572/1572/1171 1567/1567/1171 1566/1566/1171
f 1518/1518/1169 1513/1513/1169 435/435/1169
f 435/435/1169 1513/1513/1169 433/433/1169
f 1519/1519/4 1512/1512/4 1518/1518/4
f 1518/1518/4 1512/1512/4 1513/1513/4
f 1515/1515/1170 1510/1510/1170 1519/1519/1170
f 1519/1519/1170 1510/1510/1170 1512/1512/1170
f 1517/1517/1171 1509/1509/1171 1514/1514/1171
f 1514/1514/1171 1509/1509/1171 1508/1508/1171
f 1624/1624/1172 1591/1591/1172 1625/1625/1172
f 1625/1625/1173 1591/1591/1173 1592/1592/1173
f 1625/1625/1174 1592/1592/1174 1626/1626/1174
f 1626/1626/1175 1592/1592/1175 1593/1593/1175
f 1626/1626/1176 1593/1593/1176 1627/1627/1176
f 1627/1627/1177 1593/1593/1177 1604/1604/1177
f 1627/1627/1178 1604/1604/1178 1628/1628/1178
f 1628/1628/1179 1604/1604/1179 1603/1603/1179
f 1628/1628/1180 1603/1603/1180 1629/1629/1180
f 1629/1629/1181 1603/1603/1181 1602/1602/1181
f 1629/1629/1164 1602/1602/1164 1630/1630/1164
f 1630/1630/1182 1602/1602/1182 1589/1589/1182
f 1630/1630/1183 1589/1589/1183 1631/1631/1183
f 1631/1631/1184 1589/1589/1184 1588/1588/1184
f 1631/1631/1184 1588/1588/1184 1632/1632/1184
f 1632/1632/1185 1588/1588/1185 1623/1623/1185
f 1632/1632/1185 1623/1623/1185 1633/1633/1185
f 1633/1633/1186 1623/1623/1186 1622/1622/1186
f 1633/1633/1186 1622/1622/1186 1634/1634/1186
f 1634/1634/1187 1622/1622/1187 1621/1621/1187
f 1634/1634/1187 1621/1621/1187 1635/1635/1187
f 1635/1635/1188 1621/1621/1188 1617/1617/1188
f 1635/1635/1188 1617/1617/1188 1636/1636/1188
f 1636/1636/1189 1617/1617/1189 1616/1616/1189
f 1636/1636/1189 1616/1616/1189 1637/1637/1189
f 1637/1637/1190 1616/1616/1190 1615/1615/1190
f 1637/1637/1190 1615/1615/1190 1638/1638/1190
f 1638/1638/1191 1615/1615/1191 1612/1612/1191
f 1638/1638/1192 1612/1612/1192 1639/1639/1192
f 1639/1639/1193 1612/1612/1193 1613/1613/1193
f 1639/1639/1194 1613/1613/1194 1640/1640/1194
f 1640/1640/1195 1613/1613/1195 1614/1614/1195
f 1640/1640/1195 1614/1614/1195 1641/1641/1195
f 1641/1641/1196 1614/1614/1196 1620/1620/1196
f 1641/1641/1196 1620/1620/1196 1642/1642/1196
f 1642/1642/1197 1620/1620/1197 1619/1619/1197
f 1642/1642/1198 1619/1619/1198 1643/1643/1198
f 1643/1643/1199 1619/1619/1199 1618/1618/1199
f 1643/1643/1200 1618/1618/1200 1644/1644/1200
f 1644/1644/1201 1618/1618/1201 1611/1611/1201
f 1644/1644/1201 1611/1611/1201 1645/1645/1201
f 1645/1645/1202 1611/1611/1202 1610/1610/1202
f 1645/1645/1202 1610/1610/1202 1646/1646/1202
f 1646/1646/1203 1610/1610/1203 1609/1609/1203
f 1646/1646/1204 1609/1609/1204 1647/1647/1204
f 1647/1647/1205 1609/1609/1205 1608/1608/1205
f 1647/1647/1206 1608/1608/1206 1648/1648/1206
f 1648/1648/1207 1608/1608/1207 1601/1601/1207
f 1648/1648/1207 1601/1601/1207 1649/1649/1207
f 1649/1649/1208 1601/1601/1208 1600/1600/1208
f 1649/1649/1208 1600/1600/1208 1650/1650/1208
f 1650/1650/1209 1600/1600/1209 1607/1607/1209
f 1650/1650/1209 1607/1607/1209 1651/1651/1209
f 1651/1651/1210 1607/1607/1210 1606/1606/1210
f 1651/1651/1210 1606/1606/1210 1652/1652/1210
f 1652/1652/1211 1606/1606/1211 1605/1605/1211
f 1652/1652/1211 1605/1605/1211 1653/1653/1211
f 1653/1653/1212 1605/1605/1212 1594/1594/1212
f 1653/1653/1212 1594/1594/1212 1654/1654/1212
f 1654/1654/1213 1594/1594/1213 1595/1595/1213
f 1654/1654/1213 1595/1595/1213 1655/1655/1213
f 1655/1655/1214 1595/1595/1214 1596/1596/1214
f 1655/1655/1215 1596/1596/1215 1656/1656/1215
f 1656/1656/1163 1596/1596/1163 1599/1599/1163
f 1656/1656/1216 1599/1599/1216 1657/1657/1216
f 1657/1657/1217 1599/1599/1217 1598/1598/1217
f 1657/1657/1218 1598/1598/1218 1658/1658/1218
f 1658/1658/1219 1598/1598/1219 1597/1597/1219
f 1658/1658/1220 1597/1597/1220 1659/1659/1220
f 1659/1659/1221 1597/1597/1221 1590/1590/1221
f 1659/1659/1222 1590/1590/1222 1624/1624/1222
f 1624/1624/1223 1590/1590/1223 1591/1591/1223
f 1628/1628/6 1629/1629/6 1655/1655/6
f 1645/1645/6 1646/1646/6 1632/1632/6
f 1632/1632/6 1646/1646/6 1647/1647/6
f 1632/1632/6 1647/1647/6 1631/1631/6
f 1647/1647/6 1648/1648/6 1631/1631/6
f 1631/1631/6 1648/1648/6 1649/1649/6
f 1631/1631/6 1649/1649/6 1650/1650/6
f 1650/1650/6 1651/1651/6 1631/1631/6
f 1631/1631/6 1651/1651/6 1652/1652/6
f 1631/1631/6 1652/1652/6 1653/1653/6
f 1657/1657/6 1658/1658/6 1627/1627/6
f 1627/1627/6 1658/1658/6 1659/1659/6
f 1653/1653/6 1654/1654/6 1631/1631/6
f 1631/1631/6 1654/1654/6 1655/1655/6
f 1631/1631/6 1655/1655/6 1630/1630/6
f 1630/1630/6 1655/1655/6 1629/1629/6
f 1628/1628/6 1655/1655/6 1627/1627/6
f 1627/1627/6 1655/1655/6 1656/1656/6
f 1627/1627/6 1656/1656/6 1657/1657/6
f 1632/1632/6 1633/1633/6 1645/1645/6
f 1645/1645/6 1633/1633/6 1634/1634/6
f 1645/1645/6 1634/1634/6 1635/1635/6
f 1659/1659/6 1624/1624/6 1627/1627/6
f 1627/1627/6 1624/1624/6 1625/1625/6
f 1627/1627/1224 1625/1625/1224 1626/1626/1224
f 1635/1635/6 1636/1636/6 1645/1645/6
f 1645/1645/6 1636/1636/6 1637/1637/6
f 1645/1645/6 1637/1637/6 1638/1638/6
f 1643/1643/1224 1640/1640/1224 1642/1642/1224
f 1642/1642/1225 1640/1640/1225 1641/1641/1225
f 1638/1638/6 1639/1639/6 1645/1645/6
f 1645/1645/6 1639/1639/6 1640/1640/6
f 1645/1645/6 1640/1640/6 1644/1644/6
f 1644/1644/6 1640/1640/6 1643/1643/6
f 1660/1660/1223 1534/1534/1223 1661/1661/1223
f 1661/1661/1174 1534/1534/1174 1533/1533/1174
f 1661/1661/1174 1533/1533/1174 1662/1662/1174
f 1662/1662/1176 1533/1533/1176 1532/1532/1176
f 1662/1662/1226 1532/1532/1226 1663/1663/1226
f 1663/1663/1178 1532/1532/1178 1556/1556/1178
f 1663/1663/1177 1556/1556/1177 1664/1664/1177
f 1664/1664/1227 1556/1556/1227 1555/1555/1227
f 1664/1664/1227 1555/1555/1227 1665/1665/1227
f 1665/1665/1164 1555/1555/1164 1554/1554/1164
f 1665/1665/1164 1554/1554/1164 1666/1666/1164
f 1666/1666/1228 1554/1554/1228 1531/1531/1228
f 1666/1666/1182 1531/1531/1182 1667/1667/1182
f 1667/1667/1229 1531/1531/1229 1530/1530/1229
f 1667/1667/1229 1530/1530/1229 1668/1668/1229
f 1668/1668/1185 1530/1530/1185 1553/1553/1185
f 1668/1668/1230 1553/1553/1230 1669/1669/1230
f 1669/1669/1186 1553/1553/1186 1552/1552/1186
f 1669/1669/1186 1552/1552/1186 1670/1670/1186
f 1670/1670/1187 1552/1552/1187 1551/1551/1187
f 1670/1670/1187 1551/1551/1187 1671/1671/1187
f 1671/1671/1231 1551/1551/1231 1550/1550/1231
f 1671/1671/1188 1550/1550/1188 1672/1672/1188
f 1672/1672/1189 1550/1550/1189 1549/1549/1189
f 1672/1672/1189 1549/1549/1189 1673/1673/1189
f 1673/1673/1232 1549/1549/1232 1548/1548/1232
f 1673/1673/1232 1548/1548/1232 1674/1674/1232
f 1674/1674/1160 1548/1548/1160 1547/1547/1160
f 1674/1674/1191 1547/1547/1191 1675/1675/1191
f 1675/1675/1233 1547/1547/1233 1561/1561/1233
f 1675/1675/1233 1561/1561/1233 1676/1676/1233
f 1676/1676/1234 1561/1561/1234 1562/1562/1234
f 1676/1676/1195 1562/1562/1195 1677/1677/1195
f 1677/1677/1196 1562/1562/1196 1565/1565/1196
f 1677/1677/1235 1565/1565/1235 1678/1678/1235
f 1678/1678/1236 1565/1565/1236 1564/1564/1236
f 1678/1678/1197 1564/1564/1197 1679/1679/1197
f 1679/1679/1200 1564/1564/1200 1563/1563/1200
f 1679/1679/1237 1563/1563/1237 1680/1680/1237
f 1680/1680/1238 1563/1563/1238 1560/1560/1238
f 1680/1680/1201 1560/1560/1201 1681/1681/1201
f 1681/1681/1202 1560/1560/1202 1559/1559/1202
f 1681/1681/1239 1559/1559/1239 1682/1682/1239
f 1682/1682/1240 1559/1559/1240 1558/1558/1240
f 1682/1682/1240 1558/1558/1240 1683/1683/1240
f 1683/1683/1206 1558/1558/1206 1557/1557/1206
f 1683/1683/1162 1557/1557/1162 1684/1684/1162
f 1684/1684/1241 1557/1557/1241 1540/1540/1241
f 1684/1684/1241 1540/1540/1241 1685/1685/1241
f 1685/1685/1208 1540/1540/1208 1539/1539/1208
f 1685/1685/1208 1539/1539/1208 1686/1686/1208
f 1686/1686/1209 1539/1539/1209 1546/1546/1209
f 1686/1686/1242 1546/1546/1242 1687/1687/1242
f 1687/1687/1210 1546/1546/1210 1545/1545/1210
f 1687/1687/1210 1545/1545/1210 1688/1688/1210
f 1688/1688/1211 1545/1545/1211 1544/1544/1211
f 1688/1688/1211 1544/1544/1211 1689/1689/1211
f 1689/1689/1243 1544/1544/1243 1536/1536/1243
f 1689/1689/1212 1536/1536/1212 1690/1690/1212
f 1690/1690/1244 1536/1536/1244 1537/1537/1244
f 1690/1690/1244 1537/1537/1244 1691/1691/1244
f 1691/1691/1215 1537/1537/1215 1538/1538/1215
f 1691/1691/1245 1538/1538/1245 1692/1692/1245
f 1692/1692/1163 1538/1538/1163 1543/1543/1163
f 1692/1692/1163 1543/1543/1163 1693/1693/1163
f 1693/1693/1246 1543/1543/1246 1542/1542/1246
f 1693/1693/1246 1542/1542/1246 1694/1694/1246
f 1694/1694/1220 1542/1542/1220 1541/1541/1220
f 1694/1694/1219 1541/1541/1219 1695/1695/1219
f 1695/1695/1247 1541/1541/1247 1535/1535/1247
f 1695/1695/1221 1535/1535/1221 1660/1660/1221
f 1660/1660/1223 1535/1535/1223 1534/1534/1223
f 1667/1667/6 1683/1683/6 1684/1684/6
f 1690/1690/6 1691/1691/6 1667/1667/6
f 1667/1667/6 1691/1691/6 1692/1692/6
f 1667/1667/6 1692/1692/6 1693/1693/6
f 1684/1684/6 1685/1685/6 1667/1667/6
f 1667/1667/6 1685/1685/6 1686/1686/6
f 1667/1667/6 1686/1686/6 1687/1687/6
f 1687/1687/6 1688/1688/6 1667/1667/6
f 1667/1667/6 1688/1688/6 1689/1689/6
f 1667/1667/6 1689/1689/6 1690/1690/6
f 1668/1668/6 1681/1681/6 1667/1667/6
f 1667/1667/6 1681/1681/6 1682/1682/6
f 1667/1667/6 1682/1682/6 1683/1683/6
f 1693/1693/6 1694/1694/6 1667/1667/6
f 1667/1667/6 1694/1694/6 1695/1695/6
f 1667/1667/6 1695/1695/6 1660/1660/6
f 1668/1668/6 1669/1669/6 1681/1681/6
f 1681/1681/6 1669/1669/6 1670/1670/6
f 1681/1681/6 1670/1670/6 1671/1671/6
f 1671/1671/6 1672/1672/6 1681/1681/6
f 1681/1681/6 1672/1672/6 1673/1673/6
f 1681/1681/6 1673/1673/6 1674/1674/6
f 1679/1679/6 1676/1676/6 1678/1678/6
f 1678/1678/1225 1676/1676/1225 1677/1677/1225
f 1674/1674/6 1675/1675/6 1681/1681/6
f 1681/1681/6 1675/1675/6 1676/1676/6
f 1681/1681/6 1676/1676/6 1680/1680/6
f 1680/1680/6 1676/1676/6 1679/1679/6
f 1665/1665/6 1662/1662/6 1664/1664/6
f 1664/1664/1224 1662/1662/1224 1663/1663/1224
f 1660/1660/6 1661/1661/6 1667/1667/6
f 1667/1667/6 1661/1661/6 1662/1662/6
f 1667/1667/6 1662/1662/6 1666/1666/6
f 1666/1666/6 1662/1662/6 1665/1665/6
f 119/119/1248 1696/1696/1248 117/117/1248
f 117/117/1248 1696/1696/1248 1697/1697/1248
f 414/414/11 405/405/11 111/111/11
f 111/111/11 405/405/11 112/112/11
f 416/416/9 406/406/9 414/414/9
f 414/414/9 406/406/9 405/405/9
f 406/406/11 416/416/11 418/418/11
f 1698/1698/11 1699/1699/11 418/418/11
f 418/418/11 1699/1699/11 411/411/11
f 418/418/11 411/411/11 406/406/11
f 1700/1700/1249 1701/1701/1249 1702/1702/1249
f 1702/1702/1249 1701/1701/1249 1703/1703/1249
f 1702/1702/1249 1703/1703/1249 400/400/1249
f 400/400/1249 1703/1703/1249 399/399/1249
f 1696/1696/1138 1701/1701/1138 1697/1697/1138
f 1697/1697/1138 1701/1701/1138 1700/1700/1138
f 1704/1704/1250 1705/1705/1250 1706/1706/1250
f 1707/1707/1251 1708/1708/1251 1709/1709/1251
f 1710/1710/1252 1711/1711/1252 1712/1712/1252
f 1713/1713/1253 1714/1714/1253 1715/1715/1253
f 1716/1716/1254 1717/1717/1254 1718/1718/1254
f 1718/1718/1254 1717/1717/1254 1719/1719/1254
f 1719/1719/1254 1717/1717/1254 1720/1720/1254
f 1719/1719/1255 1720/1720/1255 1721/1721/1255
f 1721/1721/1256 1720/1720/1256 1722/1722/1256
f 1721/1721/1257 1722/1722/1257 1723/1723/1257
f 1723/1723/1258 1722/1722/1258 1724/1724/1258
f 1723/1723/1259 1724/1724/1259 1725/1725/1259
f 1725/1725/1260 1724/1724/1260 1726/1726/1260
f 1725/1725/1261 1726/1726/1261 1727/1727/1261
f 1727/1727/1262 1726/1726/1262 1728/1728/1262
f 1727/1727/1263 1728/1728/1263 1729/1729/1263
f 1729/1729/1264 1728/1728/1264 1730/1730/1264
f 1729/1729/1265 1730/1730/1265 1731/1731/1265
f 1731/1731/1266 1730/1730/1266 1732/1732/1266
f 1731/1731/1267 1732/1732/1267 1733/1733/1267
f 1733/1733/1268 1732/1732/1268 1734/1734/1268
f 1733/1733/1269 1734/1734/1269 1735/1735/1269
f 1735/1735/1270 1734/1734/1270 1736/1736/1270
f 1735/1735/1271 1736/1736/1271 1737/1737/1271
f 1737/1737/1272 1736/1736/1272 1738/1738/1272
f 1737/1737/1273 1738/1738/1273 1739/1739/1273
f 1739/1739/1274 1738/1738/1274 1740/1740/1274
f 1739/1739/1275 1740/1740/1275 1741/1741/1275
f 1741/1741/1276 1740/1740/1276 1742/1742/1276
f 1741/1741/1277 1742/1742/1277 1743/1743/1277
f 1743/1743/1278 1742/1742/1278 1744/1744/1278
f 1743/1743/1279 1744/1744/1279 1745/1745/1279
f 1715/1715/1280 1714/1714/1280 1746/1746/1280
f 1746/1746/1281 1714/1714/1281 1747/1747/1281
f 1746/1746/1282 1747/1747/1282 1745/1745/1282
f 1713/1713/1283 1715/1715/1283 1748/1748/1283
f 1748/1748/1284 1715/1715/1284 1749/1749/1284
f 1748/1748/1285 1749/1749/1285 1750/1750/1285
f 1750/1750/1286 1749/1749/1286 1751/1751/1286
f 1750/1750/1287 1751/1751/1287 1752/1752/1287
f 1712/1712/1288 1711/1711/1288 1751/1751/1288
f 1751/1751/1289 1711/1711/1289 1753/1753/1289
f 1751/1751/1287 1753/1753/1287 1752/1752/1287
f 1710/1710/1290 1712/1712/1290 1754/1754/1290
f 1754/1754/1291 1712/1712/1291 1706/1706/1291
f 1754/1754/1292 1706/1706/1292 1755/1755/1292
f 1755/1755/1293 1706/1706/1293 1756/1756/1293
f 1755/1755/1294 1756/1756/1294 1757/1757/1294
f 1758/1758/1295 1759/1759/1295 1760/1760/1295
f 1761/1761/1296 1762/1762/1296 1758/1758/1296
f 1758/1758/1297 1762/1762/1297 1763/1763/1297
f 1758/1758/1295 1763/1763/1295 1759/1759/1295
f 1709/1709/1298 1708/1708/1298 1764/1764/1298
f 1708/1708/1299 1765/1765/1299 1764/1764/1299
f 1764/1764/1300 1765/1765/1300 1766/1766/1300
f 1764/1764/1301 1766/1766/1301 1761/1761/1301
f 1761/1761/1302 1766/1766/1302 1767/1767/1302
f 1761/1761/1303 1767/1767/1303 1762/1762/1303
f 1768/1768/1304 1769/1769/1304 1770/1770/1304
f 1770/1770/1304 1769/1769/1304 1707/1707/1304
f 1771/1771/1305 1772/1772/1305 1773/1773/1305
f 1773/1773/1306 1772/1772/1306 1774/1774/1306
f 1773/1773/1307 1774/1774/1307 1775/1775/1307
f 1775/1775/1308 1774/1774/1308 1776/1776/1308
f 1775/1775/1309 1776/1776/1309 1777/1777/1309
f 1778/1778/1310 1779/1779/1310 1780/1780/1310
f 1781/1781/1311 1782/1782/1311 1772/1772/1311
f 1772/1772/1311 1782/1782/1311 1778/1778/1311
f 1772/1772/1312 1778/1778/1312 1774/1774/1312
f 1774/1774/1313 1778/1778/1313 1780/1780/1313
f 1774/1774/1314 1780/1780/1314 1776/1776/1314
f 1783/1783/1315 1781/1781/1315 1770/1770/1315
f 1770/1770/1316 1781/1781/1316 1772/1772/1316
f 1770/1770/1317 1772/1772/1317 1768/1768/1317
f 1768/1768/1305 1772/1772/1305 1771/1771/1305
f 1707/1707/1318 1709/1709/1318 1770/1770/1318
f 1770/1770/1319 1709/1709/1319 1784/1784/1319
f 1770/1770/1315 1784/1784/1315 1783/1783/1315
f 1785/1785/1320 1786/1786/1320 1758/1758/1320
f 1758/1758/1320 1786/1786/1320 1787/1787/1320
f 1758/1758/1321 1787/1787/1321 1761/1761/1321
f 1761/1761/1322 1787/1787/1322 1788/1788/1322
f 1761/1761/1323 1788/1788/1323 1764/1764/1323
f 1764/1764/1324 1788/1788/1324 1789/1789/1324
f 1764/1764/1325 1789/1789/1325 1709/1709/1325
f 1709/1709/1326 1789/1789/1326 1790/1790/1326
f 1709/1709/1326 1790/1790/1326 1784/1784/1326
f 1756/1756/1327 1791/1791/1327 1792/1792/1327
f 1793/1793/1328 1794/1794/1328 1795/1795/1328
f 1795/1795/1328 1794/1794/1328 1785/1785/1328
f 1795/1795/1328 1785/1785/1328 1792/1792/1328
f 1792/1792/1329 1785/1785/1329 1758/1758/1329
f 1792/1792/1330 1758/1758/1330 1756/1756/1330
f 1756/1756/1331 1758/1758/1331 1760/1760/1331
f 1756/1756/1294 1760/1760/1294 1757/1757/1294
f 1706/1706/1332 1705/1705/1332 1756/1756/1332
f 1756/1756/1333 1705/1705/1333 1796/1796/1333
f 1756/1756/1334 1796/1796/1334 1791/1791/1334
f 1704/1704/1335 1706/1706/1335 1797/1797/1335
f 1797/1797/1336 1706/1706/1336 1712/1712/1336
f 1797/1797/1337 1712/1712/1337 1798/1798/1337
f 1798/1798/1338 1712/1712/1338 1751/1751/1338
f 1798/1798/1339 1751/1751/1339 1799/1799/1339
f 1799/1799/1339 1751/1751/1339 1800/1800/1339
f 1800/1800/1340 1751/1751/1340 1749/1749/1340
f 1800/1800/1341 1749/1749/1341 1801/1801/1341
f 1801/1801/1341 1749/1749/1341 1802/1802/1341
f 1802/1802/1342 1749/1749/1342 1715/1715/1342
f 1802/1802/1343 1715/1715/1343 1803/1803/1343
f 1803/1803/1344 1715/1715/1344 1746/1746/1344
f 1803/1803/1345 1746/1746/1345 1804/1804/1345
f 1745/1745/1346 1744/1744/1346 1746/1746/1346
f 1746/1746/1347 1744/1744/1347 1805/1805/1347
f 1746/1746/1345 1805/1805/1345 1804/1804/1345
f 1806/1806/1348 1807/1807/1348 1808/1808/1348
f 1809/1809/1349 1810/1810/1349 1811/1811/1349
f 1807/1807/1350 1806/1806/1350 1812/1812/1350
f 1812/1812/1348 1806/1806/1348 1813/1813/1348
f 1812/1812/1351 1813/1813/1351 1814/1814/1351
f 1814/1814/1352 1813/1813/1352 1815/1815/1352
f 1814/1814/1353 1815/1815/1353 1816/1816/1353
f 1816/1816/1354 1815/1815/1354 1817/1817/1354
f 1816/1816/1355 1817/1817/1355 1811/1811/1355
f 1811/1811/1356 1817/1817/1356 1818/1818/1356
f 1811/1811/1356 1818/1818/1356 1809/1809/1356
f 1819/1819/1357 1820/1820/1357 1821/1821/1357
f 1822/1822/1358 1823/1823/1358 1824/1824/1358
f 1825/1825/1359 1826/1826/1359 1827/1827/1359
f 1828/1828/1360 1829/1829/1360 1830/1830/1360
f 1830/1830/1361 1829/1829/1361 1831/1831/1361
f 1830/1830/1362 1831/1831/1362 1832/1832/1362
f 1832/1832/1363 1831/1831/1363 1833/1833/1363
f 1832/1832/1363 1833/1833/1363 1834/1834/1363
f 1835/1835/1364 1836/1836/1364 1828/1828/1364
f 1828/1828/1365 1836/1836/1365 1837/1837/1365
f 1828/1828/1365 1837/1837/1365 1829/1829/1365
f 1838/1838/1366 1839/1839/1366 1840/1840/1366
f 1840/1840/1367 1839/1839/1367 1841/1841/1367
f 1840/1840/1368 1841/1841/1368 1835/1835/1368
f 1835/1835/1369 1841/1841/1369 1842/1842/1369
f 1835/1835/1369 1842/1842/1369 1836/1836/1369
f 1843/1843/1370 1844/1844/1370 1838/1838/1370
f 1838/1838/1371 1844/1844/1371 1845/1845/1371
f 1838/1838/1372 1845/1845/1372 1839/1839/1372
f 1846/1846/1373 1847/1847/1373 1848/1848/1373
f 1848/1848/1373 1847/1847/1373 1849/1849/1373
f 1848/1848/1374 1849/1849/1374 1850/1850/1374
f 1850/1850/1375 1849/1849/1375 1851/1851/1375
f 1850/1850/1376 1851/1851/1376 1852/1852/1376
f 1852/1852/1377 1851/1851/1377 1843/1843/1377
f 1825/1825/1378 1846/1846/1378 1853/1853/1378
f 1826/1826/1359 1825/1825/1359 1854/1854/1359
f 1854/1854/1379 1825/1825/1379 1853/1853/1379
f 1854/1854/1380 1853/1853/1380 1855/1855/1380
f 1855/1855/1381 1853/1853/1381 1856/1856/1381
f 1855/1855/1382 1856/1856/1382 1857/1857/1382
f 1857/1857/1382 1856/1856/1382 1858/1858/1382
f 1858/1858/1383 1856/1856/1383 1859/1859/1383
f 1858/1858/1384 1859/1859/1384 1860/1860/1384
f 1860/1860/1385 1859/1859/1385 1861/1861/1385
f 1860/1860/1386 1861/1861/1386 1862/1862/1386
f 1862/1862/1386 1861/1861/1386 1863/1863/1386
f 1863/1863/1387 1861/1861/1387 1864/1864/1387
f 1863/1863/1388 1864/1864/1388 1865/1865/1388
f 1865/1865/1388 1864/1864/1388 1866/1866/1388
f 1866/1866/1389 1864/1864/1389 1867/1867/1389
f 1866/1866/1390 1867/1867/1390 1868/1868/1390
f 1824/1824/1391 1869/1869/1391 1868/1868/1391
f 1870/1870/1392 1869/1869/1392 1871/1871/1392
f 1871/1871/1393 1869/1869/1393 1824/1824/1393
f 1871/1871/1394 1824/1824/1394 1872/1872/1394
f 1872/1872/1395 1824/1824/1395 1823/1823/1395
f 1872/1872/1396 1823/1823/1396 1873/1873/1396
f 1868/1868/1397 1867/1867/1397 1824/1824/1397
f 1824/1824/1398 1867/1867/1398 1874/1874/1398
f 1824/1824/1399 1874/1874/1399 1822/1822/1399
f 1875/1875/1400 1876/1876/1400 1859/1859/1400
f 1859/1859/1400 1876/1876/1400 1877/1877/1400
f 1859/1859/1401 1877/1877/1401 1861/1861/1401
f 1861/1861/1402 1877/1877/1402 1878/1878/1402
f 1861/1861/1403 1878/1878/1403 1864/1864/1403
f 1864/1864/1404 1878/1878/1404 1879/1879/1404
f 1864/1864/1405 1879/1879/1405 1867/1867/1405
f 1867/1867/1406 1879/1879/1406 1880/1880/1406
f 1867/1867/1407 1880/1880/1407 1874/1874/1407
f 1875/1875/1408 1859/1859/1408 1881/1881/1408
f 1881/1881/1409 1859/1859/1409 1856/1856/1409
f 1881/1881/1410 1856/1856/1410 1882/1882/1410
f 1882/1882/1411 1856/1856/1411 1853/1853/1411
f 1882/1882/1412 1853/1853/1412 1883/1883/1412
f 1846/1846/1413 1848/1848/1413 1853/1853/1413
f 1853/1853/1414 1848/1848/1414 1884/1884/1414
f 1853/1853/1412 1884/1884/1412 1883/1883/1412
f 1885/1885/1415 1886/1886/1415 1852/1852/1415
f 1852/1852/1415 1886/1886/1415 1887/1887/1415
f 1852/1852/1416 1887/1887/1416 1850/1850/1416
f 1850/1850/1417 1887/1887/1417 1888/1888/1417
f 1850/1850/1418 1888/1888/1418 1848/1848/1418
f 1848/1848/1419 1888/1888/1419 1889/1889/1419
f 1848/1848/1419 1889/1889/1419 1884/1884/1419
f 1843/1843/1420 1838/1838/1420 1852/1852/1420
f 1852/1852/1421 1838/1838/1421 1890/1890/1421
f 1852/1852/1422 1890/1890/1422 1885/1885/1422
f 1830/1830/1423 1891/1891/1423 1828/1828/1423
f 1828/1828/1423 1891/1891/1423 1892/1892/1423
f 1828/1828/1424 1892/1892/1424 1835/1835/1424
f 1835/1835/1425 1892/1892/1425 1893/1893/1425
f 1835/1835/1426 1893/1893/1426 1840/1840/1426
f 1840/1840/1427 1893/1893/1427 1894/1894/1427
f 1840/1840/1428 1894/1894/1428 1838/1838/1428
f 1838/1838/1429 1894/1894/1429 1895/1895/1429
f 1838/1838/1430 1895/1895/1430 1890/1890/1430
f 1896/1896/1431 1832/1832/1431 1897/1897/1431
f 1897/1897/1432 1832/1832/1432 1834/1834/1432
f 1897/1897/1433 1834/1834/1433 1898/1898/1433
f 1898/1898/1434 1834/1834/1434 1899/1899/1434
f 1898/1898/1435 1899/1899/1435 1900/1900/1435
f 1900/1900/1436 1899/1899/1436 1901/1901/1436
f 1900/1900/1437 1901/1901/1437 1902/1902/1437
f 1901/1901/1438 1903/1903/1438 1902/1902/1438
f 1902/1902/1438 1903/1903/1438 1904/1904/1438
f 1902/1902/1439 1904/1904/1439 1905/1905/1439
f 1905/1905/1440 1904/1904/1440 1906/1906/1440
f 1905/1905/1441 1906/1906/1441 1907/1907/1441
f 1907/1907/1442 1906/1906/1442 1908/1908/1442
f 1908/1908/1443 1906/1906/1443 1909/1909/1443
f 1908/1908/1444 1909/1909/1444 1910/1910/1444
f 1910/1910/1445 1909/1909/1445 1911/1911/1445
f 1910/1910/1446 1911/1911/1446 1912/1912/1446
f 1912/1912/1447 1911/1911/1447 1913/1913/1447
f 1912/1912/1448 1913/1913/1448 1914/1914/1448
f 1914/1914/1449 1913/1913/1449 1915/1915/1449
f 1914/1914/1450 1915/1915/1450 1821/1821/1450
f 1821/1821/1451 1915/1915/1451 1916/1916/1451
f 1821/1821/1452 1916/1916/1452 1819/1819/1452
f 1917/1917/1453 1918/1918/1453 1919/1919/1453
f 1919/1919/1454 1918/1918/1454 1920/1920/1454
f 1919/1919/1455 1920/1920/1455 1921/1921/1455
f 1921/1921/1455 1920/1920/1455 1922/1922/1455
f 1920/1920/1456 1923/1923/1456 1922/1922/1456
f 1922/1922/1457 1923/1923/1457 1924/1924/1457
f 1922/1922/1458 1924/1924/1458 1925/1925/1458
f 1925/1925/1459 1924/1924/1459 1926/1926/1459
f 1925/1925/1460 1926/1926/1460 1927/1927/1460
f 1927/1927/1461 1926/1926/1461 1928/1928/1461
f 1927/1927/1462 1928/1928/1462 1929/1929/1462
f 1930/1930/1463 1931/1931/1463 1932/1932/1463
f 1932/1932/1464 1933/1933/1464 1930/1930/1464
f 1930/1930/1465 1933/1933/1465 1934/1934/1465
f 1930/1930/1464 1934/1934/1464 1935/1935/1464
f 1935/1935/1464 1934/1934/1464 1936/1936/1464
f 1935/1935/1465 1936/1936/1465 1937/1937/1465
f 1935/1935/1466 1937/1937/1466 1938/1938/1466
f 1938/1938/1467 1939/1939/1467 1935/1935/1467
f 1935/1935/1466 1939/1939/1466 1940/1940/1466
f 1935/1935/1466 1940/1940/1466 1941/1941/1466
f 1941/1941/1467 1940/1940/1467 1942/1942/1467
f 1941/1941/1468 1942/1942/1468 1943/1943/1468
f 1944/1944/1469 1945/1945/1469 1946/1946/1469
f 1941/1941/1469 1943/1943/1469 1947/1947/1469
f 1944/1944/1470 1946/1946/1470 1948/1948/1470
f 1941/1941/1469 1947/1947/1469 1946/1946/1469
f 1946/1946/1471 1947/1947/1471 1949/1949/1471
f 1946/1946/1469 1949/1949/1469 1948/1948/1469
f 1946/1946/1472 1945/1945/1472 1950/1950/1472
f 1951/1951/1473 1952/1952/1473 1953/1953/1473
f 1953/1953/1473 1952/1952/1473 1954/1954/1473
f 1950/1950/1473 1955/1955/1473 1946/1946/1473
f 1946/1946/1474 1955/1955/1474 1956/1956/1474
f 1946/1946/1473 1956/1956/1473 1952/1952/1473
f 1952/1952/1473 1956/1956/1473 1957/1957/1473
f 1952/1952/1475 1957/1957/1475 1954/1954/1475
f 1958/1958/1476 1959/1959/1476 1960/1960/1476
f 1960/1960/1477 1959/1959/1477 1961/1961/1477
f 1962/1962/1478 1963/1963/1478 1964/1964/1478
f 1964/1964/1479 1963/1963/1479 1965/1965/1479
f 1965/1965/1480 1963/1963/1480 1966/1966/1480
f 1966/1966/1481 1963/1963/1481 1967/1967/1481
f 1966/1966/1482 1967/1967/1482 1968/1968/1482
f 1968/1968/1483 1967/1967/1483 1969/1969/1483
f 1968/1968/1484 1969/1969/1484 1970/1970/1484
f 1742/1742/1485 1740/1740/1485 1971/1971/1485
f 1972/1972/1486 1973/1973/1486 1792/1792/1486
f 1971/1971/1487 1974/1974/1487 1742/1742/1487
f 1742/1742/1488 1974/1974/1488 1975/1975/1488
f 1742/1742/1489 1975/1975/1489 1976/1976/1489
f 1792/1792/1490 1791/1791/1490 1972/1972/1490
f 1972/1972/1491 1791/1791/1491 1796/1796/1491
f 1972/1972/1487 1796/1796/1487 1977/1977/1487
f 1977/1977/1491 1796/1796/1491 1705/1705/1491
f 1977/1977/1490 1705/1705/1490 1978/1978/1490
f 1978/1978/1492 1705/1705/1492 1704/1704/1492
f 1978/1978/1491 1704/1704/1491 1979/1979/1491
f 1979/1979/1491 1704/1704/1491 1797/1797/1491
f 1979/1979/1491 1797/1797/1491 1980/1980/1491
f 1980/1980/1486 1797/1797/1486 1798/1798/1486
f 1980/1980/1487 1798/1798/1487 1981/1981/1487
f 1981/1981/1493 1798/1798/1493 1799/1799/1493
f 1981/1981/1494 1799/1799/1494 1982/1982/1494
f 1982/1982/1485 1799/1799/1485 1800/1800/1485
f 1982/1982/1495 1800/1800/1495 1983/1983/1495
f 1983/1983/1496 1800/1800/1496 1801/1801/1496
f 1983/1983/1491 1801/1801/1491 1984/1984/1491
f 1984/1984/1491 1801/1801/1491 1802/1802/1491
f 1984/1984/1490 1802/1802/1490 1985/1985/1490
f 1985/1985/1497 1802/1802/1497 1803/1803/1497
f 1985/1985/1498 1803/1803/1498 1986/1986/1498
f 1986/1986/1491 1803/1803/1491 1804/1804/1491
f 1986/1986/1499 1804/1804/1499 1987/1987/1499
f 1987/1987/1487 1804/1804/1487 1805/1805/1487
f 1987/1987/1495 1805/1805/1495 1976/1976/1495
f 1976/1976/1500 1805/1805/1500 1744/1744/1500
f 1976/1976/1491 1744/1744/1491 1742/1742/1491
f 1988/1988/1501 1793/1793/1501 1795/1795/1501
f 1988/1988/1502 1795/1795/1502 1989/1989/1502
f 1989/1989/1502 1795/1795/1502 1792/1792/1502
f 1989/1989/1501 1792/1792/1501 1973/1973/1501
f 1793/1793/1503 1988/1988/1503 1794/1794/1503
f 1794/1794/1504 1988/1988/1504 1990/1990/1504
f 1794/1794/1505 1990/1990/1505 1785/1785/1505
f 1785/1785/1506 1990/1990/1506 1991/1991/1506
f 1785/1785/1507 1991/1991/1507 1786/1786/1507
f 1786/1786/1508 1991/1991/1508 1992/1992/1508
f 1786/1786/1506 1992/1992/1506 1787/1787/1506
f 1992/1992/1504 1993/1993/1504 1787/1787/1504
f 1787/1787/1509 1993/1993/1509 1994/1994/1509
f 1787/1787/1508 1994/1994/1508 1788/1788/1508
f 1788/1788/1509 1994/1994/1509 1995/1995/1509
f 1788/1788/1509 1995/1995/1509 1789/1789/1509
f 1789/1789/1503 1995/1995/1503 1996/1996/1503
f 1789/1789/1503 1996/1996/1503 1790/1790/1503
f 1790/1790/1503 1996/1996/1503 1997/1997/1503
f 1790/1790/1510 1997/1997/1510 1784/1784/1510
f 1784/1784/1503 1997/1997/1503 1998/1998/1503
f 1784/1784/1509 1998/1998/1509 1783/1783/1509
f 1783/1783/1509 1998/1998/1509 1999/1999/1509
f 1783/1783/1511 1999/1999/1511 1781/1781/1511
f 1781/1781/1506 1999/1999/1506 2000/2000/1506
f 1781/1781/1512 2000/2000/1512 1782/1782/1512
f 1782/1782/1503 2000/2000/1503 2001/2001/1503
f 1782/1782/1503 2001/2001/1503 1778/1778/1503
f 1778/1778/1508 2001/2001/1508 2002/2002/1508
f 1778/1778/1503 2002/2002/1503 1779/1779/1503
f 2003/2003/1513 1777/1777/1513 1776/1776/1513
f 2003/2003/1514 1776/1776/1514 2004/2004/1514
f 2004/2004/1515 1776/1776/1515 1780/1780/1515
f 2004/2004/1516 1780/1780/1516 2005/2005/1516
f 1779/1779/1517 2002/2002/1517 1780/1780/1517
f 1780/1780/1518 2002/2002/1518 2006/2006/1518
f 1780/1780/1519 2006/2006/1519 2005/2005/1519
f 1777/1777/1520 2003/2003/1520 2007/2007/1520
f 1777/1777/1521 2007/2007/1521 1775/1775/1521
f 1775/1775/1522 2007/2007/1522 2008/2008/1522
f 1775/1775/1522 2008/2008/1522 1773/1773/1522
f 1773/1773/1520 2008/2008/1520 2009/2009/1520
f 1773/1773/1523 2009/2009/1523 1771/1771/1523
f 1771/1771/1520 2009/2009/1520 2010/2010/1520
f 1771/1771/1524 2010/2010/1524 1768/1768/1524
f 1768/1768/1525 2010/2010/1525 2011/2011/1525
f 1768/1768/1520 2011/2011/1520 1769/1769/1520
f 1769/1769/1525 2011/2011/1525 2012/2012/1525
f 1769/1769/1520 2012/2012/1520 1707/1707/1520
f 1707/1707/1526 2012/2012/1526 2013/2013/1526
f 1707/1707/1527 2013/2013/1527 1708/1708/1527
f 1708/1708/1528 2013/2013/1528 2014/2014/1528
f 1708/1708/1521 2014/2014/1521 1765/1765/1521
f 1765/1765/1521 2014/2014/1521 2015/2015/1521
f 1765/1765/1521 2015/2015/1521 1766/1766/1521
f 1766/1766/1520 2015/2015/1520 2016/2016/1520
f 1766/1766/1522 2016/2016/1522 1767/1767/1522
f 1767/1767/1520 2016/2016/1520 2017/2017/1520
f 1767/1767/1520 2017/2017/1520 1762/1762/1520
f 1762/1762/1520 2017/2017/1520 2018/2018/1520
f 1762/1762/1525 2018/2018/1525 1763/1763/1525
f 1763/1763/1526 2018/2018/1526 2019/2019/1526
f 1763/1763/1520 2019/2019/1520 1759/1759/1520
f 1759/1759/1520 2019/2019/1520 2020/2020/1520
f 1759/1759/1520 2020/2020/1520 1760/1760/1520
f 2021/2021/4 2022/2022/4 1739/1739/4
f 1748/1748/4 1750/1750/4 2023/2023/4
f 2023/2023/4 1750/1750/4 1752/1752/4
f 2023/2023/4 1752/1752/4 2024/2024/4
f 2024/2024/4 1752/1752/4 1753/1753/4
f 2024/2024/4 1753/1753/4 2025/2025/4
f 2025/2025/4 1753/1753/4 1711/1711/4
f 2025/2025/1529 1711/1711/1529 2026/2026/1529
f 2026/2026/1530 1711/1711/1530 1710/1710/1530
f 2026/2026/4 1710/1710/4 2027/2027/4
f 2027/2027/1529 1710/1710/1529 1754/1754/1529
f 2027/2027/1530 1754/1754/1530 2028/2028/1530
f 2028/2028/1531 1754/1754/1531 1755/1755/1531
f 2028/2028/1529 1755/1755/1529 2029/2029/1529
f 2029/2029/1531 1755/1755/1531 1757/1757/1531
f 2029/2029/4 1757/1757/4 2030/2030/4
f 2030/2030/4 1757/1757/4 1760/1760/4
f 2030/2030/4 1760/1760/4 2020/2020/4
f 2023/2023/1530 2031/2031/1530 1748/1748/1530
f 1748/1748/1529 2031/2031/1529 2032/2032/1529
f 1748/1748/1530 2032/2032/1530 1713/1713/1530
f 1713/1713/4 2032/2032/4 2033/2033/4
f 1713/1713/4 2033/2033/4 1714/1714/4
f 1714/1714/1532 2033/2033/1532 2034/2034/1532
f 1714/1714/4 2034/2034/4 1747/1747/4
f 1747/1747/4 2034/2034/4 2035/2035/4
f 1747/1747/1530 2035/2035/1530 1745/1745/1530
f 1745/1745/4 2035/2035/4 2036/2036/4
f 1745/1745/4 2036/2036/4 1743/1743/4
f 1743/1743/4 2036/2036/4 2021/2021/4
f 1743/1743/1530 2021/2021/1530 1741/1741/1530
f 1741/1741/4 2021/2021/4 1739/1739/4
f 2037/2037/1501 1716/1716/1501 2038/2038/1501
f 2038/2038/1533 1716/1716/1533 1718/1718/1533
f 2038/2038/1533 1718/1718/1533 2039/2039/1533
f 2039/2039/1501 1718/1718/1501 1719/1719/1501
f 2039/2039/1534 1719/1719/1534 2040/2040/1534
f 2040/2040/1501 1719/1719/1501 1721/1721/1501
f 2040/2040/1535 1721/1721/1535 2041/2041/1535
f 2041/2041/1501 1721/1721/1501 1723/1723/1501
f 2041/2041/1501 1723/1723/1501 2042/2042/1501
f 2042/2042/1501 1723/1723/1501 1725/1725/1501
f 2042/2042/1534 1725/1725/1534 2043/2043/1534
f 2043/2043/1535 1725/1725/1535 1727/1727/1535
f 2043/2043/1536 1727/1727/1536 2044/2044/1536
f 2044/2044/1537 1727/1727/1537 1729/1729/1537
f 2044/2044/1538 1729/1729/1538 2045/2045/1538
f 2045/2045/1539 1729/1729/1539 1731/1731/1539
f 2045/2045/1540 1731/1731/1540 2046/2046/1540
f 2046/2046/1540 1731/1731/1540 1733/1733/1540
f 2046/2046/1501 1733/1733/1501 2047/2047/1501
f 2047/2047/1501 1733/1733/1501 1735/1735/1501
f 2047/2047/1501 1735/1735/1501 2048/2048/1501
f 2048/2048/1540 1735/1735/1540 1737/1737/1540
f 2048/2048/1540 1737/1737/1540 2022/2022/1540
f 2022/2022/1501 1737/1737/1501 1739/1739/1501
f 1971/1971/1541 1740/1740/1541 2049/2049/1541
f 2049/2049/1542 1740/1740/1542 1738/1738/1542
f 2049/2049/1543 1738/1738/1543 2050/2050/1543
f 2050/2050/1543 1738/1738/1543 1736/1736/1543
f 2050/2050/1541 1736/1736/1541 2051/2051/1541
f 2051/2051/1541 1736/1736/1541 1734/1734/1541
f 2051/2051/1541 1734/1734/1541 2052/2052/1541
f 2052/2052/1543 1734/1734/1543 1732/1732/1543
f 2052/2052/1542 1732/1732/1542 2053/2053/1542
f 2053/2053/1541 1732/1732/1541 1730/1730/1541
f 2053/2053/1541 1730/1730/1541 2054/2054/1541
f 2054/2054/1542 1730/1730/1542 1728/1728/1542
f 2054/2054/1541 1728/1728/1541 2055/2055/1541
f 2055/2055/1543 1728/1728/1543 1726/1726/1543
f 2055/2055/1541 1726/1726/1541 2056/2056/1541
f 2056/2056/1543 1726/1726/1543 1724/1724/1543
f 2056/2056/1543 1724/1724/1543 2057/2057/1543
f 2057/2057/1541 1724/1724/1541 1722/1722/1541
f 2057/2057/1541 1722/1722/1541 2058/2058/1541
f 2058/2058/1541 1722/1722/1541 1720/1720/1541
f 2058/2058/1541 1720/1720/1541 2059/2059/1541
f 2059/2059/1544 1720/1720/1544 1717/1717/1544
f 2059/2059/1542 1717/1717/1542 2060/2060/1542
f 2060/2060/1541 1717/1717/1541 1716/1716/1541
f 2060/2060/1545 1716/1716/1545 2037/2037/1545
f 1810/1810/1546 2061/2061/1546 2062/2062/1546
f 1810/1810/1547 2062/2062/1547 1811/1811/1547
f 1811/1811/1547 2062/2062/1547 2063/2063/1547
f 1811/1811/1548 2063/2063/1548 1816/1816/1548
f 1816/1816/1547 2063/2063/1547 2064/2064/1547
f 1816/1816/1546 2064/2064/1546 1814/1814/1546
f 1814/1814/1546 2064/2064/1546 2065/2065/1546
f 1814/1814/1548 2065/2065/1548 1812/1812/1548
f 1812/1812/1546 2065/2065/1546 2066/2066/1546
f 1812/1812/1546 2066/2066/1546 1807/1807/1546
f 1807/1807/1546 2066/2066/1546 2067/2067/1546
f 1807/1807/1546 2067/2067/1546 1808/1808/1546
f 2068/2068/1549 2069/2069/1549 1809/1809/1549
f 1806/1806/1550 1808/1808/1550 2067/2067/1550
f 2067/2067/1551 2070/2070/1551 1806/1806/1551
f 1806/1806/1552 2070/2070/1552 2071/2071/1552
f 1806/1806/1551 2071/2071/1551 1813/1813/1551
f 1813/1813/1550 2071/2071/1550 2072/2072/1550
f 1813/1813/1550 2072/2072/1550 1815/1815/1550
f 1809/1809/1550 1818/1818/1550 2068/2068/1550
f 2068/2068/1553 1818/1818/1553 1817/1817/1553
f 2068/2068/1554 1817/1817/1554 2073/2073/1554
f 2073/2073/1551 1817/1817/1551 1815/1815/1551
f 2073/2073/1555 1815/1815/1555 2074/2074/1555
f 2074/2074/1553 1815/1815/1553 2072/2072/1553
f 2069/2069/1556 2075/2075/1556 1809/1809/1556
f 1809/1809/1557 2075/2075/1557 2076/2076/1557
f 1809/1809/1558 2076/2076/1558 1810/1810/1558
f 1810/1810/1559 2076/2076/1559 2061/2061/1559
f 2077/2077/1560 2078/2078/1560 2079/2079/1560
f 2079/2079/1560 2078/2078/1560 2080/2080/1560
f 2079/2079/1560 2080/2080/1560 2081/2081/1560
f 2081/2081/1560 2080/2080/1560 2082/2082/1560
f 2081/2081/1560 2082/2082/1560 2083/2083/1560
f 2084/2084/1560 2085/2085/1560 2086/2086/1560
f 2084/2084/1560 2086/2086/1560 2087/2087/1560
f 2087/2087/1560 2086/2086/1560 2088/2088/1560
f 2087/2087/1560 2088/2088/1560 2089/2089/1560
f 2089/2089/1561 2088/2088/1561 2090/2090/1561
f 2089/2089/1560 2090/2090/1560 2077/2077/1560
f 2077/2077/1560 2090/2090/1560 2091/2091/1560
f 2077/2077/1560 2091/2091/1560 2078/2078/1560
f 2092/2092/1562 2093/2093/1562 2094/2094/1562
f 2092/2092/1562 2094/2094/1562 2095/2095/1562
f 2094/2094/1562 2096/2096/1562 2095/2095/1562
f 2095/2095/1562 2096/2096/1562 2097/2097/1562
f 2095/2095/1562 2097/2097/1562 2098/2098/1562
f 2098/2098/1562 2097/2097/1562 2099/2099/1562
f 2098/2098/1562 2099/2099/1562 2100/2100/1562
f 2101/2101/1562 2102/2102/1562 2103/2103/1562
f 2103/2103/1563 2102/2102/1563 2085/2085/1563
f 2103/2103/1562 2085/2085/1562 2084/2084/1562
f 2104/2104/1562 2105/2105/1562 2106/2106/1562
f 2106/2106/1562 2105/2105/1562 2107/2107/1562
f 2106/2106/1564 2107/2107/1564 2101/2101/1564
f 2101/2101/1562 2107/2107/1562 2108/2108/1562
f 2101/2101/1562 2108/2108/1562 2102/2102/1562
f 2099/2099/1562 2109/2109/1562 2100/2100/1562
f 2100/2100/1565 2109/2109/1565 2110/2110/1565
f 2100/2100/1562 2110/2110/1562 2111/2111/1562
f 2111/2111/1562 2110/2110/1562 2112/2112/1562
f 2111/2111/1562 2112/2112/1562 2104/2104/1562
f 2104/2104/1562 2112/2112/1562 2113/2113/1562
f 2104/2104/1566 2113/2113/1566 2105/2105/1566
f 2114/2114/1567 2093/2093/1567 2092/2092/1567
f 2115/2115/1567 2116/2116/1567 2117/2117/1567
f 2118/2118/1568 1965/1965/1568 1966/1966/1568
f 2118/2118/1569 1966/1966/1569 2119/2119/1569
f 2120/2120/1567 2121/2121/1567 2122/2122/1567
f 1966/1966/1570 1968/1968/1570 2119/2119/1570
f 2119/2119/1567 1968/1968/1567 1970/1970/1567
f 2119/2119/1567 1970/1970/1567 2123/2123/1567
f 2123/2123/1567 1970/1970/1567 2124/2124/1567
f 2123/2123/1567 2124/2124/1567 2125/2125/1567
f 2125/2125/1567 2124/2124/1567 2126/2126/1567
f 2125/2125/1567 2126/2126/1567 2116/2116/1567
f 2116/2116/1567 2126/2126/1567 2127/2127/1567
f 2116/2116/1567 2127/2127/1567 2117/2117/1567
f 2120/2120/1567 2122/2122/1567 2128/2128/1567
f 2092/2092/1567 2129/2129/1567 2114/2114/1567
f 2114/2114/1567 2129/2129/1567 2130/2130/1567
f 2114/2114/1569 2130/2130/1569 2131/2131/1569
f 2131/2131/1567 2130/2130/1567 2132/2132/1567
f 2131/2131/1567 2132/2132/1567 2133/2133/1567
f 2133/2133/1571 2132/2132/1571 2134/2134/1571
f 2133/2133/1567 2134/2134/1567 2135/2135/1567
f 2135/2135/1567 2134/2134/1567 2136/2136/1567
f 2135/2135/1567 2136/2136/1567 2137/2137/1567
f 2137/2137/1567 2136/2136/1567 2128/2128/1567
f 2137/2137/1568 2128/2128/1568 2138/2138/1568
f 2138/2138/1567 2128/2128/1567 2122/2122/1567
f 2115/2115/1567 2117/2117/1567 2121/2121/1567
f 2121/2121/1567 2117/2117/1567 2139/2139/1567
f 2121/2121/1567 2139/2139/1567 2122/2122/1567
f 2140/2140/1572 2141/2141/1572 1959/1959/1572
f 1964/1964/1572 1965/1965/1572 2118/2118/1572
f 1959/1959/1572 1958/1958/1572 2140/2140/1572
f 2140/2140/1572 1958/1958/1572 2142/2142/1572
f 2140/2140/1572 2142/2142/1572 2143/2143/1572
f 2143/2143/1573 2142/2142/1573 2144/2144/1573
f 2143/2143/1572 2144/2144/1572 2145/2145/1572
f 2144/2144/1572 2146/2146/1572 2145/2145/1572
f 2145/2145/1572 2146/2146/1572 2147/2147/1572
f 2145/2145/1572 2147/2147/1572 2148/2148/1572
f 2148/2148/1572 2147/2147/1572 2149/2149/1572
f 2148/2148/1572 2149/2149/1572 2150/2150/1572
f 2118/2118/1574 2151/2151/1574 1964/1964/1574
f 1964/1964/1572 2151/2151/1572 2152/2152/1572
f 1964/1964/1572 2152/2152/1572 1962/1962/1572
f 1962/1962/1572 2152/2152/1572 2153/2153/1572
f 1962/1962/1572 2153/2153/1572 2154/2154/1572
f 2154/2154/1572 2153/2153/1572 2155/2155/1572
f 2154/2154/1572 2155/2155/1572 2156/2156/1572
f 2156/2156/1572 2155/2155/1572 2157/2157/1572
f 2156/2156/1572 2157/2157/1572 2158/2158/1572
f 2158/2158/1572 2157/2157/1572 2159/2159/1572
f 2158/2158/1575 2159/2159/1575 2160/2160/1575
f 2160/2160/1572 2159/2159/1572 2161/2161/1572
f 2160/2160/1572 2161/2161/1572 2162/2162/1572
f 2162/2162/1572 2161/2161/1572 2163/2163/1572
f 2162/2162/1572 2163/2163/1572 2164/2164/1572
f 2164/2164/1572 2163/2163/1572 2150/2150/1572
f 2164/2164/1572 2150/2150/1572 2165/2165/1572
f 2165/2165/1574 2150/2150/1574 2149/2149/1574
f 2166/2166/1576 2167/2167/1576 2168/2168/1576
f 2168/2168/1577 2167/2167/1577 2169/2169/1577
f 2168/2168/1578 2169/2169/1578 2170/2170/1578
f 2170/2170/1578 2169/2169/1578 2171/2171/1578
f 2171/2171/1579 2169/2169/1579 2172/2172/1579
f 2171/2171/1580 2172/2172/1580 2173/2173/1580
f 2168/2168/1581 2174/2174/1581 2166/2166/1581
f 2166/2166/1582 2174/2174/1582 2175/2175/1582
f 2166/2166/1583 2175/2175/1583 2176/2176/1583
f 2176/2176/1584 2175/2175/1584 2177/2177/1584
f 2176/2176/1585 2177/2177/1585 2178/2178/1585
f 2178/2178/1586 2177/2177/1586 2179/2179/1586
f 2178/2178/1587 2179/2179/1587 2180/2180/1587
f 2180/2180/1588 2179/2179/1588 2181/2181/1588
f 2180/2180/1589 2181/2181/1589 2182/2182/1589
f 2182/2182/1590 2181/2181/1590 2183/2183/1590
f 2182/2182/1591 2183/2183/1591 2184/2184/1591
f 2184/2184/1592 2183/2183/1592 2185/2185/1592
f 2184/2184/1593 2185/2185/1593 2186/2186/1593
f 2186/2186/1594 2185/2185/1594 2187/2187/1594
f 1961/1961/1595 1959/1959/1595 2141/2141/1595
f 2185/2185/1596 2188/2188/1596 2187/2187/1596
f 2187/2187/1597 2188/2188/1597 2189/2189/1597
f 2187/2187/1598 2189/2189/1598 2190/2190/1598
f 2190/2190/1599 2189/2189/1599 2191/2191/1599
f 2190/2190/1600 2191/2191/1600 2192/2192/1600
f 2192/2192/1601 2191/2191/1601 2193/2193/1601
f 2192/2192/1602 2193/2193/1602 2194/2194/1602
f 2194/2194/1603 2193/2193/1603 1961/1961/1603
f 2194/2194/1604 1961/1961/1604 2195/2195/1604
f 2195/2195/1605 1961/1961/1605 2141/2141/1605
f 2196/2196/1606 2197/2197/1606 2198/2198/1606
f 2198/2198/1607 2197/2197/1607 2199/2199/1607
f 2198/2198/1608 2199/2199/1608 2200/2200/1608
f 2200/2200/1609 2199/2199/1609 2201/2201/1609
f 2200/2200/1610 2201/2201/1610 2173/2173/1610
f 2173/2173/1611 2201/2201/1611 2202/2202/1611
f 2173/2173/1612 2202/2202/1612 2171/2171/1612
f 2171/2171/1613 2202/2202/1613 2170/2170/1613
f 2170/2170/1614 2202/2202/1614 2203/2203/1614
f 2170/2170/1615 2203/2203/1615 2168/2168/1615
f 2168/2168/1616 2203/2203/1616 2204/2204/1616
f 2168/2168/1617 2204/2204/1617 2174/2174/1617
f 2197/2197/1618 2196/2196/1618 2205/2205/1618
f 2197/2197/1618 2205/2205/1618 2206/2206/1618
f 2206/2206/1618 2205/2205/1618 2207/2207/1618
f 2206/2206/1618 2207/2207/1618 2208/2208/1618
f 2208/2208/1618 2207/2207/1618 2209/2209/1618
f 2208/2208/1618 2209/2209/1618 2210/2210/1618
f 2211/2211/1619 2212/2212/1619 2213/2213/1619
f 2213/2213/1618 2212/2212/1618 2214/2214/1618
f 2213/2213/1618 2214/2214/1618 2215/2215/1618
f 2214/2214/1618 2216/2216/1618 2215/2215/1618
f 2215/2215/1618 2216/2216/1618 2217/2217/1618
f 2215/2215/1618 2217/2217/1618 2218/2218/1618
f 2218/2218/1618 2217/2217/1618 2219/2219/1618
f 2218/2218/1618 2219/2219/1618 2220/2220/1618
f 2220/2220/1618 2219/2219/1618 2221/2221/1618
f 2220/2220/1620 2221/2221/1620 2222/2222/1620
f 2222/2222/1619 2221/2221/1619 2223/2223/1619
f 2222/2222/1618 2223/2223/1618 2224/2224/1618
f 2224/2224/1618 2223/2223/1618 2210/2210/1618
f 2224/2224/1618 2210/2210/1618 2225/2225/1618
f 2225/2225/1618 2210/2210/1618 2209/2209/1618
f 1820/1820/1501 2226/2226/1501 2227/2227/1501
f 1820/1820/1621 2227/2227/1621 1821/1821/1621
f 2227/2227/1538 2228/2228/1538 1821/1821/1538
f 1821/1821/1622 2228/2228/1622 2229/2229/1622
f 1821/1821/1623 2229/2229/1623 1914/1914/1623
f 1914/1914/1624 2229/2229/1624 1912/1912/1624
f 1896/1896/1501 1897/1897/1501 2230/2230/1501
f 2230/2230/1501 1897/1897/1501 1898/1898/1501
f 2230/2230/1534 1898/1898/1534 2231/2231/1534
f 2231/2231/1501 1898/1898/1501 1900/1900/1501
f 2229/2229/1539 2232/2232/1539 1912/1912/1539
f 1912/1912/1501 2232/2232/1501 2233/2233/1501
f 1912/1912/1540 2233/2233/1540 1910/1910/1540
f 1910/1910/1501 2233/2233/1501 2234/2234/1501
f 1910/1910/1623 2234/2234/1623 1908/1908/1623
f 2234/2234/1540 2235/2235/1540 1908/1908/1540
f 1908/1908/1501 2235/2235/1501 2236/2236/1501
f 1908/1908/1536 2236/2236/1536 1907/1907/1536
f 1907/1907/1501 2236/2236/1501 2237/2237/1501
f 1907/1907/1625 2237/2237/1625 1905/1905/1625
f 1905/1905/1501 2237/2237/1501 2238/2238/1501
f 1905/1905/1621 2238/2238/1621 1902/1902/1621
f 1902/1902/1501 2238/2238/1501 2239/2239/1501
f 1902/1902/1626 2239/2239/1626 1900/1900/1626
f 1900/1900/1621 2239/2239/1621 2240/2240/1621
f 1900/1900/1501 2240/2240/1501 2231/2231/1501
f 1896/1896/4 2230/2230/4 2241/2241/4
f 1888/1888/1529 2242/2242/1529 1889/1889/1529
f 1889/1889/4 2242/2242/4 2243/2243/4
f 1889/1889/4 2243/2243/4 1884/1884/4
f 1896/1896/4 2241/2241/4 1832/1832/4
f 1832/1832/4 2241/2241/4 2244/2244/4
f 1832/1832/1531 2244/2244/1531 1830/1830/1531
f 2244/2244/4 2245/2245/4 1830/1830/4
f 1830/1830/1627 2245/2245/1627 2246/2246/1627
f 1830/1830/1531 2246/2246/1531 1891/1891/1531
f 1891/1891/4 2246/2246/4 2247/2247/4
f 1891/1891/4 2247/2247/4 1892/1892/4
f 1892/1892/4 2247/2247/4 2248/2248/4
f 1892/1892/1628 2248/2248/1628 1893/1893/1628
f 1893/1893/4 2248/2248/4 2249/2249/4
f 1893/1893/1532 2249/2249/1532 1894/1894/1532
f 1894/1894/1629 2249/2249/1629 2250/2250/1629
f 1894/1894/1532 2250/2250/1532 1895/1895/1532
f 1895/1895/1629 2250/2250/1629 2251/2251/1629
f 1895/1895/4 2251/2251/4 1890/1890/4
f 1890/1890/1630 2251/2251/1630 2252/2252/1630
f 1890/1890/1531 2252/2252/1531 1885/1885/1531
f 1885/1885/4 2252/2252/4 2253/2253/4
f 1885/1885/4 2253/2253/4 1886/1886/4
f 1886/1886/4 2253/2253/4 2254/2254/4
f 1886/1886/1529 2254/2254/1529 1887/1887/1529
f 1887/1887/4 2254/2254/4 2255/2255/4
f 1887/1887/4 2255/2255/4 1888/1888/4
f 1888/1888/4 2255/2255/4 2256/2256/4
f 1888/1888/4 2256/2256/4 2242/2242/4
f 1884/1884/1520 2243/2243/1520 2257/2257/1520
f 1884/1884/1522 2257/2257/1522 1883/1883/1522
f 1883/1883/1631 2257/2257/1631 2258/2258/1631
f 1883/1883/1523 2258/2258/1523 1882/1882/1523
f 1822/1822/1526 2259/2259/1526 1823/1823/1526
f 1823/1823/1632 2259/2259/1632 2260/2260/1632
f 1823/1823/1520 2260/2260/1520 1873/1873/1520
f 1873/1873/1520 2260/2260/1520 2261/2261/1520
f 2258/2258/1633 2262/2262/1633 1882/1882/1633
f 1882/1882/1520 2262/2262/1520 2263/2263/1520
f 1882/1882/1520 2263/2263/1520 1881/1881/1520
f 1881/1881/1520 2263/2263/1520 2264/2264/1520
f 1881/1881/1520 2264/2264/1520 1875/1875/1520
f 1875/1875/1631 2264/2264/1631 2265/2265/1631
f 1875/1875/1634 2265/2265/1634 1876/1876/1634
f 1876/1876/1520 2265/2265/1520 2266/2266/1520
f 1876/1876/1528 2266/2266/1528 1877/1877/1528
f 1877/1877/1520 2266/2266/1520 2267/2267/1520
f 1877/1877/1635 2267/2267/1635 1878/1878/1635
f 1878/1878/1635 2267/2267/1635 2268/2268/1635
f 1878/1878/1522 2268/2268/1522 1879/1879/1522
f 1879/1879/1520 2268/2268/1520 2269/2269/1520
f 1879/1879/1635 2269/2269/1635 1880/1880/1635
f 1880/1880/1636 2269/2269/1636 2270/2270/1636
f 1880/1880/1631 2270/2270/1631 1874/1874/1631
f 1874/1874/1631 2270/2270/1631 2271/2271/1631
f 1874/1874/1525 2271/2271/1525 1822/1822/1525
f 1822/1822/1520 2271/2271/1520 2272/2272/1520
f 1822/1822/1631 2272/2272/1631 2259/2259/1631
f 2261/2261/1513 2273/2273/1513 1873/1873/1513
f 1873/1873/1515 2273/2273/1515 2274/2274/1515
f 1873/1873/1637 2274/2274/1637 1872/1872/1637
f 1872/1872/1638 2274/2274/1638 2275/2275/1638
f 1872/1872/1639 2275/2275/1639 1871/1871/1639
f 1871/1871/1640 2275/2275/1640 2276/2276/1640
f 1871/1871/1517 2276/2276/1517 1870/1870/1517
f 1869/1869/1503 1870/1870/1503 2276/2276/1503
f 2277/2277/1508 1827/1827/1508 2278/2278/1508
f 2278/2278/1503 1827/1827/1503 1826/1826/1503
f 2278/2278/1512 1826/1826/1512 2279/2279/1512
f 2279/2279/1503 1826/1826/1503 1854/1854/1503
f 2279/2279/1510 1854/1854/1510 2280/2280/1510
f 2280/2280/1641 1854/1854/1641 1855/1855/1641
f 2280/2280/1642 1855/1855/1642 2281/2281/1642
f 2281/2281/1643 1855/1855/1643 1857/1857/1643
f 2281/2281/1503 1857/1857/1503 2282/2282/1503
f 2276/2276/1644 2283/2283/1644 1869/1869/1644
f 1869/1869/1645 2283/2283/1645 2284/2284/1645
f 1869/1869/1646 2284/2284/1646 1868/1868/1646
f 1868/1868/1642 2284/2284/1642 2285/2285/1642
f 1868/1868/1509 2285/2285/1509 1866/1866/1509
f 1866/1866/1508 2285/2285/1508 2286/2286/1508
f 1866/1866/1508 2286/2286/1508 1865/1865/1508
f 1865/1865/1503 2286/2286/1503 2287/2287/1503
f 1865/1865/1642 2287/2287/1642 1863/1863/1642
f 1863/1863/1508 2287/2287/1508 2288/2288/1508
f 1863/1863/1642 2288/2288/1642 1862/1862/1642
f 1862/1862/1647 2288/2288/1647 2289/2289/1647
f 1862/1862/1648 2289/2289/1648 1860/1860/1648
f 1860/1860/1649 2289/2289/1649 2282/2282/1649
f 1860/1860/1507 2282/2282/1507 1858/1858/1507
f 1858/1858/1650 2282/2282/1650 1857/1857/1650
f 2277/2277/1539 2290/2290/1539 1827/1827/1539
f 1827/1827/1623 2290/2290/1623 2291/2291/1623
f 1827/1827/1623 2291/2291/1623 1825/1825/1623
f 1825/1825/1539 2291/2291/1539 2292/2292/1539
f 1825/1825/1501 2292/2292/1501 1846/1846/1501
f 1847/1847/1486 1846/1846/1486 2292/2292/1486
f 1834/1834/1486 1833/1833/1486 2293/2293/1486
f 2293/2293/1651 1833/1833/1651 1831/1831/1651
f 2293/2293/1495 1831/1831/1495 2294/2294/1495
f 2295/2295/1652 1845/1845/1652 2296/2296/1652
f 2296/2296/1497 1845/1845/1497 1844/1844/1497
f 2296/2296/1491 1844/1844/1491 2297/2297/1491
f 2297/2297/1653 1844/1844/1653 1843/1843/1653
f 2297/2297/1654 1843/1843/1654 2298/2298/1654
f 2298/2298/1485 1843/1843/1485 1851/1851/1485
f 2298/2298/1655 1851/1851/1655 2299/2299/1655
f 2299/2299/1656 1851/1851/1656 1849/1849/1656
f 2299/2299/1486 1849/1849/1486 2300/2300/1486
f 2300/2300/1489 1849/1849/1489 1847/1847/1489
f 2300/2300/1657 1847/1847/1657 2301/2301/1657
f 2301/2301/1654 1847/1847/1654 2292/2292/1654
f 1831/1831/1658 1829/1829/1658 2294/2294/1658
f 2294/2294/1659 1829/1829/1659 1837/1837/1659
f 2294/2294/1660 1837/1837/1660 2302/2302/1660
f 2302/2302/1485 1837/1837/1485 1836/1836/1485
f 2302/2302/1490 1836/1836/1490 2303/2303/1490
f 2303/2303/1661 1836/1836/1661 1842/1842/1661
f 2303/2303/1485 1842/1842/1485 2304/2304/1485
f 2304/2304/1485 1842/1842/1485 1841/1841/1485
f 2304/2304/1662 1841/1841/1662 2305/2305/1662
f 2305/2305/1663 1841/1841/1663 1839/1839/1663
f 2305/2305/1500 1839/1839/1500 2306/2306/1500
f 2306/2306/1485 1839/1839/1485 1845/1845/1485
f 2306/2306/1486 1845/1845/1486 2307/2307/1486
f 2307/2307/1664 1845/1845/1664 2295/2295/1664
f 1915/1915/1665 2308/2308/1665 1916/1916/1665
f 1916/1916/1541 2308/2308/1541 2309/2309/1541
f 1916/1916/1666 2309/2309/1666 1819/1819/1666
f 1819/1819/1545 2309/2309/1545 2226/2226/1545
f 1819/1819/1541 2226/2226/1541 1820/1820/1541
f 2293/2293/1545 2310/2310/1545 1834/1834/1545
f 1834/1834/1667 2310/2310/1667 2311/2311/1667
f 1834/1834/1668 2311/2311/1668 1899/1899/1668
f 1899/1899/1669 2311/2311/1669 2312/2312/1669
f 1899/1899/1544 2312/2312/1544 1901/1901/1544
f 1901/1901/1670 2312/2312/1670 2313/2313/1670
f 1901/1901/1545 2313/2313/1545 1903/1903/1545
f 1903/1903/1671 2313/2313/1671 2314/2314/1671
f 1903/1903/1672 2314/2314/1672 1904/1904/1672
f 1904/1904/1541 2314/2314/1541 2315/2315/1541
f 1904/1904/1541 2315/2315/1541 1906/1906/1541
f 1906/1906/1673 2315/2315/1673 2316/2316/1673
f 1906/1906/1669 2316/2316/1669 1909/1909/1669
f 1909/1909/1668 2316/2316/1668 2317/2317/1668
f 1909/1909/1674 2317/2317/1674 1911/1911/1674
f 1911/1911/1675 2317/2317/1675 2318/2318/1675
f 1911/1911/1545 2318/2318/1545 1913/1913/1545
f 1913/1913/1676 2318/2318/1676 2319/2319/1676
f 1913/1913/1543 2319/2319/1543 1915/1915/1543
f 1915/1915/1677 2319/2319/1677 2320/2320/1677
f 1915/1915/1676 2320/2320/1676 2308/2308/1676
f 2321/2321/1550 1929/1929/1550 1928/1928/1550
f 2321/2321/1553 1928/1928/1553 2322/2322/1553
f 2322/2322/1550 1928/1928/1550 1926/1926/1550
f 2322/2322/1551 1926/1926/1551 2323/2323/1551
f 2323/2323/1678 1926/1926/1678 1924/1924/1678
f 2323/2323/1550 1924/1924/1550 2324/2324/1550
f 2324/2324/1679 1924/1924/1679 1923/1923/1679
f 2324/2324/1553 1923/1923/1553 2325/2325/1553
f 2325/2325/1680 1923/1923/1680 1920/1920/1680
f 2325/2325/1681 1920/1920/1681 2326/2326/1681
f 2326/2326/1682 1920/1920/1682 1918/1918/1682
f 2326/2326/1550 1918/1918/1550 2327/2327/1550
f 1929/1929/1546 2321/2321/1546 2328/2328/1546
f 1929/1929/1546 2328/2328/1546 1927/1927/1546
f 1927/1927/1546 2328/2328/1546 2329/2329/1546
f 1927/1927/1548 2329/2329/1548 2330/2330/1548
f 2331/2331/1546 1917/1917/1546 1919/1919/1546
f 2331/2331/1683 1919/1919/1683 2332/2332/1683
f 2332/2332/1546 1919/1919/1546 1921/1921/1546
f 2332/2332/1683 1921/1921/1683 2333/2333/1683
f 2333/2333/1684 1921/1921/1684 1922/1922/1684
f 2333/2333/1548 1922/1922/1548 2330/2330/1548
f 2330/2330/1548 1922/1922/1548 1925/1925/1548
f 2330/2330/1685 1925/1925/1685 1927/1927/1685
f 2327/2327/1559 1918/1918/1559 2334/2334/1559
f 2334/2334/1559 1918/1918/1559 1917/1917/1559
f 2334/2334/1559 1917/1917/1559 2331/2331/1559
f 2335/2335/1686 2336/2336/1686 2337/2337/1686
f 2337/2337/1687 2336/2336/1687 2338/2338/1687
f 2339/2339/1688 2340/2340/1688 2341/2341/1688
f 2341/2341/1689 2340/2340/1689 2211/2211/1689
f 2341/2341/1690 2211/2211/1690 2213/2213/1690
f 2339/2339/1691 2342/2342/1691 2340/2340/1691
f 2340/2340/1691 2342/2342/1691 2343/2343/1691
f 2340/2340/1692 2343/2343/1692 2344/2344/1692
f 2344/2344/1693 2343/2343/1693 2345/2345/1693
f 2344/2344/1694 2345/2345/1694 2346/2346/1694
f 2346/2346/1695 2345/2345/1695 2347/2347/1695
f 2346/2346/1696 2347/2347/1696 2335/2335/1696
f 2335/2335/1697 2347/2347/1697 2348/2348/1697
f 2335/2335/1698 2348/2348/1698 2336/2336/1698
f 2349/2349/1699 2350/2350/1699 2351/2351/1699
f 1952/1952/1699 1951/1951/1699 2352/2352/1699
f 2352/2352/1699 2353/2353/1699 1952/1952/1699
f 1952/1952/1700 2353/2353/1700 2354/2354/1700
f 1952/1952/1699 2354/2354/1699 2351/2351/1699
f 2351/2351/1700 2354/2354/1700 2355/2355/1700
f 2351/2351/1699 2355/2355/1699 2349/2349/1699
f 2356/2356/1701 2357/2357/1701 2358/2358/1701
f 2358/2358/1702 2357/2357/1702 2359/2359/1702
f 2358/2358/1702 2359/2359/1702 1930/1930/1702
f 1930/1930/1703 2359/2359/1703 2360/2360/1703
f 1930/1930/1702 2360/2360/1702 1931/1931/1702
f 2361/2361/1704 2362/2362/1704 2363/2363/1704
f 2364/2364/1705 2365/2365/1705 2363/2363/1705
f 2363/2363/1706 2365/2365/1706 2366/2366/1706
f 2363/2363/1704 2366/2366/1704 2361/2361/1704
f 2364/2364/1707 2367/2367/1707 2368/2368/1707
f 2368/2368/1707 2369/2369/1707 2364/2364/1707
f 2364/2364/1708 2369/2369/1708 2370/2370/1708
f 2364/2364/1708 2370/2370/1708 2365/2365/1708
f 2367/2367/1707 2364/2364/1707 2371/2371/1707
f 2371/2371/1709 2364/2364/1709 2372/2372/1709
f 2371/2371/1710 2372/2372/1710 2373/2373/1710
f 2356/2356/1711 2374/2374/1711 2375/2375/1711
f 2356/2356/1712 2375/2375/1712 2357/2357/1712
f 2375/2375/1713 2376/2376/1713 2357/2357/1713
f 2357/2357/1714 2376/2376/1714 2377/2377/1714
f 2357/2357/1715 2377/2377/1715 2359/2359/1715
f 2377/2377/1716 2378/2378/1716 2359/2359/1716
f 2359/2359/1716 2378/2378/1716 2379/2379/1716
f 2359/2359/1717 2379/2379/1717 2360/2360/1717
f 2360/2360/1718 2379/2379/1718 2380/2380/1718
f 2360/2360/1719 2380/2380/1719 1931/1931/1719
f 1931/1931/1720 2380/2380/1720 2381/2381/1720
f 2382/2382/1721 1934/1934/1721 2383/2383/1721
f 2383/2383/1722 1934/1934/1722 1933/1933/1722
f 2383/2383/1723 1933/1933/1723 2381/2381/1723
f 2381/2381/1724 1933/1933/1724 1932/1932/1724
f 2381/2381/1724 1932/1932/1724 1931/1931/1724
f 2382/2382/1725 2384/2384/1725 1934/1934/1725
f 1934/1934/1725 2384/2384/1725 2385/2385/1725
f 1934/1934/1726 2385/2385/1726 1936/1936/1726
f 2385/2385/1727 2386/2386/1727 1936/1936/1727
f 1936/1936/1728 2386/2386/1728 2387/2387/1728
f 1936/1936/1729 2387/2387/1729 1937/1937/1729
f 1937/1937/1730 2387/2387/1730 2388/2388/1730
f 1937/1937/1731 2388/2388/1731 1938/1938/1731
f 1938/1938/1731 2388/2388/1731 1939/1939/1731
f 1939/1939/1732 2388/2388/1732 2389/2389/1732
f 1939/1939/1733 2389/2389/1733 1940/1940/1733
f 2390/2390/1734 1942/1942/1734 2391/2391/1734
f 2391/2391/1735 1942/1942/1735 1940/1940/1735
f 2391/2391/1734 1940/1940/1734 2392/2392/1734
f 2392/2392/1736 1940/1940/1736 2389/2389/1736
f 1949/1949/1737 1947/1947/1737 2393/2393/1737
f 2393/2393/1738 1947/1947/1738 1943/1943/1738
f 2393/2393/1739 1943/1943/1739 2394/2394/1739
f 2394/2394/1740 1943/1943/1740 1942/1942/1740
f 2394/2394/1741 1942/1942/1741 2395/2395/1741
f 2395/2395/1734 1942/1942/1734 2390/2390/1734
f 1949/1949/1742 2393/2393/1742 1948/1948/1742
f 1948/1948/1743 2393/2393/1743 2396/2396/1743
f 1948/1948/1744 2396/2396/1744 2397/2397/1744
f 1955/1955/1745 1950/1950/1745 2398/2398/1745
f 2398/2398/1745 1950/1950/1745 1945/1945/1745
f 2398/2398/1746 1945/1945/1746 2397/2397/1746
f 2397/2397/1747 1945/1945/1747 1944/1944/1747
f 2397/2397/1747 1944/1944/1747 1948/1948/1747
f 1956/1956/1748 2399/2399/1748 1957/1957/1748
f 1957/1957/1749 2399/2399/1749 2400/2400/1749
f 1957/1957/1750 2400/2400/1750 1954/1954/1750
f 2401/2401/1751 1953/1953/1751 1954/1954/1751
f 1953/1953/1751 2401/2401/1751 1951/1951/1751
f 1951/1951/1752 2401/2401/1752 2402/2402/1752
f 1951/1951/1753 2402/2402/1753 2352/2352/1753
f 2403/2403/1754 2353/2353/1754 2352/2352/1754
f 2353/2353/1755 2403/2403/1755 2354/2354/1755
f 2354/2354/1756 2403/2403/1756 2404/2404/1756
f 2354/2354/1757 2404/2404/1757 2355/2355/1757
f 2405/2405/1758 2406/2406/1758 2363/2363/1758
f 2363/2363/1759 2406/2406/1759 2407/2407/1759
f 2363/2363/1759 2407/2407/1759 2364/2364/1759
f 2364/2364/1759 2407/2407/1759 2408/2408/1759
f 2364/2364/1760 2408/2408/1760 2372/2372/1760
f 2409/2409/1758 2405/2405/1758 2404/2404/1758
f 2404/2404/1758 2405/2405/1758 2363/2363/1758
f 2404/2404/1761 2363/2363/1761 2355/2355/1761
f 2355/2355/1762 2363/2363/1762 2362/2362/1762
f 2355/2355/1763 2362/2362/1763 2349/2349/1763
f 2409/2409/1764 2404/2404/1764 2410/2410/1764
f 2410/2410/1764 2404/2404/1764 2403/2403/1764
f 2410/2410/1764 2403/2403/1764 2411/2411/1764
f 2352/2352/1765 2402/2402/1765 2403/2403/1765
f 2403/2403/1766 2402/2402/1766 2412/2412/1766
f 2403/2403/1766 2412/2412/1766 2411/2411/1766
f 2413/2413/1767 2414/2414/1767 2401/2401/1767
f 2401/2401/1768 2414/2414/1768 2415/2415/1768
f 2401/2401/1768 2415/2415/1768 2402/2402/1768
f 2402/2402/1768 2415/2415/1768 2416/2416/1768
f 2402/2402/1766 2416/2416/1766 2412/2412/1766
f 1954/1954/1769 2400/2400/1769 2401/2401/1769
f 2401/2401/1767 2400/2400/1767 2417/2417/1767
f 2401/2401/1767 2417/2417/1767 2413/2413/1767
f 2418/2418/1770 2419/2419/1770 2399/2399/1770
f 2399/2399/1771 2419/2419/1771 2420/2420/1771
f 2399/2399/1771 2420/2420/1771 2400/2400/1771
f 2400/2400/1771 2420/2420/1771 2421/2421/1771
f 2400/2400/1767 2421/2421/1767 2417/2417/1767
f 2422/2422/1770 2418/2418/1770 2398/2398/1770
f 2398/2398/1770 2418/2418/1770 2399/2399/1770
f 2398/2398/1772 2399/2399/1772 1955/1955/1772
f 1955/1955/1748 2399/2399/1748 1956/1956/1748
f 2396/2396/1773 2423/2423/1773 2397/2397/1773
f 2397/2397/1774 2423/2423/1774 2424/2424/1774
f 2397/2397/1774 2424/2424/1774 2398/2398/1774
f 2398/2398/1774 2424/2424/1774 2425/2425/1774
f 2398/2398/1774 2425/2425/1774 2422/2422/1774
f 1972/1972/1775 1989/1989/1775 1973/1973/1775
f 2426/2426/1776 2427/2427/1776 2428/2428/1776
f 2206/2206/1777 2199/2199/1777 2197/2197/1777
f 2219/2219/1778 2217/2217/1778 2429/2429/1778
f 2216/2216/1779 2214/2214/1779 2430/2430/1779
f 2430/2430/1779 2214/2214/1779 2212/2212/1779
f 2430/2430/1780 2212/2212/1780 2431/2431/1780
f 2431/2431/1781 2212/2212/1781 2211/2211/1781
f 2429/2429/1782 2217/2217/1782 2432/2432/1782
f 2208/2208/1783 2210/2210/1783 2433/2433/1783
f 2433/2433/1783 2210/2210/1783 2223/2223/1783
f 2433/2433/1784 2223/2223/1784 2221/2221/1784
f 2037/2037/1785 2038/2038/1785 2201/2201/1785
f 2044/2044/1786 2181/2181/1786 2043/2043/1786
f 2043/2043/1787 2181/2181/1787 2179/2179/1787
f 2043/2043/1788 2179/2179/1788 2042/2042/1788
f 2042/2042/1789 2179/2179/1789 2177/2177/1789
f 2042/2042/1790 2177/2177/1790 2041/2041/1790
f 2046/2046/1791 2189/2189/1791 2188/2188/1791
f 2046/2046/1792 2188/2188/1792 2045/2045/1792
f 2045/2045/1793 2188/2188/1793 2185/2185/1793
f 2045/2045/1794 2185/2185/1794 2044/2044/1794
f 2044/2044/1795 2185/2185/1795 2183/2183/1795
f 2044/2044/1795 2183/2183/1795 2181/2181/1795
f 2189/2189/1796 2046/2046/1796 2191/2191/1796
f 2191/2191/1797 2046/2046/1797 2047/2047/1797
f 2191/2191/1798 2047/2047/1798 2193/2193/1798
f 2193/2193/1799 2047/2047/1799 2048/2048/1799
f 2193/2193/1800 2048/2048/1800 1961/1961/1800
f 1961/1961/1801 2048/2048/1801 2022/2022/1801
f 1961/1961/1802 2022/2022/1802 1960/1960/1802
f 1960/1960/1803 2022/2022/1803 2021/2021/1803
f 1960/1960/1804 2021/2021/1804 1958/1958/1804
f 1958/1958/1805 2021/2021/1805 2036/2036/1805
f 1958/1958/1806 2036/2036/1806 2142/2142/1806
f 2142/2142/1807 2036/2036/1807 2144/2144/1807
f 2144/2144/1808 2036/2036/1808 2035/2035/1808
f 2144/2144/1809 2035/2035/1809 2146/2146/1809
f 2146/2146/1810 2035/2035/1810 2034/2034/1810
f 2146/2146/1811 2034/2034/1811 2147/2147/1811
f 2147/2147/1812 2034/2034/1812 2033/2033/1812
f 2147/2147/1813 2033/2033/1813 2149/2149/1813
f 2149/2149/1814 2033/2033/1814 2032/2032/1814
f 2149/2149/1815 2032/2032/1815 2165/2165/1815
f 2018/2018/1816 2124/2124/1816 1970/1970/1816
f 2018/2018/1817 1970/1970/1817 2019/2019/1817
f 2124/2124/1818 2018/2018/1818 2126/2126/1818
f 2126/2126/1819 2018/2018/1819 2017/2017/1819
f 2126/2126/1820 2017/2017/1820 2127/2127/1820
f 2127/2127/1821 2017/2017/1821 2016/2016/1821
f 2127/2127/1822 2016/2016/1822 2117/2117/1822
f 2016/2016/1823 2015/2015/1823 2117/2117/1823
f 2117/2117/1823 2015/2015/1823 2014/2014/1823
f 2117/2117/1824 2014/2014/1824 2139/2139/1824
f 2139/2139/1825 2014/2014/1825 2013/2013/1825
f 2139/2139/1826 2013/2013/1826 2122/2122/1826
f 2122/2122/1827 2013/2013/1827 2012/2012/1827
f 2122/2122/1828 2012/2012/1828 2138/2138/1828
f 2138/2138/1829 2012/2012/1829 2011/2011/1829
f 2138/2138/1830 2011/2011/1830 2137/2137/1830
f 2137/2137/1831 2011/2011/1831 2010/2010/1831
f 2137/2137/1832 2010/2010/1832 2135/2135/1832
f 2135/2135/1833 2010/2010/1833 2009/2009/1833
f 2135/2135/1834 2009/2009/1834 2133/2133/1834
f 2434/2434/1835 2435/2435/1835 2436/2436/1835
f 2437/2437/1836 2435/2435/1836 2438/2438/1836
f 2438/2438/1836 2435/2435/1836 2434/2434/1836
f 2438/2438/1837 2434/2434/1837 2439/2439/1837
f 2340/2340/1838 2344/2344/1838 2440/2440/1838
f 2440/2440/1838 2344/2344/1838 2346/2346/1838
f 2346/2346/1839 2335/2335/1839 2372/2372/1839
f 2372/2372/1839 2335/2335/1839 2337/2337/1839
f 2372/2372/1840 2337/2337/1840 2373/2373/1840
f 2441/2441/1841 2442/2442/1841 1971/1971/1841
f 1976/1976/1842 1975/1975/1842 2442/2442/1842
f 2442/2442/1843 1975/1975/1843 1974/1974/1843
f 2442/2442/1843 1974/1974/1843 1971/1971/1843
f 2443/2443/1844 2444/2444/1844 1983/1983/1844
f 1986/1986/1845 2445/2445/1845 1985/1985/1845
f 1985/1985/1846 2445/2445/1846 2443/2443/1846
f 1985/1985/1847 2443/2443/1847 1984/1984/1847
f 1984/1984/1848 2443/2443/1848 1983/1983/1848
f 2446/2446/1849 1980/1980/1849 2447/2447/1849
f 2447/2447/1850 1980/1980/1850 1981/1981/1850
f 2447/2447/1851 1981/1981/1851 2444/2444/1851
f 2444/2444/1852 1981/1981/1852 1982/1982/1852
f 2444/2444/1853 1982/1982/1853 1983/1983/1853
f 1988/1988/1854 2448/2448/1854 1990/1990/1854
f 1990/1990/1855 2448/2448/1855 2449/2449/1855
f 1990/1990/1856 2449/2449/1856 1991/1991/1856
f 1989/1989/1857 1972/1972/1857 1988/1988/1857
f 1988/1988/1857 1972/1972/1857 1977/1977/1857
f 1988/1988/1858 1977/1977/1858 2448/2448/1858
f 2448/2448/1859 1977/1977/1859 1978/1978/1859
f 2448/2448/1860 1978/1978/1860 2446/2446/1860
f 2446/2446/1861 1978/1978/1861 1979/1979/1861
f 2446/2446/1861 1979/1979/1861 1980/1980/1861
f 1991/1991/1862 2449/2449/1862 1992/1992/1862
f 1992/1992/1863 2449/2449/1863 2450/2450/1863
f 1992/1992/1864 2450/2450/1864 1993/1993/1864
f 1993/1993/1865 2450/2450/1865 2451/2451/1865
f 1993/1993/1866 2451/2451/1866 1994/1994/1866
f 1994/1994/1867 2451/2451/1867 2452/2452/1867
f 1994/1994/1868 2452/2452/1868 1995/1995/1868
f 2453/2453/1869 1998/1998/1869 2454/2454/1869
f 2454/2454/1870 1998/1998/1870 1997/1997/1870
f 2454/2454/1871 1997/1997/1871 2452/2452/1871
f 2452/2452/1872 1997/1997/1872 1996/1996/1872
f 2452/2452/1868 1996/1996/1868 1995/1995/1868
f 2455/2455/1873 2000/2000/1873 2453/2453/1873
f 2453/2453/1874 2000/2000/1874 1999/1999/1874
f 2453/2453/1874 1999/1999/1874 1998/1998/1874
f 2456/2456/1875 2062/2062/1875 2457/2457/1875
f 2457/2457/1876 2062/2062/1876 2061/2061/1876
f 2076/2076/1877 2005/2005/1877 2061/2061/1877
f 2061/2061/1878 2005/2005/1878 2006/2006/1878
f 2061/2061/1879 2006/2006/1879 2457/2457/1879
f 2457/2457/1880 2006/2006/1880 2002/2002/1880
f 2457/2457/1881 2002/2002/1881 2455/2455/1881
f 2455/2455/1882 2002/2002/1882 2001/2001/1882
f 2455/2455/1882 2001/2001/1882 2000/2000/1882
f 2075/2075/1883 2003/2003/1883 2076/2076/1883
f 2076/2076/1884 2003/2003/1884 2004/2004/1884
f 2076/2076/1885 2004/2004/1885 2005/2005/1885
f 2133/2133/1834 2009/2009/1834 2131/2131/1834
f 2131/2131/1886 2009/2009/1886 2008/2008/1886
f 2131/2131/1887 2008/2008/1887 2458/2458/1887
f 2458/2458/1888 2008/2008/1888 2007/2007/1888
f 2458/2458/1889 2007/2007/1889 2459/2459/1889
f 2459/2459/1890 2007/2007/1890 2003/2003/1890
f 2459/2459/1891 2003/2003/1891 2460/2460/1891
f 2460/2460/1892 2003/2003/1892 2075/2075/1892
f 2460/2460/1893 2075/2075/1893 2069/2069/1893
f 2032/2032/1894 2031/2031/1894 2165/2165/1894
f 2165/2165/1894 2031/2031/1894 2023/2023/1894
f 2165/2165/1895 2023/2023/1895 2164/2164/1895
f 2164/2164/1896 2023/2023/1896 2024/2024/1896
f 2164/2164/1897 2024/2024/1897 2162/2162/1897
f 2162/2162/1898 2024/2024/1898 2025/2025/1898
f 2162/2162/1899 2025/2025/1899 2160/2160/1899
f 2160/2160/1900 2025/2025/1900 2026/2026/1900
f 2160/2160/1901 2026/2026/1901 2158/2158/1901
f 2158/2158/1902 2026/2026/1902 2027/2027/1902
f 2158/2158/1903 2027/2027/1903 2156/2156/1903
f 2156/2156/1904 2027/2027/1904 2028/2028/1904
f 2156/2156/1905 2028/2028/1905 2154/2154/1905
f 2154/2154/1906 2028/2028/1906 2029/2029/1906
f 2154/2154/1907 2029/2029/1907 1962/1962/1907
f 1962/1962/1908 2029/2029/1908 2030/2030/1908
f 1962/1962/1909 2030/2030/1909 1963/1963/1909
f 1963/1963/1910 2030/2030/1910 2020/2020/1910
f 1963/1963/1911 2020/2020/1911 1967/1967/1911
f 1967/1967/1912 2020/2020/1912 2019/2019/1912
f 1967/1967/1913 2019/2019/1913 1969/1969/1913
f 1969/1969/1914 2019/2019/1914 1970/1970/1914
f 2177/2177/1915 2175/2175/1915 2041/2041/1915
f 2041/2041/1916 2175/2175/1916 2174/2174/1916
f 2041/2041/1917 2174/2174/1917 2040/2040/1917
f 2040/2040/1918 2174/2174/1918 2204/2204/1918
f 2040/2040/1919 2204/2204/1919 2039/2039/1919
f 2039/2039/1920 2204/2204/1920 2203/2203/1920
f 2039/2039/1921 2203/2203/1921 2038/2038/1921
f 2038/2038/1922 2203/2203/1922 2202/2202/1922
f 2038/2038/1923 2202/2202/1923 2201/2201/1923
f 2057/2057/1924 2433/2433/1924 2429/2429/1924
f 2429/2429/1925 2433/2433/1925 2221/2221/1925
f 2429/2429/1926 2221/2221/1926 2219/2219/1926
f 2201/2201/1927 2199/2199/1927 2037/2037/1927
f 2037/2037/1928 2199/2199/1928 2206/2206/1928
f 2037/2037/1929 2206/2206/1929 2060/2060/1929
f 2060/2060/1930 2206/2206/1930 2208/2208/1930
f 2060/2060/1931 2208/2208/1931 2059/2059/1931
f 2059/2059/1932 2208/2208/1932 2433/2433/1932
f 2059/2059/1933 2433/2433/1933 2058/2058/1933
f 2058/2058/1934 2433/2433/1934 2057/2057/1934
f 2432/2432/1935 2461/2461/1935 2053/2053/1935
f 2053/2053/1936 2054/2054/1936 2432/2432/1936
f 2432/2432/1937 2054/2054/1937 2055/2055/1937
f 2432/2432/1938 2055/2055/1938 2429/2429/1938
f 2429/2429/1939 2055/2055/1939 2056/2056/1939
f 2429/2429/1940 2056/2056/1940 2057/2057/1940
f 1971/1971/1941 2049/2049/1941 2441/2441/1941
f 2441/2441/1941 2049/2049/1941 2050/2050/1941
f 2441/2441/1942 2050/2050/1942 2462/2462/1942
f 2462/2462/1943 2050/2050/1943 2051/2051/1943
f 2462/2462/1944 2051/2051/1944 2461/2461/1944
f 2461/2461/1945 2051/2051/1945 2052/2052/1945
f 2461/2461/1946 2052/2052/1946 2053/2053/1946
f 2067/2067/1947 2066/2066/1947 2463/2463/1947
f 2463/2463/1947 2066/2066/1947 2065/2065/1947
f 2463/2463/1948 2065/2065/1948 2464/2464/1948
f 2464/2464/1949 2065/2065/1949 2064/2064/1949
f 2464/2464/1950 2064/2064/1950 2456/2456/1950
f 2456/2456/1951 2064/2064/1951 2063/2063/1951
f 2456/2456/1952 2063/2063/1952 2062/2062/1952
f 2072/2072/1953 2071/2071/1953 2465/2465/1953
f 2465/2465/1954 2071/2071/1954 2070/2070/1954
f 2465/2465/1955 2070/2070/1955 2466/2466/1955
f 2466/2466/1956 2070/2070/1956 2067/2067/1956
f 2466/2466/1957 2067/2067/1957 2467/2467/1957
f 2467/2467/1958 2067/2067/1958 2463/2463/1958
f 2346/2346/1959 2372/2372/1959 2440/2440/1959
f 2440/2440/1960 2372/2372/1960 2408/2408/1960
f 2440/2440/1961 2408/2408/1961 2468/2468/1961
f 2468/2468/1962 2408/2408/1962 2407/2407/1962
f 2468/2468/1963 2407/2407/1963 2469/2469/1963
f 2407/2407/1964 2406/2406/1964 2469/2469/1964
f 2469/2469/1965 2406/2406/1965 2405/2405/1965
f 2469/2469/1966 2405/2405/1966 2470/2470/1966
f 2470/2470/1967 2405/2405/1967 2409/2409/1967
f 2470/2470/1968 2409/2409/1968 2471/2471/1968
f 2409/2409/1969 2410/2410/1969 2471/2471/1969
f 2471/2471/1969 2410/2410/1969 2411/2411/1969
f 2471/2471/1970 2411/2411/1970 2472/2472/1970
f 2472/2472/1971 2411/2411/1971 2412/2412/1971
f 2472/2472/1972 2412/2412/1972 2473/2473/1972
f 2412/2412/1973 2416/2416/1973 2473/2473/1973
f 2473/2473/1974 2416/2416/1974 2415/2415/1974
f 2473/2473/1975 2415/2415/1975 2474/2474/1975
f 2415/2415/1976 2414/2414/1976 2474/2474/1976
f 2474/2474/1977 2414/2414/1977 2413/2413/1977
f 2474/2474/1978 2413/2413/1978 2475/2475/1978
f 2413/2413/1979 2417/2417/1979 2475/2475/1979
f 2475/2475/1979 2417/2417/1979 2421/2421/1979
f 2475/2475/1980 2421/2421/1980 2476/2476/1980
f 2476/2476/1981 2421/2421/1981 2420/2420/1981
f 2476/2476/1982 2420/2420/1982 2477/2477/1982
f 2420/2420/1983 2419/2419/1983 2477/2477/1983
f 2477/2477/1984 2419/2419/1984 2418/2418/1984
f 2477/2477/1985 2418/2418/1985 2478/2478/1985
f 2418/2418/1986 2422/2422/1986 2478/2478/1986
f 2478/2478/1987 2422/2422/1987 2425/2425/1987
f 2478/2478/1988 2425/2425/1988 2479/2479/1988
f 2425/2425/1989 2424/2424/1989 2479/2479/1989
f 2479/2479/1989 2424/2424/1989 2423/2423/1989
f 2479/2479/1990 2423/2423/1990 2480/2480/1990
f 2480/2480/1991 2423/2423/1991 2396/2396/1991
f 2480/2480/1992 2396/2396/1992 2481/2481/1992
f 2396/2396/1993 2393/2393/1993 2481/2481/1993
f 2481/2481/1994 2393/2393/1994 2394/2394/1994
f 2481/2481/1995 2394/2394/1995 2482/2482/1995
f 2394/2394/1996 2395/2395/1996 2482/2482/1996
f 2482/2482/1997 2395/2395/1997 2390/2390/1997
f 2482/2482/1998 2390/2390/1998 2483/2483/1998
f 2390/2390/1999 2391/2391/1999 2483/2483/1999
f 2483/2483/1999 2391/2391/1999 2392/2392/1999
f 2483/2483/2000 2392/2392/2000 2484/2484/2000
f 2484/2484/2001 2392/2392/2001 2389/2389/2001
f 2484/2484/2002 2389/2389/2002 2485/2485/2002
f 2389/2389/2003 2388/2388/2003 2485/2485/2003
f 2485/2485/2004 2388/2388/2004 2387/2387/2004
f 2485/2485/2005 2387/2387/2005 2486/2486/2005
f 2387/2387/2006 2386/2386/2006 2486/2486/2006
f 2486/2486/2007 2386/2386/2007 2385/2385/2007
f 2486/2486/2008 2385/2385/2008 2487/2487/2008
f 2383/2383/2009 2488/2488/2009 2382/2382/2009
f 2382/2382/2010 2488/2488/2010 2487/2487/2010
f 2382/2382/2011 2487/2487/2011 2384/2384/2011
f 2384/2384/2011 2487/2487/2011 2385/2385/2011
f 2383/2383/2012 2381/2381/2012 2489/2489/2012
f 2380/2380/2013 2379/2379/2013 2490/2490/2013
f 2374/2374/2014 2437/2437/2014 2375/2375/2014
f 2375/2375/2015 2437/2437/2015 2438/2438/2015
f 2375/2375/2016 2438/2438/2016 2376/2376/2016
f 2376/2376/2017 2438/2438/2017 2439/2439/2017
f 2376/2376/2018 2439/2439/2018 2377/2377/2018
f 2377/2377/2018 2439/2439/2018 2378/2378/2018
f 2488/2488/2019 2467/2467/2019 2487/2487/2019
f 2487/2487/2019 2467/2467/2019 2463/2463/2019
f 2487/2487/2020 2463/2463/2020 2486/2486/2020
f 2486/2486/2020 2463/2463/2020 2464/2464/2020
f 2486/2486/2021 2464/2464/2021 2485/2485/2021
f 2485/2485/2021 2464/2464/2021 2456/2456/2021
f 2485/2485/2022 2456/2456/2022 2484/2484/2022
f 2484/2484/2022 2456/2456/2022 2457/2457/2022
f 2484/2484/2023 2457/2457/2023 2483/2483/2023
f 2483/2483/2023 2457/2457/2023 2455/2455/2023
f 2483/2483/2024 2455/2455/2024 2482/2482/2024
f 2482/2482/2024 2455/2455/2024 2453/2453/2024
f 2482/2482/2025 2453/2453/2025 2481/2481/2025
f 2481/2481/2025 2453/2453/2025 2454/2454/2025
f 2481/2481/2026 2454/2454/2026 2480/2480/2026
f 2480/2480/2026 2454/2454/2026 2452/2452/2026
f 2480/2480/2027 2452/2452/2027 2479/2479/2027
f 2479/2479/2027 2452/2452/2027 2451/2451/2027
f 2479/2479/2028 2451/2451/2028 2478/2478/2028
f 2478/2478/2028 2451/2451/2028 2450/2450/2028
f 2478/2478/2029 2450/2450/2029 2477/2477/2029
f 2477/2477/2029 2450/2450/2029 2449/2449/2029
f 2477/2477/2030 2449/2449/2030 2476/2476/2030
f 2476/2476/2030 2449/2449/2030 2448/2448/2030
f 2476/2476/2031 2448/2448/2031 2475/2475/2031
f 2475/2475/2031 2448/2448/2031 2446/2446/2031
f 2475/2475/2032 2446/2446/2032 2474/2474/2032
f 2474/2474/2032 2446/2446/2032 2447/2447/2032
f 2474/2474/2033 2447/2447/2033 2473/2473/2033
f 2473/2473/2033 2447/2447/2033 2444/2444/2033
f 2473/2473/2034 2444/2444/2034 2472/2472/2034
f 2472/2472/2034 2444/2444/2034 2443/2443/2034
f 2472/2472/2035 2443/2443/2035 2471/2471/2035
f 2471/2471/2035 2443/2443/2035 2445/2445/2035
f 2471/2471/2036 2445/2445/2036 2470/2470/2036
f 2470/2470/2036 2445/2445/2036 2491/2491/2036
f 2470/2470/2037 2491/2491/2037 2469/2469/2037
f 2469/2469/2037 2491/2491/2037 2492/2492/2037
f 2469/2469/2038 2492/2492/2038 2468/2468/2038
f 2468/2468/2038 2492/2492/2038 2493/2493/2038
f 2468/2468/2039 2493/2493/2039 2440/2440/2039
f 2440/2440/2039 2493/2493/2039 2431/2431/2039
f 2440/2440/2040 2431/2431/2040 2340/2340/2040
f 2340/2340/2041 2431/2431/2041 2211/2211/2041
f 2379/2379/2042 2378/2378/2042 2490/2490/2042
f 2490/2490/2043 2378/2378/2043 2439/2439/2043
f 2490/2490/2044 2439/2439/2044 2494/2494/2044
f 2494/2494/1837 2439/2439/1837 2434/2434/1837
f 2494/2494/2045 2434/2434/2045 2428/2428/2045
f 2428/2428/1835 2434/2434/1835 2436/2436/1835
f 2428/2428/1776 2436/2436/1776 2426/2426/1776
f 1986/1986/2046 1987/1987/2046 2445/2445/2046
f 2445/2445/2047 1987/1987/2047 1976/1976/2047
f 2445/2445/2048 1976/1976/2048 2491/2491/2048
f 2491/2491/2049 1976/1976/2049 2442/2442/2049
f 2491/2491/2050 2442/2442/2050 2492/2492/2050
f 2492/2492/2050 2442/2442/2050 2441/2441/2050
f 2492/2492/2051 2441/2441/2051 2493/2493/2051
f 2493/2493/2051 2441/2441/2051 2462/2462/2051
f 2493/2493/2052 2462/2462/2052 2431/2431/2052
f 2431/2431/2052 2462/2462/2052 2461/2461/2052
f 2431/2431/2053 2461/2461/2053 2430/2430/2053
f 2430/2430/2053 2461/2461/2053 2432/2432/2053
f 2430/2430/2054 2432/2432/2054 2216/2216/2054
f 2216/2216/2055 2432/2432/2055 2217/2217/2055
f 2495/2495/2056 2496/2496/2056 2497/2497/2056
f 2498/2498/2057 2499/2499/2057 2500/2500/2057
f 2500/2500/2058 2499/2499/2058 2495/2495/2058
f 2500/2500/2059 2495/2495/2059 2501/2501/2059
f 2501/2501/2056 2495/2495/2056 2497/2497/2056
f 2501/2501/2060 2497/2497/2060 2489/2489/2060
f 2069/2069/2061 2068/2068/2061 2460/2460/2061
f 2460/2460/2061 2068/2068/2061 2073/2073/2061
f 2460/2460/2062 2073/2073/2062 2502/2502/2062
f 2502/2502/2063 2073/2073/2063 2074/2074/2063
f 2502/2502/2064 2074/2074/2064 2503/2503/2064
f 2503/2503/2065 2074/2074/2065 2072/2072/2065
f 2503/2503/2066 2072/2072/2066 2504/2504/2066
f 2504/2504/2067 2072/2072/2067 2465/2465/2067
f 2504/2504/2068 2465/2465/2068 2505/2505/2068
f 2505/2505/2068 2465/2465/2068 2466/2466/2068
f 2505/2505/2068 2466/2466/2068 2506/2506/2068
f 2383/2383/2069 2489/2489/2069 2488/2488/2069
f 2488/2488/2070 2489/2489/2070 2497/2497/2070
f 2488/2488/2070 2497/2497/2070 2467/2467/2070
f 2467/2467/2071 2497/2497/2071 2496/2496/2071
f 2467/2467/2071 2496/2496/2071 2466/2466/2071
f 2466/2466/2072 2496/2496/2072 2507/2507/2072
f 2466/2466/2072 2507/2507/2072 2506/2506/2072
f 2499/2499/2058 2508/2508/2058 2495/2495/2058
f 2495/2495/2073 2508/2508/2073 2509/2509/2073
f 2495/2495/2074 2509/2509/2074 2496/2496/2074
f 2496/2496/2074 2509/2509/2074 2510/2510/2074
f 2496/2496/2072 2510/2510/2072 2507/2507/2072
f 2427/2427/2057 2498/2498/2057 2428/2428/2057
f 2428/2428/2057 2498/2498/2057 2500/2500/2057
f 2428/2428/2045 2500/2500/2045 2494/2494/2045
f 2494/2494/2059 2500/2500/2059 2501/2501/2059
f 2494/2494/2044 2501/2501/2044 2490/2490/2044
f 2490/2490/2060 2501/2501/2060 2489/2489/2060
f 2490/2490/2075 2489/2489/2075 2380/2380/2075
f 2380/2380/2076 2489/2489/2076 2381/2381/2076
f 2426/2426/2077 2083/2083/2077 2427/2427/2077
f 2427/2427/2078 2083/2083/2078 2082/2082/2078
f 2427/2427/2079 2082/2082/2079 2498/2498/2079
f 2088/2088/2080 2509/2509/2080 2508/2508/2080
f 2082/2082/2081 2080/2080/2081 2498/2498/2081
f 2498/2498/2082 2080/2080/2082 2078/2078/2082
f 2498/2498/2083 2078/2078/2083 2499/2499/2083
f 2499/2499/2084 2078/2078/2084 2091/2091/2084
f 2499/2499/2085 2091/2091/2085 2508/2508/2085
f 2508/2508/2086 2091/2091/2086 2090/2090/2086
f 2508/2508/2087 2090/2090/2087 2088/2088/2087
f 2507/2507/2088 2510/2510/2088 2085/2085/2088
f 2509/2509/2089 2088/2088/2089 2510/2510/2089
f 2510/2510/2090 2088/2088/2090 2086/2086/2090
f 2510/2510/2091 2086/2086/2091 2085/2085/2091
f 2085/2085/2092 2102/2102/2092 2507/2507/2092
f 2507/2507/2093 2102/2102/2093 2108/2108/2093
f 2507/2507/2094 2108/2108/2094 2506/2506/2094
f 2506/2506/2095 2108/2108/2095 2107/2107/2095
f 2506/2506/2096 2107/2107/2096 2505/2505/2096
f 2107/2107/2097 2105/2105/2097 2505/2505/2097
f 2505/2505/2097 2105/2105/2097 2113/2113/2097
f 2505/2505/2098 2113/2113/2098 2504/2504/2098
f 2504/2504/2099 2113/2113/2099 2112/2112/2099
f 2504/2504/2100 2112/2112/2100 2503/2503/2100
f 2112/2112/2101 2110/2110/2101 2503/2503/2101
f 2503/2503/2102 2110/2110/2102 2109/2109/2102
f 2503/2503/2103 2109/2109/2103 2502/2502/2103
f 2502/2502/2104 2109/2109/2104 2099/2099/2104
f 2502/2502/2105 2099/2099/2105 2460/2460/2105
f 2099/2099/2106 2097/2097/2106 2460/2460/2106
f 2460/2460/2107 2097/2097/2107 2096/2096/2107
f 2460/2460/2108 2096/2096/2108 2459/2459/2108
f 2459/2459/2109 2096/2096/2109 2094/2094/2109
f 2094/2094/2110 2093/2093/2110 2459/2459/2110
f 2459/2459/2111 2093/2093/2111 2114/2114/2111
f 2459/2459/2112 2114/2114/2112 2458/2458/2112
f 2458/2458/2113 2114/2114/2113 2131/2131/2113
f 2511/2511/2114 2512/2512/2114 2513/2513/2114
f 2514/2514/2115 2515/2515/2115 2516/2516/2115
f 2516/2516/2116 2515/2515/2116 2517/2517/2116
f 2315/2315/2117 2314/2314/2117 2518/2518/2117
f 2313/2313/2118 2312/2312/2118 2519/2519/2118
f 2302/2302/2119 2303/2303/2119 2520/2520/2119
f 2304/2304/2120 2305/2305/2120 2521/2521/2120
f 2301/2301/2121 2292/2292/2121 2291/2291/2121
f 2277/2277/2122 2278/2278/2122 2522/2522/2122
f 2263/2263/2123 2523/2523/2123 2264/2264/2123
f 2244/2244/2124 2524/2524/2124 2245/2245/2124
f 2207/2207/2125 2205/2205/2125 2226/2226/2125
f 2159/2159/2126 2157/2157/2126 2525/2525/2126
f 2129/2129/2127 2092/2092/2127 2095/2095/2127
f 2079/2079/2128 2081/2081/2128 2526/2526/2128
f 2527/2527/2129 2528/2528/2129 2529/2529/2129
f 2218/2218/2130 2530/2530/2130 2215/2215/2130
f 2215/2215/2131 2530/2530/2131 2531/2531/2131
f 2215/2215/2132 2531/2531/2132 2213/2213/2132
f 2213/2213/2133 2531/2531/2133 2532/2532/2133
f 2213/2213/2134 2532/2532/2134 2341/2341/2134
f 2341/2341/2134 2532/2532/2134 2339/2339/2134
f 2339/2339/2135 2532/2532/2135 2533/2533/2135
f 2339/2339/2136 2533/2533/2136 2342/2342/2136
f 2534/2534/2137 2347/2347/2137 2535/2535/2137
f 2535/2535/2138 2347/2347/2138 2345/2345/2138
f 2535/2535/2139 2345/2345/2139 2533/2533/2139
f 2533/2533/2136 2345/2345/2136 2343/2343/2136
f 2533/2533/2136 2343/2343/2136 2342/2342/2136
f 2527/2527/2129 2529/2529/2129 2536/2536/2129
f 2536/2536/2140 2529/2529/2140 2537/2537/2140
f 2536/2536/2140 2537/2537/2140 2538/2538/2140
f 2538/2538/2141 2537/2537/2141 2539/2539/2141
f 2538/2538/2141 2539/2539/2141 2540/2540/2141
f 2540/2540/2142 2539/2539/2142 2526/2526/2142
f 2540/2540/2142 2526/2526/2142 2541/2541/2142
f 2541/2541/2143 2526/2526/2143 2081/2081/2143
f 2541/2541/2144 2081/2081/2144 2083/2083/2144
f 2542/2542/2145 2077/2077/2145 2079/2079/2145
f 2543/2543/2146 2087/2087/2146 2089/2089/2146
f 2544/2544/2147 2103/2103/2147 2084/2084/2147
f 2101/2101/2148 2103/2103/2148 2545/2545/2148
f 2545/2545/2149 2103/2103/2149 2544/2544/2149
f 2545/2545/2150 2544/2544/2150 2546/2546/2150
f 2100/2100/2151 2111/2111/2151 2547/2547/2151
f 2547/2547/2152 2111/2111/2152 2104/2104/2152
f 2547/2547/2153 2104/2104/2153 2545/2545/2153
f 2545/2545/2154 2104/2104/2154 2106/2106/2154
f 2545/2545/2148 2106/2106/2148 2101/2101/2148
f 2100/2100/2155 2548/2548/2155 2098/2098/2155
f 2098/2098/2156 2548/2548/2156 2549/2549/2156
f 2098/2098/2157 2549/2549/2157 2095/2095/2157
f 2129/2129/2158 2261/2261/2158 2130/2130/2158
f 2130/2130/2159 2261/2261/2159 2260/2260/2159
f 2130/2130/2160 2260/2260/2160 2132/2132/2160
f 2132/2132/2161 2260/2260/2161 2259/2259/2161
f 2132/2132/2162 2259/2259/2162 2134/2134/2162
f 2128/2128/2163 2550/2550/2163 2120/2120/2163
f 2120/2120/2164 2550/2550/2164 2551/2551/2164
f 2120/2120/2165 2551/2551/2165 2121/2121/2165
f 2121/2121/2166 2551/2551/2166 2115/2115/2166
f 2115/2115/2167 2551/2551/2167 2552/2552/2167
f 2115/2115/2168 2552/2552/2168 2116/2116/2168
f 2116/2116/2169 2552/2552/2169 2523/2523/2169
f 2116/2116/2170 2523/2523/2170 2125/2125/2170
f 2125/2125/2171 2523/2523/2171 2263/2263/2171
f 2125/2125/2172 2263/2263/2172 2123/2123/2172
f 2123/2123/2173 2263/2263/2173 2262/2262/2173
f 2123/2123/2174 2262/2262/2174 2119/2119/2174
f 2119/2119/2175 2262/2262/2175 2258/2258/2175
f 2119/2119/2174 2258/2258/2174 2118/2118/2174
f 2118/2118/2176 2258/2258/2176 2257/2257/2176
f 2118/2118/2177 2257/2257/2177 2151/2151/2177
f 2255/2255/2178 2157/2157/2178 2155/2155/2178
f 2151/2151/2179 2257/2257/2179 2152/2152/2179
f 2152/2152/2180 2257/2257/2180 2243/2243/2180
f 2152/2152/2181 2243/2243/2181 2153/2153/2181
f 2153/2153/2182 2243/2243/2182 2242/2242/2182
f 2153/2153/2183 2242/2242/2183 2155/2155/2183
f 2155/2155/2184 2242/2242/2184 2256/2256/2184
f 2155/2155/2185 2256/2256/2185 2255/2255/2185
f 2159/2159/2186 2525/2525/2186 2161/2161/2186
f 2161/2161/2187 2525/2525/2187 2553/2553/2187
f 2161/2161/2188 2553/2553/2188 2163/2163/2188
f 2163/2163/2189 2553/2553/2189 2554/2554/2189
f 2163/2163/2190 2554/2554/2190 2150/2150/2190
f 2150/2150/2191 2554/2554/2191 2555/2555/2191
f 2150/2150/2192 2555/2555/2192 2148/2148/2192
f 2148/2148/2193 2555/2555/2193 2556/2556/2193
f 2148/2148/2194 2556/2556/2194 2145/2145/2194
f 2194/2194/2195 2195/2195/2195 2244/2244/2195
f 2244/2244/2196 2195/2195/2196 2141/2141/2196
f 2244/2244/2197 2141/2141/2197 2524/2524/2197
f 2524/2524/2198 2141/2141/2198 2140/2140/2198
f 2524/2524/2199 2140/2140/2199 2556/2556/2199
f 2556/2556/2200 2140/2140/2200 2143/2143/2200
f 2556/2556/2194 2143/2143/2194 2145/2145/2194
f 2557/2557/2201 2186/2186/2201 2239/2239/2201
f 2239/2239/2202 2186/2186/2202 2187/2187/2202
f 2239/2239/2203 2187/2187/2203 2240/2240/2203
f 2240/2240/2204 2187/2187/2204 2190/2190/2204
f 2240/2240/2205 2190/2190/2205 2231/2231/2205
f 2231/2231/2206 2190/2190/2206 2192/2192/2206
f 2231/2231/2207 2192/2192/2207 2230/2230/2207
f 2230/2230/2208 2192/2192/2208 2194/2194/2208
f 2230/2230/2209 2194/2194/2209 2241/2241/2209
f 2241/2241/2209 2194/2194/2209 2244/2244/2209
f 2234/2234/2210 2233/2233/2210 2178/2178/2210
f 2178/2178/2211 2233/2233/2211 2176/2176/2211
f 2234/2234/2212 2178/2178/2212 2235/2235/2212
f 2235/2235/2213 2178/2178/2213 2180/2180/2213
f 2235/2235/2214 2180/2180/2214 2558/2558/2214
f 2558/2558/2215 2180/2180/2215 2182/2182/2215
f 2558/2558/2216 2182/2182/2216 2557/2557/2216
f 2557/2557/2217 2182/2182/2217 2184/2184/2217
f 2557/2557/2217 2184/2184/2217 2186/2186/2217
f 2176/2176/2211 2233/2233/2211 2166/2166/2211
f 2166/2166/2218 2233/2233/2218 2232/2232/2218
f 2166/2166/2219 2232/2232/2219 2167/2167/2219
f 2167/2167/2220 2232/2232/2220 2229/2229/2220
f 2167/2167/2221 2229/2229/2221 2169/2169/2221
f 2169/2169/2222 2229/2229/2222 2228/2228/2222
f 2169/2169/2223 2228/2228/2223 2172/2172/2223
f 2172/2172/2223 2228/2228/2223 2173/2173/2223
f 2173/2173/2224 2228/2228/2224 2227/2227/2224
f 2173/2173/2225 2227/2227/2225 2200/2200/2225
f 2200/2200/2226 2227/2227/2226 2226/2226/2226
f 2200/2200/2227 2226/2226/2227 2198/2198/2227
f 2198/2198/2228 2226/2226/2228 2205/2205/2228
f 2198/2198/2229 2205/2205/2229 2196/2196/2229
f 2218/2218/2130 2220/2220/2130 2530/2530/2130
f 2530/2530/2230 2220/2220/2230 2222/2222/2230
f 2530/2530/2231 2222/2222/2231 2320/2320/2231
f 2320/2320/2232 2222/2222/2232 2224/2224/2232
f 2320/2320/2233 2224/2224/2233 2559/2559/2233
f 2559/2559/2234 2224/2224/2234 2225/2225/2234
f 2559/2559/2235 2225/2225/2235 2209/2209/2235
f 2239/2239/2236 2238/2238/2236 2557/2557/2236
f 2557/2557/2236 2238/2238/2236 2237/2237/2236
f 2557/2557/2237 2237/2237/2237 2558/2558/2237
f 2558/2558/2238 2237/2237/2238 2236/2236/2238
f 2558/2558/2238 2236/2236/2238 2235/2235/2238
f 2245/2245/2239 2524/2524/2239 2246/2246/2239
f 2246/2246/2240 2524/2524/2240 2556/2556/2240
f 2246/2246/2241 2556/2556/2241 2247/2247/2241
f 2247/2247/2241 2556/2556/2241 2248/2248/2241
f 2248/2248/2242 2556/2556/2242 2555/2555/2242
f 2248/2248/2243 2555/2555/2243 2249/2249/2243
f 2249/2249/2243 2555/2555/2243 2250/2250/2243
f 2250/2250/2244 2555/2555/2244 2554/2554/2244
f 2250/2250/2245 2554/2554/2245 2251/2251/2245
f 2251/2251/2246 2554/2554/2246 2553/2553/2246
f 2251/2251/2247 2553/2553/2247 2252/2252/2247
f 2157/2157/2248 2255/2255/2248 2525/2525/2248
f 2525/2525/2249 2255/2255/2249 2254/2254/2249
f 2525/2525/2250 2254/2254/2250 2553/2553/2250
f 2553/2553/2251 2254/2254/2251 2253/2253/2251
f 2553/2553/2247 2253/2253/2247 2252/2252/2247
f 2551/2551/2252 2267/2267/2252 2552/2552/2252
f 2552/2552/2253 2267/2267/2253 2266/2266/2253
f 2552/2552/2254 2266/2266/2254 2523/2523/2254
f 2523/2523/2255 2266/2266/2255 2265/2265/2255
f 2523/2523/2256 2265/2265/2256 2264/2264/2256
f 2272/2272/2257 2271/2271/2257 2560/2560/2257
f 2560/2560/2257 2271/2271/2257 2270/2270/2257
f 2560/2560/2258 2270/2270/2258 2550/2550/2258
f 2550/2550/2259 2270/2270/2259 2269/2269/2259
f 2550/2550/2260 2269/2269/2260 2551/2551/2260
f 2551/2551/2261 2269/2269/2261 2268/2268/2261
f 2551/2551/2261 2268/2268/2261 2267/2267/2261
f 2128/2128/2262 2136/2136/2262 2550/2550/2262
f 2550/2550/2263 2136/2136/2263 2134/2134/2263
f 2550/2550/2264 2134/2134/2264 2560/2560/2264
f 2560/2560/2265 2134/2134/2265 2259/2259/2265
f 2560/2560/2266 2259/2259/2266 2272/2272/2266
f 2549/2549/2267 2326/2326/2267 2327/2327/2267
f 2129/2129/2268 2095/2095/2268 2261/2261/2268
f 2261/2261/2269 2095/2095/2269 2549/2549/2269
f 2261/2261/2270 2549/2549/2270 2273/2273/2270
f 2273/2273/2271 2549/2549/2271 2327/2327/2271
f 2273/2273/2272 2327/2327/2272 2274/2274/2272
f 2274/2274/2273 2327/2327/2273 2334/2334/2273
f 2274/2274/2274 2334/2334/2274 2275/2275/2274
f 2275/2275/2275 2561/2561/2275 2276/2276/2275
f 2276/2276/2276 2561/2561/2276 2283/2283/2276
f 2562/2562/2277 2286/2286/2277 2563/2563/2277
f 2563/2563/2278 2286/2286/2278 2285/2285/2278
f 2563/2563/2279 2285/2285/2279 2564/2564/2279
f 2289/2289/2280 2288/2288/2280 2562/2562/2280
f 2562/2562/2281 2288/2288/2281 2287/2287/2281
f 2562/2562/2281 2287/2287/2281 2286/2286/2281
f 2279/2279/2282 2280/2280/2282 2565/2565/2282
f 2565/2565/2283 2280/2280/2283 2566/2566/2283
f 2565/2565/2284 2566/2566/2284 2567/2567/2284
f 2298/2298/2285 2299/2299/2285 2568/2568/2285
f 2568/2568/2285 2299/2299/2285 2300/2300/2285
f 2568/2568/2286 2300/2300/2286 2569/2569/2286
f 2306/2306/2287 2307/2307/2287 2570/2570/2287
f 2570/2570/2287 2307/2307/2287 2295/2295/2287
f 2570/2570/2288 2295/2295/2288 2296/2296/2288
f 2304/2304/2289 2521/2521/2289 2303/2303/2289
f 2293/2293/2290 2294/2294/2290 2571/2571/2290
f 2571/2571/2290 2294/2294/2290 2302/2302/2290
f 2312/2312/2291 2311/2311/2291 2572/2572/2291
f 2572/2572/2292 2311/2311/2292 2310/2310/2292
f 2572/2572/2292 2310/2310/2292 2293/2293/2292
f 2313/2313/2293 2519/2519/2293 2314/2314/2293
f 2573/2573/2294 2316/2316/2294 2315/2315/2294
f 2320/2320/2295 2319/2319/2295 2530/2530/2295
f 2530/2530/2296 2319/2319/2296 2318/2318/2296
f 2530/2530/2297 2318/2318/2297 2531/2531/2297
f 2531/2531/2298 2318/2318/2298 2317/2317/2298
f 2531/2531/2298 2317/2317/2298 2316/2316/2298
f 2207/2207/2299 2226/2226/2299 2209/2209/2299
f 2209/2209/2300 2226/2226/2300 2309/2309/2300
f 2209/2209/2301 2309/2309/2301 2559/2559/2301
f 2559/2559/2302 2309/2309/2302 2308/2308/2302
f 2559/2559/2303 2308/2308/2303 2320/2320/2303
f 2326/2326/2267 2549/2549/2267 2325/2325/2267
f 2325/2325/2304 2549/2549/2304 2548/2548/2304
f 2325/2325/2305 2548/2548/2305 2324/2324/2305
f 2100/2100/2306 2547/2547/2306 2548/2548/2306
f 2548/2548/2307 2547/2547/2307 2323/2323/2307
f 2548/2548/2305 2323/2323/2305 2324/2324/2305
f 2328/2328/2308 2321/2321/2308 2574/2574/2308
f 2575/2575/2309 2330/2330/2309 2329/2329/2309
f 2275/2275/2310 2334/2334/2310 2561/2561/2310
f 2561/2561/2311 2334/2334/2311 2331/2331/2311
f 2561/2561/2312 2331/2331/2312 2576/2576/2312
f 2576/2576/2313 2331/2331/2313 2332/2332/2313
f 2576/2576/2314 2332/2332/2314 2575/2575/2314
f 2575/2575/2315 2332/2332/2315 2333/2333/2315
f 2575/2575/2309 2333/2333/2309 2330/2330/2309
f 2577/2577/2316 2546/2546/2316 2578/2578/2316
f 2578/2578/2317 2546/2546/2317 2544/2544/2317
f 2578/2578/2317 2544/2544/2317 2543/2543/2317
f 2543/2543/2318 2544/2544/2318 2084/2084/2318
f 2543/2543/2146 2084/2084/2146 2087/2087/2146
f 2568/2568/2319 2579/2579/2319 2580/2580/2319
f 2580/2580/2320 2579/2579/2320 2581/2581/2320
f 2575/2575/2321 2582/2582/2321 2576/2576/2321
f 2576/2576/2321 2582/2582/2321 2583/2583/2321
f 2576/2576/2322 2583/2583/2322 2561/2561/2322
f 2561/2561/2322 2583/2583/2322 2584/2584/2322
f 2561/2561/2323 2584/2584/2323 2283/2283/2323
f 2283/2283/2324 2584/2584/2324 2564/2564/2324
f 2283/2283/2325 2564/2564/2325 2284/2284/2325
f 2284/2284/2325 2564/2564/2325 2285/2285/2325
f 2585/2585/2326 2586/2586/2326 2587/2587/2326
f 2588/2588/2327 2577/2577/2327 2589/2589/2327
f 2589/2589/2328 2577/2577/2328 2578/2578/2328
f 2589/2589/2328 2578/2578/2328 2590/2590/2328
f 2590/2590/2329 2578/2578/2329 2543/2543/2329
f 2590/2590/2329 2543/2543/2329 2542/2542/2329
f 2542/2542/2330 2543/2543/2330 2089/2089/2330
f 2542/2542/2145 2089/2089/2145 2077/2077/2145
f 2591/2591/2331 2581/2581/2331 2592/2592/2331
f 2592/2592/2331 2581/2581/2331 2579/2579/2331
f 2592/2592/2332 2579/2579/2332 2593/2593/2332
f 2594/2594/2333 2595/2595/2333 2596/2596/2333
f 2596/2596/2334 2595/2595/2334 2593/2593/2334
f 2596/2596/2335 2593/2593/2335 2522/2522/2335
f 2522/2522/2332 2593/2593/2332 2579/2579/2332
f 2522/2522/2336 2579/2579/2336 2277/2277/2336
f 2277/2277/2337 2579/2579/2337 2568/2568/2337
f 2277/2277/2338 2568/2568/2338 2290/2290/2338
f 2290/2290/2339 2568/2568/2339 2569/2569/2339
f 2290/2290/2340 2569/2569/2340 2291/2291/2340
f 2291/2291/2341 2569/2569/2341 2300/2300/2341
f 2291/2291/2342 2300/2300/2342 2301/2301/2342
f 2567/2567/2343 2566/2566/2343 2597/2597/2343
f 2597/2597/2343 2566/2566/2343 2598/2598/2343
f 2597/2597/2344 2598/2598/2344 2517/2517/2344
f 2517/2517/2344 2598/2598/2344 2599/2599/2344
f 2517/2517/2345 2599/2599/2345 2516/2516/2345
f 2582/2582/2346 2512/2512/2346 2583/2583/2346
f 2583/2583/2346 2512/2512/2346 2511/2511/2346
f 2583/2583/2347 2511/2511/2347 2584/2584/2347
f 2584/2584/2347 2511/2511/2347 2600/2600/2347
f 2584/2584/2348 2600/2600/2348 2564/2564/2348
f 2564/2564/2348 2600/2600/2348 2601/2601/2348
f 2564/2564/2349 2601/2601/2349 2563/2563/2349
f 2563/2563/2349 2601/2601/2349 2602/2602/2349
f 2563/2563/2350 2602/2602/2350 2562/2562/2350
f 2603/2603/2351 2586/2586/2351 2604/2604/2351
f 2604/2604/2351 2586/2586/2351 2585/2585/2351
f 2604/2604/2352 2585/2585/2352 2605/2605/2352
f 2329/2329/2353 2328/2328/2353 2587/2587/2353
f 2587/2587/2354 2328/2328/2354 2574/2574/2354
f 2587/2587/2326 2574/2574/2326 2585/2585/2326
f 2585/2585/2355 2574/2574/2355 2606/2606/2355
f 2585/2585/2352 2606/2606/2352 2605/2605/2352
f 2605/2605/2356 2606/2606/2356 2607/2607/2356
f 2605/2605/2357 2607/2607/2357 2608/2608/2357
f 2608/2608/2358 2607/2607/2358 2609/2609/2358
f 2610/2610/2359 2611/2611/2359 2612/2612/2359
f 2316/2316/2360 2573/2573/2360 2531/2531/2360
f 2531/2531/2361 2573/2573/2361 2613/2613/2361
f 2531/2531/2361 2613/2613/2361 2532/2532/2361
f 2532/2532/2362 2613/2613/2362 2610/2610/2362
f 2532/2532/2362 2610/2610/2362 2533/2533/2362
f 2533/2533/2359 2610/2610/2359 2612/2612/2359
f 2533/2533/2359 2612/2612/2359 2535/2535/2359
f 2315/2315/2363 2518/2518/2363 2573/2573/2363
f 2573/2573/2364 2518/2518/2364 2614/2614/2364
f 2573/2573/2364 2614/2614/2364 2613/2613/2364
f 2613/2613/2365 2614/2614/2365 2615/2615/2365
f 2613/2613/2365 2615/2615/2365 2610/2610/2365
f 2610/2610/2366 2615/2615/2366 2616/2616/2366
f 2610/2610/2366 2616/2616/2366 2611/2611/2366
f 2617/2617/2367 2618/2618/2367 2619/2619/2367
f 2314/2314/2368 2519/2519/2368 2518/2518/2368
f 2518/2518/2369 2519/2519/2369 2620/2620/2369
f 2518/2518/2369 2620/2620/2369 2614/2614/2369
f 2614/2614/2370 2620/2620/2370 2617/2617/2370
f 2614/2614/2370 2617/2617/2370 2615/2615/2370
f 2615/2615/2367 2617/2617/2367 2619/2619/2367
f 2615/2615/2367 2619/2619/2367 2616/2616/2367
f 2312/2312/2371 2572/2572/2371 2519/2519/2371
f 2519/2519/2372 2572/2572/2372 2621/2621/2372
f 2519/2519/2372 2621/2621/2372 2620/2620/2372
f 2620/2620/2373 2621/2621/2373 2622/2622/2373
f 2620/2620/2373 2622/2622/2373 2617/2617/2373
f 2617/2617/2374 2622/2622/2374 2623/2623/2374
f 2617/2617/2374 2623/2623/2374 2618/2618/2374
f 2624/2624/2375 2625/2625/2375 2626/2626/2375
f 2293/2293/2376 2571/2571/2376 2572/2572/2376
f 2572/2572/2377 2571/2571/2377 2627/2627/2377
f 2572/2572/2377 2627/2627/2377 2621/2621/2377
f 2621/2621/2378 2627/2627/2378 2624/2624/2378
f 2621/2621/2378 2624/2624/2378 2622/2622/2378
f 2622/2622/2375 2624/2624/2375 2626/2626/2375
f 2622/2622/2375 2626/2626/2375 2623/2623/2375
f 2302/2302/2379 2520/2520/2379 2571/2571/2379
f 2571/2571/2380 2520/2520/2380 2628/2628/2380
f 2571/2571/2380 2628/2628/2380 2627/2627/2380
f 2627/2627/2381 2628/2628/2381 2629/2629/2381
f 2627/2627/2381 2629/2629/2381 2624/2624/2381
f 2624/2624/2382 2629/2629/2382 2630/2630/2382
f 2624/2624/2382 2630/2630/2382 2625/2625/2382
f 2631/2631/2383 2632/2632/2383 2633/2633/2383
f 2303/2303/2384 2521/2521/2384 2520/2520/2384
f 2520/2520/2385 2521/2521/2385 2634/2634/2385
f 2520/2520/2385 2634/2634/2385 2628/2628/2385
f 2628/2628/2386 2634/2634/2386 2631/2631/2386
f 2628/2628/2386 2631/2631/2386 2629/2629/2386
f 2629/2629/2383 2631/2631/2383 2633/2633/2383
f 2629/2629/2383 2633/2633/2383 2630/2630/2383
f 2305/2305/2120 2306/2306/2120 2521/2521/2120
f 2521/2521/2387 2306/2306/2387 2570/2570/2387
f 2521/2521/2388 2570/2570/2388 2634/2634/2388
f 2634/2634/2389 2570/2570/2389 2635/2635/2389
f 2634/2634/2389 2635/2635/2389 2631/2631/2389
f 2631/2631/2390 2635/2635/2390 2636/2636/2390
f 2631/2631/2390 2636/2636/2390 2632/2632/2390
f 2298/2298/2391 2568/2568/2391 2297/2297/2391
f 2297/2297/2392 2568/2568/2392 2580/2580/2392
f 2297/2297/2393 2580/2580/2393 2296/2296/2393
f 2296/2296/2393 2580/2580/2393 2581/2581/2393
f 2296/2296/2394 2581/2581/2394 2570/2570/2394
f 2570/2570/2395 2581/2581/2395 2591/2591/2395
f 2570/2570/2395 2591/2591/2395 2635/2635/2395
f 2635/2635/2396 2591/2591/2396 2637/2637/2396
f 2635/2635/2396 2637/2637/2396 2636/2636/2396
f 2595/2595/2334 2638/2638/2334 2593/2593/2334
f 2593/2593/2397 2638/2638/2397 2639/2639/2397
f 2593/2593/2397 2639/2639/2397 2592/2592/2397
f 2592/2592/2397 2639/2639/2397 2640/2640/2397
f 2592/2592/2398 2640/2640/2398 2591/2591/2398
f 2591/2591/2398 2640/2640/2398 2641/2641/2398
f 2591/2591/2396 2641/2641/2396 2637/2637/2396
f 2278/2278/2122 2279/2279/2122 2522/2522/2122
f 2522/2522/2399 2279/2279/2399 2565/2565/2399
f 2522/2522/2335 2565/2565/2335 2596/2596/2335
f 2596/2596/2284 2565/2565/2284 2567/2567/2284
f 2596/2596/2333 2567/2567/2333 2594/2594/2333
f 2515/2515/2116 2642/2642/2116 2517/2517/2116
f 2517/2517/2400 2642/2642/2400 2643/2643/2400
f 2517/2517/2400 2643/2643/2400 2597/2597/2400
f 2597/2597/2400 2643/2643/2400 2644/2644/2400
f 2597/2597/2401 2644/2644/2401 2567/2567/2401
f 2567/2567/2402 2644/2644/2402 2645/2645/2402
f 2567/2567/2333 2645/2645/2333 2594/2594/2333
f 2646/2646/2115 2514/2514/2115 2602/2602/2115
f 2602/2602/2115 2514/2514/2115 2516/2516/2115
f 2602/2602/2350 2516/2516/2350 2562/2562/2350
f 2562/2562/2345 2516/2516/2345 2599/2599/2345
f 2562/2562/2403 2599/2599/2403 2289/2289/2403
f 2289/2289/2404 2599/2599/2404 2598/2598/2404
f 2289/2289/2405 2598/2598/2405 2282/2282/2405
f 2282/2282/2406 2598/2598/2406 2566/2566/2406
f 2282/2282/2407 2566/2566/2407 2281/2281/2407
f 2281/2281/2407 2566/2566/2407 2280/2280/2407
f 2513/2513/2114 2647/2647/2114 2511/2511/2114
f 2511/2511/2408 2647/2647/2408 2648/2648/2408
f 2511/2511/2408 2648/2648/2408 2600/2600/2408
f 2600/2600/2408 2648/2648/2408 2649/2649/2408
f 2600/2600/2409 2649/2649/2409 2601/2601/2409
f 2601/2601/2409 2649/2649/2409 2650/2650/2409
f 2601/2601/2410 2650/2650/2410 2602/2602/2410
f 2602/2602/2411 2650/2650/2411 2651/2651/2411
f 2602/2602/2410 2651/2651/2410 2646/2646/2410
f 2329/2329/2412 2587/2587/2412 2575/2575/2412
f 2575/2575/2413 2587/2587/2413 2586/2586/2413
f 2575/2575/2413 2586/2586/2413 2582/2582/2413
f 2582/2582/2414 2586/2586/2414 2603/2603/2414
f 2582/2582/2414 2603/2603/2414 2512/2512/2414
f 2512/2512/2415 2603/2603/2415 2652/2652/2415
f 2512/2512/2415 2652/2652/2415 2513/2513/2415
f 2608/2608/2357 2653/2653/2357 2605/2605/2357
f 2605/2605/2416 2653/2653/2416 2654/2654/2416
f 2605/2605/2416 2654/2654/2416 2604/2604/2416
f 2604/2604/2416 2654/2654/2416 2655/2655/2416
f 2604/2604/2417 2655/2655/2417 2603/2603/2417
f 2603/2603/2417 2655/2655/2417 2656/2656/2417
f 2603/2603/2415 2656/2656/2415 2652/2652/2415
f 2657/2657/2358 2609/2609/2358 2588/2588/2358
f 2588/2588/2358 2609/2609/2358 2607/2607/2358
f 2588/2588/2327 2607/2607/2327 2577/2577/2327
f 2577/2577/2356 2607/2607/2356 2606/2606/2356
f 2577/2577/2316 2606/2606/2316 2546/2546/2316
f 2546/2546/2355 2606/2606/2355 2574/2574/2355
f 2546/2546/2150 2574/2574/2150 2545/2545/2150
f 2545/2545/2418 2574/2574/2418 2321/2321/2418
f 2545/2545/2419 2321/2321/2419 2547/2547/2419
f 2547/2547/2420 2321/2321/2420 2322/2322/2420
f 2547/2547/2420 2322/2322/2420 2323/2323/2420
f 2079/2079/2421 2526/2526/2421 2542/2542/2421
f 2542/2542/2422 2526/2526/2422 2539/2539/2422
f 2542/2542/2422 2539/2539/2422 2590/2590/2422
f 2590/2590/2423 2539/2539/2423 2537/2537/2423
f 2590/2590/2423 2537/2537/2423 2589/2589/2423
f 2589/2589/2424 2537/2537/2424 2529/2529/2424
f 2589/2589/2424 2529/2529/2424 2588/2588/2424
f 2588/2588/2425 2529/2529/2425 2528/2528/2425
f 2588/2588/2425 2528/2528/2425 2657/2657/2425
f 2616/2616/2426 2619/2619/2426 2658/2658/2426
f 2623/2623/2427 2626/2626/2427 2658/2658/2427
f 2630/2630/2428 2633/2633/2428 2658/2658/2428
f 2515/2515/2429 2514/2514/2429 2658/2658/2429
f 2646/2646/2430 2651/2651/2430 2658/2658/2430
f 2649/2649/2431 2648/2648/2431 2658/2658/2431
f 2513/2513/2432 2652/2652/2432 2658/2658/2432
f 2655/2655/2433 2654/2654/2433 2658/2658/2433
f 2608/2608/2434 2609/2609/2434 2658/2658/2434
f 2528/2528/2435 2527/2527/2435 2658/2658/2435
f 2659/2659/2436 2658/2658/2436 2660/2660/2436
f 2658/2658/2436 2659/2659/2436 2661/2661/2436
f 2662/2662/2437 2663/2663/2437 2658/2658/2437
f 2664/2664/2438 2665/2665/2438 2658/2658/2438
f 2666/2666/2439 2667/2667/2439 2658/2658/2439
f 2535/2535/2440 2612/2612/2440 2658/2658/2440
f 2668/2668/2441 2534/2534/2441 2535/2535/2441
f 2658/2658/2442 2669/2669/2442 2670/2670/2442
f 2668/2668/2443 2658/2658/2443 2670/2670/2443
f 2667/2667/2439 2669/2669/2439 2658/2658/2439
f 2665/2665/2444 2666/2666/2444 2658/2658/2444
f 2663/2663/2437 2664/2664/2437 2658/2658/2437
f 2661/2661/2436 2662/2662/2436 2658/2658/2436
f 2528/2528/2445 2658/2658/2445 2657/2657/2445
f 2609/2609/2434 2657/2657/2434 2658/2658/2434
f 2653/2653/2446 2608/2608/2446 2658/2658/2446
f 2654/2654/2433 2653/2653/2433 2658/2658/2433
f 2656/2656/2447 2655/2655/2447 2658/2658/2447
f 2652/2652/2432 2656/2656/2432 2658/2658/2432
f 2647/2647/2448 2513/2513/2448 2658/2658/2448
f 2648/2648/2431 2647/2647/2431 2658/2658/2431
f 2650/2650/2449 2649/2649/2449 2658/2658/2449
f 2651/2651/2450 2650/2650/2450 2658/2658/2450
f 2514/2514/2429 2646/2646/2429 2658/2658/2429
f 2658/2658/2451 2643/2643/2451 2642/2642/2451
f 2644/2644/2451 2643/2643/2451 2658/2658/2451
f 2642/2642/2452 2515/2515/2452 2658/2658/2452
f 2658/2658/2453 2594/2594/2453 2645/2645/2453
f 2595/2595/2453 2594/2594/2453 2658/2658/2453
f 2645/2645/2454 2644/2644/2454 2658/2658/2454
f 2658/2658/2455 2639/2639/2455 2638/2638/2455
f 2640/2640/2455 2639/2639/2455 2658/2658/2455
f 2638/2638/2456 2595/2595/2456 2658/2658/2456
f 2658/2658/2457 2637/2637/2457 2641/2641/2457
f 2636/2636/2457 2637/2637/2457 2658/2658/2457
f 2641/2641/2458 2640/2640/2458 2658/2658/2458
f 2632/2632/2459 2636/2636/2459 2658/2658/2459
f 2633/2633/2428 2632/2632/2428 2658/2658/2428
f 2625/2625/2460 2630/2630/2460 2658/2658/2460
f 2626/2626/2427 2625/2625/2427 2658/2658/2427
f 2618/2618/2461 2623/2623/2461 2658/2658/2461
f 2619/2619/2426 2618/2618/2426 2658/2658/2426
f 2611/2611/2462 2616/2616/2462 2658/2658/2462
f 2612/2612/2463 2611/2611/2463 2658/2658/2463
f 2668/2668/2464 2535/2535/2464 2658/2658/2464
f 2659/2659/2465 2660/2660/2465 2671/2671/2465
f 2664/2664/2465 2663/2663/2465 2672/2672/2465
f 2672/2672/2465 2663/2663/2465 2662/2662/2465
f 2672/2672/2465 2662/2662/2465 2671/2671/2465
f 2671/2671/2466 2662/2662/2466 2661/2661/2466
f 2671/2671/2465 2661/2661/2465 2659/2659/2465
f 2669/2669/2465 2667/2667/2465 2673/2673/2465
f 2673/2673/2465 2667/2667/2465 2666/2666/2465
f 2673/2673/2465 2666/2666/2465 2672/2672/2465
f 2672/2672/2465 2666/2666/2465 2665/2665/2465
f 2672/2672/2465 2665/2665/2465 2664/2664/2465
f 2673/2673/2465 2674/2674/2465 2669/2669/2465
f 2669/2669/2465 2674/2674/2465 2675/2675/2465
f 2669/2669/2465 2675/2675/2465 2670/2670/2465
f 2670/2670/2465 2675/2675/2465 2338/2338/2465
f 2670/2670/2465 2338/2338/2465 2668/2668/2465
f 2668/2668/2465 2338/2338/2465 2336/2336/2465
f 2668/2668/2465 2336/2336/2465 2534/2534/2465
f 2534/2534/2465 2336/2336/2465 2348/2348/2465
f 2534/2534/2465 2348/2348/2465 2347/2347/2465
f 2362/2362/2467 2361/2361/2467 2672/2672/2467
f 2373/2373/2468 2337/2337/2468 2338/2338/2468
f 2349/2349/2469 2362/2362/2469 2350/2350/2469
f 2350/2350/2470 2362/2362/2470 2672/2672/2470
f 2350/2350/2471 2672/2672/2471 2671/2671/2471
f 2361/2361/2472 2366/2366/2472 2672/2672/2472
f 2672/2672/2473 2366/2366/2473 2365/2365/2473
f 2672/2672/2474 2365/2365/2474 2673/2673/2474
f 2365/2365/2473 2370/2370/2473 2673/2673/2473
f 2673/2673/2473 2370/2370/2473 2369/2369/2473
f 2673/2673/2473 2369/2369/2473 2674/2674/2473
f 2674/2674/2475 2369/2369/2475 2368/2368/2475
f 2674/2674/2476 2368/2368/2476 2675/2675/2476
f 2675/2675/2477 2368/2368/2477 2367/2367/2477
f 2675/2675/2478 2367/2367/2478 2338/2338/2478
f 2338/2338/2479 2367/2367/2479 2371/2371/2479
f 2338/2338/2480 2371/2371/2480 2373/2373/2480
f 2356/2356/4 2676/2676/4 2677/2677/4
f 2671/2671/4 2660/2660/4 2350/2350/4
f 2350/2350/4 2660/2660/4 2658/2658/4
f 2083/2083/4 2426/2426/4 2541/2541/4
f 2541/2541/4 2426/2426/4 2436/2436/4
f 2374/2374/4 2527/2527/4 2437/2437/4
f 2437/2437/4 2527/2527/4 2536/2536/4
f 2437/2437/4 2536/2536/4 2435/2435/4
f 2435/2435/4 2536/2536/4 2538/2538/4
f 2435/2435/4 2538/2538/4 2436/2436/4
f 2436/2436/4 2538/2538/4 2540/2540/4
f 2436/2436/4 2540/2540/4 2541/2541/4
f 2676/2676/4 2356/2356/4 2678/2678/4
f 2678/2678/4 2356/2356/4 2358/2358/4
f 2678/2678/4 2358/2358/4 2679/2679/4
f 2679/2679/4 2358/2358/4 2351/2351/4
f 2679/2679/4 2351/2351/4 2680/2680/4
f 2680/2680/4 2351/2351/4 2350/2350/4
f 2680/2680/4 2350/2350/4 2681/2681/4
f 2681/2681/4 2350/2350/4 2658/2658/4
f 2681/2681/4 2658/2658/4 2682/2682/4
f 2682/2682/4 2658/2658/4 2527/2527/4
f 2682/2682/4 2527/2527/4 2677/2677/4
f 2677/2677/4 2527/2527/4 2374/2374/4
f 2677/2677/4 2374/2374/4 2356/2356/4
f 2680/2680/6 2681/2681/6 422/422/6
f 422/422/6 2681/2681/6 424/424/6
f 2677/2677/2 2676/2676/2 415/415/2
f 415/415/2 2676/2676/2 417/417/2
f 426/426/13 2682/2682/13 415/415/13
f 415/415/13 2682/2682/13 2677/2677/13
f 424/424/12 2681/2681/12 426/426/12
f 426/426/12 2681/2681/12 2682/2682/12
f 417/417/11 2676/2676/11 419/419/11
f 419/419/11 2676/2676/11 2678/2678/11
f 421/421/10 2679/2679/10 422/422/10
f 422/422/10 2679/2679/10 2680/2680/10
f 419/419/9 2678/2678/9 421/421/9
f 421/421/9 2678/2678/9 2679/2679/9
f 420/420/2481 423/423/2481 2683/2683/2481
f 2683/2683/2481 423/423/2481 365/365/2481
f 2683/2683/2481 365/365/2481 363/363/2481
f 354/354/2482 352/352/2482 2684/2684/2482
f 2684/2684/2482 352/352/2482 403/403/2482
f 2684/2684/2482 403/403/2482 404/404/2482
f 346/346/2483 354/354/2483 348/348/2483
f 348/348/2483 354/354/2483 2684/2684/2483
f 348/348/2483 2684/2684/2483 2685/2685/2483
f 363/363/2484 345/345/2484 2683/2683/2484
f 2683/2683/2484 345/345/2484 347/347/2484
f 2683/2683/2484 347/347/2484 2686/2686/2484
f 352/352/2485 358/358/2485 403/403/2485
f 403/403/2485 358/358/2485 399/399/2485
f 403/403/2485 399/399/2485 408/408/2485
f 408/408/2485 399/399/2485 1703/1703/2485
f 425/425/2486 1702/1702/2486 400/400/2486
f 425/425/2486 400/400/2486 423/423/2486
f 423/423/2486 400/400/2486 373/373/2486
f 423/423/2486 373/373/2486 365/365/2486
f 272/272/2487 353/353/2487 355/355/2487
f 272/272/2488 355/355/2488 334/334/2488
f 334/334/2489 355/355/2489 395/395/2489
f 334/334/2489 395/395/2489 337/337/2489
f 337/337/2490 395/395/2490 394/394/2490
f 337/337/2490 394/394/2490 338/338/2490
f 338/338/2491 394/394/2491 393/393/2491
f 338/338/2491 393/393/2491 339/339/2491
f 339/339/2492 393/393/2492 380/380/2492
f 339/339/2493 380/380/2493 333/333/2493
f 333/333/2494 380/380/2494 379/379/2494
f 333/333/2494 379/379/2494 332/332/2494
f 332/332/2495 379/379/2495 392/392/2495
f 332/332/2495 392/392/2495 330/330/2495
f 330/330/2496 392/392/2496 391/391/2496
f 330/330/2496 391/391/2496 344/344/2496
f 344/344/2497 391/391/2497 390/390/2497
f 344/344/2498 390/390/2498 343/343/2498
f 343/343/2499 390/390/2499 398/398/2499
f 343/343/2499 398/398/2499 328/328/2499
f 272/272/5 270/270/5 353/353/5
f 353/353/5 270/270/5 351/351/5
f 278/278/2500 382/382/2500 381/381/2500
f 278/278/2500 381/381/2500 340/340/2500
f 340/340/2501 381/381/2501 361/361/2501
f 340/340/2502 361/361/2502 315/315/2502
f 315/315/2503 361/361/2503 360/360/2503
f 315/315/2503 360/360/2503 316/316/2503
f 316/316/2504 360/360/2504 359/359/2504
f 316/316/2504 359/359/2504 318/318/2504
f 318/318/2505 359/359/2505 357/357/2505
f 318/318/2505 357/357/2505 319/319/2505
f 319/319/2506 357/357/2506 356/356/2506
f 319/319/2507 356/356/2507 291/291/2507
f 291/291/2508 356/356/2508 372/372/2508
f 291/291/2508 372/372/2508 292/292/2508
f 292/292/2509 372/372/2509 371/371/2509
f 292/292/2509 371/371/2509 312/312/2509
f 312/312/2510 371/371/2510 370/370/2510
f 312/312/2510 370/370/2510 311/311/2510
f 311/311/2511 370/370/2511 351/351/2511
f 311/311/2512 351/351/2512 270/270/2512
f 278/278/9 295/295/9 382/382/9
f 382/382/9 295/295/9 383/383/9
f 268/268/2513 364/364/2513 366/366/2513
f 268/268/2513 366/366/2513 313/313/2513
f 313/313/2514 366/366/2514 389/389/2514
f 313/313/2515 389/389/2515 281/281/2515
f 281/281/2516 389/389/2516 388/388/2516
f 281/281/2517 388/388/2517 282/282/2517
f 282/282/2518 388/388/2518 387/387/2518
f 282/282/2519 387/387/2519 284/284/2519
f 284/284/2520 387/387/2520 386/386/2520
f 284/284/2520 386/386/2520 303/303/2520
f 303/303/2521 386/386/2521 385/385/2521
f 303/303/2522 385/385/2522 304/304/2522
f 304/304/2523 385/385/2523 384/384/2523
f 304/304/2523 384/384/2523 305/305/2523
f 305/305/2524 384/384/2524 375/375/2524
f 305/305/2524 375/375/2524 302/302/2524
f 302/302/2525 375/375/2525 374/374/2525
f 302/302/2526 374/374/2526 300/300/2526
f 300/300/2527 374/374/2527 383/383/2527
f 300/300/2527 383/383/2527 295/295/2527
f 268/268/4 266/266/4 364/364/4
f 364/364/4 266/266/4 362/362/4
f 306/306/2528 397/397/2528 396/396/2528
f 306/306/2528 396/396/2528 325/325/2528
f 325/325/2529 396/396/2529 378/378/2529
f 325/325/2530 378/378/2530 288/288/2530
f 288/288/2531 378/378/2531 377/377/2531
f 288/288/2531 377/377/2531 289/289/2531
f 289/289/2532 377/377/2532 376/376/2532
f 289/289/2532 376/376/2532 324/324/2532
f 324/324/2533 376/376/2533 350/350/2533
f 324/324/2534 350/350/2534 314/314/2534
f 314/314/2535 350/350/2535 349/349/2535
f 314/314/2535 349/349/2535 275/275/2535
f 275/275/2536 349/349/2536 369/369/2536
f 275/275/2537 369/369/2537 276/276/2537
f 276/276/2538 369/369/2538 368/368/2538
f 276/276/2539 368/368/2539 323/323/2539
f 323/323/2540 368/368/2540 367/367/2540
f 323/323/2541 367/367/2541 322/322/2541
f 322/322/2542 367/367/2542 362/362/2542
f 322/322/2542 362/362/2542 266/266/2542
f 306/306/1138 328/328/1138 397/397/1138
f 397/397/1138 328/328/1138 398/398/1138
f 2687/2687/6 2688/2688/6 2689/2689/6
f 2689/2689/6 2688/2688/6 2690/2690/6
f 2689/2689/6 2690/2690/6 2691/2691/6
f 2691/2691/6 2690/2690/6 2692/2692/6
f 2691/2691/6 2692/2692/6 2693/2693/6
f 2693/2693/6 2692/2692/6 2694/2694/6
f 2693/2693/6 2694/2694/6 2695/2695/6
f 2695/2695/6 2694/2694/6 2696/2696/6
f 2695/2695/6 2696/2696/6 2697/2697/6
f 2697/2697/6 2696/2696/6 2698/2698/6
f 2697/2697/6 2698/2698/6 2699/2699/6
f 2699/2699/6 2698/2698/6 2700/2700/6
f 2699/2699/6 2700/2700/6 2701/2701/6
f 2701/2701/6 2700/2700/6 2702/2702/6
f 2701/2701/6 2702/2702/6 2703/2703/6
f 2703/2703/6 2702/2702/6 2704/2704/6
f 2703/2703/6 2704/2704/6 2705/2705/6
f 2705/2705/6 2704/2704/6 2706/2706/6
f 2705/2705/6 2706/2706/6 2707/2707/6
f 2707/2707/6 2706/2706/6 2708/2708/6
f 2707/2707/6 2708/2708/6 2709/2709/6
f 2709/2709/6 2708/2708/6 2710/2710/6
f 2709/2709/6 2710/2710/6 2711/2711/6
f 2711/2711/6 2710/2710/6 2712/2712/6
f 2711/2711/6 2712/2712/6 2713/2713/6
f 2713/2713/6 2712/2712/6 2714/2714/6
f 2713/2713/6 2714/2714/6 2715/2715/6
f 2715/2715/6 2714/2714/6 2716/2716/6
f 2715/2715/6 2716/2716/6 2717/2717/6
f 2717/2717/6 2716/2716/6 2718/2718/6
f 2717/2717/6 2718/2718/6 2719/2719/6
f 2719/2719/6 2718/2718/6 2720/2720/6
f 2719/2719/6 2720/2720/6 2721/2721/6
f 2721/2721/6 2720/2720/6 2722/2722/6
f 2721/2721/6 2722/2722/6 2723/2723/6
f 2723/2723/6 2722/2722/6 2724/2724/6
f 2723/2723/6 2724/2724/6 2725/2725/6
f 2725/2725/6 2724/2724/6 2726/2726/6
f 2725/2725/6 2726/2726/6 2727/2727/6
f 2727/2727/6 2726/2726/6 2728/2728/6
f 2727/2727/6 2728/2728/6 2729/2729/6
f 2729/2729/6 2728/2728/6 2730/2730/6
f 2729/2729/6 2730/2730/6 2731/2731/6
f 2731/2731/6 2730/2730/6 2732/2732/6
f 2731/2731/6 2732/2732/6 2733/2733/6
f 2733/2733/6 2732/2732/6 2734/2734/6
f 2733/2733/6 2734/2734/6 2735/2735/6
f 2735/2735/6 2734/2734/6 2736/2736/6
f 2735/2735/6 2736/2736/6 2737/2737/6
f 2737/2737/6 2736/2736/6 2738/2738/6
f 2737/2737/6 2738/2738/6 2739/2739/6
f 2739/2739/6 2738/2738/6 2740/2740/6
f 2739/2739/6 2740/2740/6 2741/2741/6
f 2741/2741/6 2740/2740/6 2742/2742/6
f 2741/2741/6 2742/2742/6 2743/2743/6
f 2743/2743/6 2742/2742/6 2744/2744/6
f 2743/2743/6 2744/2744/6 2745/2745/6
f 2745/2745/6 2744/2744/6 2746/2746/6
f 2745/2745/6 2746/2746/6 2747/2747/6
f 2747/2747/6 2746/2746/6 2748/2748/6
f 2747/2747/6 2748/2748/6 2749/2749/6
f 2749/2749/6 2748/2748/6 2750/2750/6
f 2749/2749/6 2750/2750/6 2751/2751/6
f 2751/2751/6 2750/2750/6 2752/2752/6
f 2751/2751/6 2752/2752/6 2753/2753/6
f 2753/2753/6 2752/2752/6 2754/2754/6
f 2753/2753/6 2754/2754/6 2755/2755/6
f 2755/2755/6 2754/2754/6 2756/2756/6
f 2755/2755/6 2756/2756/6 2757/2757/6
f 2757/2757/6 2756/2756/6 2758/2758/6
f 2757/2757/6 2758/2758/6 2687/2687/6
f 2687/2687/6 2758/2758/6 2688/2688/6
f 2759/2759/1223 267/267/1223 2760/2760/1223
f 2760/2760/1174 267/267/1174 287/287/1174
f 2760/2760/1174 287/287/1174 2761/2761/1174
f 2761/2761/2543 287/287/2543 286/286/2543
f 2761/2761/2543 286/286/2543 2762/2762/2543
f 2762/2762/1178 286/286/1178 285/285/1178
f 2762/2762/1178 285/285/1178 2763/2763/1178
f 2763/2763/2544 285/285/2544 283/283/2544
f 2763/2763/2544 283/283/2544 2764/2764/2544
f 2764/2764/1164 283/283/1164 301/301/1164
f 2764/2764/1164 301/301/1164 2765/2765/1164
f 2765/2765/1182 301/301/1182 299/299/1182
f 2765/2765/1228 299/299/1228 2766/2766/1228
f 2766/2766/1229 299/299/1229 298/298/1229
f 2766/2766/1229 298/298/1229 2767/2767/1229
f 2767/2767/1185 298/298/1185 294/294/1185
f 2767/2767/1185 294/294/1185 2768/2768/1185
f 2768/2768/1186 294/294/1186 296/296/1186
f 2768/2768/1186 296/296/1186 2769/2769/1186
f 2769/2769/1187 296/296/1187 297/297/1187
f 2769/2769/1187 297/297/1187 2770/2770/1187
f 2770/2770/1188 297/297/1188 280/280/1188
f 2770/2770/1188 280/280/1188 2771/2771/1188
f 2771/2771/1189 280/280/1189 279/279/1189
f 2771/2771/2545 279/279/2545 2772/2772/2545
f 2772/2772/2546 279/279/2546 317/317/2546
f 2772/2772/1232 317/317/1232 2773/2773/1232
f 2773/2773/1160 317/317/1160 293/293/1160
f 2773/2773/1160 293/293/1160 2774/2774/1160
f 2774/2774/2547 293/293/2547 310/310/2547
f 2774/2774/1193 310/310/1193 2775/2775/1193
f 2775/2775/1195 310/310/1195 309/309/1195
f 2775/2775/1195 309/309/1195 2776/2776/1195
f 2776/2776/2548 309/309/2548 269/269/2548
f 2776/2776/2548 269/269/2548 2777/2777/2548
f 2777/2777/1197 269/269/1197 271/271/1197
f 2777/2777/1198 271/271/1198 2778/2778/1198
f 2778/2778/1199 271/271/1199 273/273/1199
f 2778/2778/1200 273/273/1200 2779/2779/1200
f 2779/2779/2549 273/273/2549 274/274/2549
f 2779/2779/2549 274/274/2549 2780/2780/2549
f 2780/2780/1202 274/274/1202 336/336/1202
f 2780/2780/1202 336/336/1202 2781/2781/1202
f 2781/2781/2550 336/336/2550 335/335/2550
f 2781/2781/2550 335/335/2550 2782/2782/2550
f 2782/2782/1162 335/335/1162 331/331/1162
f 2782/2782/1162 331/331/1162 2783/2783/1162
f 2783/2783/1241 331/331/1241 342/342/1241
f 2783/2783/2551 342/342/2551 2784/2784/2551
f 2784/2784/2552 342/342/2552 341/341/2552
f 2784/2784/1208 341/341/1208 2785/2785/1208
f 2785/2785/1209 341/341/1209 329/329/1209
f 2785/2785/1209 329/329/1209 2786/2786/1209
f 2786/2786/1210 329/329/1210 327/327/1210
f 2786/2786/1210 327/327/1210 2787/2787/1210
f 2787/2787/1211 327/327/1211 326/326/1211
f 2787/2787/2553 326/326/2553 2788/2788/2553
f 2788/2788/1212 326/326/1212 308/308/1212
f 2788/2788/1212 308/308/1212 2789/2789/1212
f 2789/2789/1244 308/308/1244 307/307/1244
f 2789/2789/1244 307/307/1244 2790/2790/1244
f 2790/2790/1245 307/307/1245 290/290/1245
f 2790/2790/1215 290/290/1215 2791/2791/1215
f 2791/2791/1163 290/290/1163 277/277/1163
f 2791/2791/1163 277/277/1163 2792/2792/1163
f 2792/2792/2554 277/277/2554 321/321/2554
f 2792/2792/2554 321/321/2554 2793/2793/2554
f 2793/2793/1219 321/321/1219 320/320/1219
f 2793/2793/1219 320/320/1219 2794/2794/1219
f 2794/2794/2555 320/320/2555 265/265/2555
f 2794/2794/2555 265/265/2555 2759/2759/2555
f 2759/2759/1223 265/265/1223 267/267/1223
f 2717/2717/1199 2795/2795/1199 2715/2715/1199
f 2715/2715/1198 2795/2795/1198 2796/2796/1198
f 2715/2715/1198 2796/2796/1198 2713/2713/1198
f 2713/2713/2556 2796/2796/2556 2797/2797/2556
f 2713/2713/2548 2797/2797/2548 2711/2711/2548
f 2711/2711/2557 2797/2797/2557 2798/2798/2557
f 2711/2711/2557 2798/2798/2557 2709/2709/2557
f 2709/2709/1193 2798/2798/1193 2799/2799/1193
f 2709/2709/1233 2799/2799/1233 2707/2707/1233
f 2707/2707/1160 2799/2799/1160 2800/2800/1160
f 2707/2707/1191 2800/2800/1191 2705/2705/1191
f 2705/2705/2546 2800/2800/2546 2801/2801/2546
f 2705/2705/2546 2801/2801/2546 2703/2703/2546
f 2703/2703/1189 2801/2801/1189 2802/2802/1189
f 2703/2703/1189 2802/2802/1189 2701/2701/1189
f 2701/2701/1188 2802/2802/1188 2803/2803/1188
f 2701/2701/1188 2803/2803/1188 2699/2699/1188
f 2699/2699/1187 2803/2803/1187 2804/2804/1187
f 2699/2699/1187 2804/2804/1187 2697/2697/1187
f 2697/2697/1186 2804/2804/1186 2805/2805/1186
f 2697/2697/1186 2805/2805/1186 2695/2695/1186
f 2695/2695/1185 2805/2805/1185 2806/2806/1185
f 2695/2695/1185 2806/2806/1185 2693/2693/1185
f 2693/2693/1229 2806/2806/1229 2807/2807/1229
f 2693/2693/1229 2807/2807/1229 2691/2691/1229
f 2691/2691/1228 2807/2807/1228 2808/2808/1228
f 2691/2691/1228 2808/2808/1228 2689/2689/1228
f 2689/2689/1181 2808/2808/1181 2809/2809/1181
f 2689/2689/1164 2809/2809/1164 2687/2687/1164
f 2687/2687/2544 2809/2809/2544 2810/2810/2544
f 2687/2687/2544 2810/2810/2544 2757/2757/2544
f 2757/2757/1178 2810/2810/1178 2811/2811/1178
f 2757/2757/1178 2811/2811/1178 2755/2755/1178
f 2755/2755/1226 2811/2811/1226 2812/2812/1226
f 2755/2755/2543 2812/2812/2543 2753/2753/2543
f 2753/2753/1174 2812/2812/1174 2813/2813/1174
f 2753/2753/1173 2813/2813/1173 2751/2751/1173
f 2751/2751/1172 2813/2813/1172 2814/2814/1172
f 2751/2751/1223 2814/2814/1223 2749/2749/1223
f 2749/2749/1247 2814/2814/1247 2815/2815/1247
f 2749/2749/2555 2815/2815/2555 2747/2747/2555
f 2747/2747/1219 2815/2815/1219 2816/2816/1219
f 2747/2747/1219 2816/2816/1219 2745/2745/1219
f 2745/2745/2554 2816/2816/2554 2817/2817/2554
f 2745/2745/1246 2817/2817/1246 2743/2743/1246
f 2743/2743/1163 2817/2817/1163 2818/2818/1163
f 2743/2743/1163 2818/2818/1163 2741/2741/1163
f 2741/2741/1215 2818/2818/1215 2819/2819/1215
f 2741/2741/1215 2819/2819/1215 2739/2739/1215
f 2739/2739/1244 2819/2819/1244 2820/2820/1244
f 2739/2739/1244 2820/2820/1244 2737/2737/1244
f 2737/2737/1212 2820/2820/1212 2821/2821/1212
f 2737/2737/1212 2821/2821/1212 2735/2735/1212
f 2735/2735/1211 2821/2821/1211 2822/2822/1211
f 2735/2735/1211 2822/2822/1211 2733/2733/1211
f 2733/2733/1210 2822/2822/1210 2823/2823/1210
f 2733/2733/1210 2823/2823/1210 2731/2731/1210
f 2731/2731/1209 2823/2823/1209 2824/2824/1209
f 2731/2731/1209 2824/2824/1209 2729/2729/1209
f 2729/2729/1208 2824/2824/1208 2825/2825/1208
f 2729/2729/2552 2825/2825/2552 2727/2727/2552
f 2727/2727/1241 2825/2825/1241 2826/2826/1241
f 2727/2727/2551 2826/2826/2551 2725/2725/2551
f 2725/2725/2558 2826/2826/2558 2827/2827/2558
f 2725/2725/1162 2827/2827/1162 2723/2723/1162
f 2723/2723/1240 2827/2827/1240 2828/2828/1240
f 2723/2723/2550 2828/2828/2550 2721/2721/2550
f 2721/2721/2559 2828/2828/2559 2829/2829/2559
f 2721/2721/2559 2829/2829/2559 2719/2719/2559
f 2719/2719/2549 2829/2829/2549 2830/2830/2549
f 2719/2719/2560 2830/2830/2560 2717/2717/2560
f 2717/2717/1199 2830/2830/1199 2795/2795/1199
f 2754/2754/2561 2831/2831/2561 2756/2756/2561
f 2756/2756/2561 2831/2831/2561 2832/2832/2561
f 2756/2756/2562 2832/2832/2562 2758/2758/2562
f 2758/2758/2562 2832/2832/2562 2833/2833/2562
f 2758/2758/2563 2833/2833/2563 2688/2688/2563
f 2688/2688/2564 2833/2833/2564 2834/2834/2564
f 2688/2688/2565 2834/2834/2565 2690/2690/2565
f 2690/2690/2565 2834/2834/2565 2835/2835/2565
f 2690/2690/2566 2835/2835/2566 2692/2692/2566
f 2692/2692/2567 2835/2835/2567 2836/2836/2567
f 2692/2692/2568 2836/2836/2568 2694/2694/2568
f 2694/2694/2568 2836/2836/2568 2837/2837/2568
f 2694/2694/2569 2837/2837/2569 2696/2696/2569
f 2696/2696/2569 2837/2837/2569 2838/2838/2569
f 2696/2696/2570 2838/2838/2570 2698/2698/2570
f 2698/2698/2570 2838/2838/2570 2839/2839/2570
f 2698/2698/2571 2839/2839/2571 2700/2700/2571
f 2700/2700/2571 2839/2839/2571 2840/2840/2571
f 2700/2700/2572 2840/2840/2572 2702/2702/2572
f 2702/2702/2572 2840/2840/2572 2841/2841/2572
f 2702/2702/2573 2841/2841/2573 2704/2704/2573
f 2704/2704/2573 2841/2841/2573 2842/2842/2573
f 2704/2704/2574 2842/2842/2574 2706/2706/2574
f 2706/2706/2574 2842/2842/2574 2843/2843/2574
f 2706/2706/2575 2843/2843/2575 2708/2708/2575
f 2708/2708/2576 2843/2843/2576 2844/2844/2576
f 2708/2708/2577 2844/2844/2577 2710/2710/2577
f 2710/2710/2578 2844/2844/2578 2845/2845/2578
f 2710/2710/2579 2845/2845/2579 2712/2712/2579
f 2712/2712/2579 2845/2845/2579 2846/2846/2579
f 2712/2712/2580 2846/2846/2580 2714/2714/2580
f 2714/2714/2580 2846/2846/2580 2847/2847/2580
f 2714/2714/2581 2847/2847/2581 2716/2716/2581
f 2716/2716/2582 2847/2847/2582 2848/2848/2582
f 2716/2716/2583 2848/2848/2583 2718/2718/2583
f 2718/2718/2583 2848/2848/2583 2849/2849/2583
f 2718/2718/2584 2849/2849/2584 2720/2720/2584
f 2720/2720/2584 2849/2849/2584 2850/2850/2584
f 2720/2720/2585 2850/2850/2585 2722/2722/2585
f 2722/2722/2585 2850/2850/2585 2851/2851/2585
f 2722/2722/2586 2851/2851/2586 2724/2724/2586
f 2724/2724/2586 2851/2851/2586 2852/2852/2586
f 2724/2724/2587 2852/2852/2587 2726/2726/2587
f 2726/2726/2587 2852/2852/2587 2853/2853/2587
f 2726/2726/2588 2853/2853/2588 2728/2728/2588
f 2728/2728/2588 2853/2853/2588 2854/2854/2588
f 2728/2728/2589 2854/2854/2589 2730/2730/2589
f 2730/2730/2589 2854/2854/2589 2855/2855/2589
f 2730/2730/2590 2855/2855/2590 2732/2732/2590
f 2732/2732/2590 2855/2855/2590 2856/2856/2590
f 2732/2732/2591 2856/2856/2591 2734/2734/2591
f 2734/2734/2591 2856/2856/2591 2857/2857/2591
f 2734/2734/2592 2857/2857/2592 2736/2736/2592
f 2736/2736/2592 2857/2857/2592 2858/2858/2592
f 2736/2736/2593 2858/2858/2593 2738/2738/2593
f 2738/2738/2593 2858/2858/2593 2859/2859/2593
f 2738/2738/2594 2859/2859/2594 2740/2740/2594
f 2740/2740/2594 2859/2859/2594 2860/2860/2594
f 2740/2740/2595 2860/2860/2595 2742/2742/2595
f 2742/2742/2595 2860/2860/2595 2861/2861/2595
f 2742/2742/2596 2861/2861/2596 2744/2744/2596
f 2744/2744/2596 2861/2861/2596 2862/2862/2596
f 2744/2744/2597 2862/2862/2597 2746/2746/2597
f 2746/2746/2598 2862/2862/2598 2863/2863/2598
f 2746/2746/2599 2863/2863/2599 2748/2748/2599
f 2748/2748/2599 2863/2863/2599 2864/2864/2599
f 2748/2748/2600 2864/2864/2600 2750/2750/2600
f 2750/2750/2600 2864/2864/2600 2865/2865/2600
f 2750/2750/2601 2865/2865/2601 2752/2752/2601
f 2752/2752/2602 2865/2865/2602 2866/2866/2602
f 2752/2752/2603 2866/2866/2603 2754/2754/2603
f 2754/2754/2603 2866/2866/2603 2831/2831/2603
f 2831/2831/2604 2867/2867/2604 2832/2832/2604
f 2832/2832/2605 2867/2867/2605 2868/2868/2605
f 2832/2832/2606 2868/2868/2606 2833/2833/2606
f 2833/2833/2607 2868/2868/2607 2869/2869/2607
f 2833/2833/2608 2869/2869/2608 2834/2834/2608
f 2834/2834/2608 2869/2869/2608 2870/2870/2608
f 2834/2834/2609 2870/2870/2609 2835/2835/2609
f 2835/2835/2610 2870/2870/2610 2871/2871/2610
f 2835/2835/2611 2871/2871/2611 2836/2836/2611
f 2836/2836/2612 2871/2871/2612 2872/2872/2612
f 2836/2836/2613 2872/2872/2613 2837/2837/2613
f 2837/2837/2613 2872/2872/2613 2873/2873/2613
f 2837/2837/2614 2873/2873/2614 2838/2838/2614
f 2838/2838/2614 2873/2873/2614 2874/2874/2614
f 2838/2838/2615 2874/2874/2615 2839/2839/2615
f 2839/2839/2616 2874/2874/2616 2875/2875/2616
f 2839/2839/2617 2875/2875/2617 2840/2840/2617
f 2840/2840/2618 2875/2875/2618 2876/2876/2618
f 2840/2840/2619 2876/2876/2619 2841/2841/2619
f 2841/2841/2619 2876/2876/2619 2877/2877/2619
f 2841/2841/2620 2877/2877/2620 2842/2842/2620
f 2842/2842/2620 2877/2877/2620 2878/2878/2620
f 2842/2842/2621 2878/2878/2621 2843/2843/2621
f 2843/2843/2621 2878/2878/2621 2879/2879/2621
f 2843/2843/2622 2879/2879/2622 2844/2844/2622
f 2844/2844/2623 2879/2879/2623 2880/2880/2623
f 2844/2844/2624 2880/2880/2624 2845/2845/2624
f 2845/2845/2624 2880/2880/2624 2881/2881/2624
f 2845/2845/2625 2881/2881/2625 2846/2846/2625
f 2846/2846/2625 2881/2881/2625 2882/2882/2625
f 2846/2846/2626 2882/2882/2626 2847/2847/2626
f 2847/2847/2626 2882/2882/2626 2883/2883/2626
f 2847/2847/2627 2883/2883/2627 2848/2848/2627
f 2848/2848/2627 2883/2883/2627 2884/2884/2627
f 2848/2848/2628 2884/2884/2628 2849/2849/2628
f 2849/2849/2628 2884/2884/2628 2885/2885/2628
f 2849/2849/2629 2885/2885/2629 2850/2850/2629
f 2850/2850/2629 2885/2885/2629 2886/2886/2629
f 2850/2850/2630 2886/2886/2630 2851/2851/2630
f 2851/2851/2630 2886/2886/2630 2887/2887/2630
f 2851/2851/2631 2887/2887/2631 2852/2852/2631
f 2852/2852/2631 2887/2887/2631 2888/2888/2631
f 2852/2852/2632 2888/2888/2632 2853/2853/2632
f 2853/2853/2633 2888/2888/2633 2889/2889/2633
f 2853/2853/2634 2889/2889/2634 2854/2854/2634
f 2854/2854/2634 2889/2889/2634 2890/2890/2634
f 2854/2854/2635 2890/2890/2635 2855/2855/2635
f 2855/2855/2635 2890/2890/2635 2891/2891/2635
f 2855/2855/2636 2891/2891/2636 2856/2856/2636
f 2856/2856/2636 2891/2891/2636 2892/2892/2636
f 2856/2856/2637 2892/2892/2637 2857/2857/2637
f 2857/2857/2637 2892/2892/2637 2893/2893/2637
f 2857/2857/2638 2893/2893/2638 2858/2858/2638
f 2858/2858/2639 2893/2893/2639 2894/2894/2639
f 2858/2858/2640 2894/2894/2640 2859/2859/2640
f 2859/2859/2640 2894/2894/2640 2895/2895/2640
f 2859/2859/2641 2895/2895/2641 2860/2860/2641
f 2860/2860/2641 2895/2895/2641 2896/2896/2641
f 2860/2860/2642 2896/2896/2642 2861/2861/2642
f 2861/2861/2643 2896/2896/2643 2897/2897/2643
f 2861/2861/2644 2897/2897/2644 2862/2862/2644
f 2862/2862/2645 2897/2897/2645 2898/2898/2645
f 2862/2862/2646 2898/2898/2646 2863/2863/2646
f 2863/2863/2646 2898/2898/2646 2899/2899/2646
f 2863/2863/2647 2899/2899/2647 2864/2864/2647
f 2864/2864/2648 2899/2899/2648 2900/2900/2648
f 2864/2864/2649 2900/2900/2649 2865/2865/2649
f 2865/2865/2650 2900/2900/2650 2901/2901/2650
f 2865/2865/2651 2901/2901/2651 2866/2866/2651
f 2866/2866/2651 2901/2901/2651 2902/2902/2651
f 2866/2866/2652 2902/2902/2652 2831/2831/2652
f 2831/2831/2652 2902/2902/2652 2867/2867/2652
f 2867/2867/2653 2903/2903/2653 2868/2868/2653
f 2868/2868/2654 2903/2903/2654 2904/2904/2654
f 2868/2868/2655 2904/2904/2655 2869/2869/2655
f 2869/2869/2656 2904/2904/2656 2905/2905/2656
f 2869/2869/2657 2905/2905/2657 2870/2870/2657
f 2870/2870/2658 2905/2905/2658 2906/2906/2658
f 2870/2870/2659 2906/2906/2659 2871/2871/2659
f 2871/2871/2660 2906/2906/2660 2907/2907/2660
f 2871/2871/2661 2907/2907/2661 2872/2872/2661
f 2872/2872/2661 2907/2907/2661 2908/2908/2661
f 2872/2872/2662 2908/2908/2662 2873/2873/2662
f 2873/2873/2663 2908/2908/2663 2909/2909/2663
f 2873/2873/2664 2909/2909/2664 2874/2874/2664
f 2874/2874/2664 2909/2909/2664 2910/2910/2664
f 2874/2874/2665 2910/2910/2665 2875/2875/2665
f 2875/2875/2665 2910/2910/2665 2911/2911/2665
f 2875/2875/2666 2911/2911/2666 2876/2876/2666
f 2876/2876/2667 2911/2911/2667 2912/2912/2667
f 2876/2876/2668 2912/2912/2668 2877/2877/2668
f 2877/2877/2668 2912/2912/2668 2913/2913/2668
f 2877/2877/2669 2913/2913/2669 2878/2878/2669
f 2878/2878/2669 2913/2913/2669 2914/2914/2669
f 2878/2878/2670 2914/2914/2670 2879/2879/2670
f 2879/2879/2670 2914/2914/2670 2915/2915/2670
f 2879/2879/2671 2915/2915/2671 2880/2880/2671
f 2880/2880/2671 2915/2915/2671 2916/2916/2671
f 2880/2880/2672 2916/2916/2672 2881/2881/2672
f 2881/2881/2673 2916/2916/2673 2917/2917/2673
f 2881/2881/2674 2917/2917/2674 2882/2882/2674
f 2882/2882/2675 2917/2917/2675 2918/2918/2675
f 2882/2882/2676 2918/2918/2676 2883/2883/2676
f 2883/2883/2676 2918/2918/2676 2919/2919/2676
f 2883/2883/2677 2919/2919/2677 2884/2884/2677
f 2884/2884/2678 2919/2919/2678 2920/2920/2678
f 2884/2884/2679 2920/2920/2679 2885/2885/2679
f 2885/2885/2680 2920/2920/2680 2921/2921/2680
f 2885/2885/2681 2921/2921/2681 2886/2886/2681
f 2886/2886/2682 2921/2921/2682 2922/2922/2682
f 2886/2886/2683 2922/2922/2683 2887/2887/2683
f 2887/2887/2684 2922/2922/2684 2923/2923/2684
f 2887/2887/2685 2923/2923/2685 2888/2888/2685
f 2888/2888/2686 2923/2923/2686 2924/2924/2686
f 2888/2888/2687 2924/2924/2687 2889/2889/2687
f 2889/2889/2687 2924/2924/2687 2925/2925/2687
f 2889/2889/2688 2925/2925/2688 2890/2890/2688
f 2890/2890/2688 2925/2925/2688 2926/2926/2688
f 2890/2890/2689 2926/2926/2689 2891/2891/2689
f 2891/2891/2689 2926/2926/2689 2927/2927/2689
f 2891/2891/2690 2927/2927/2690 2892/2892/2690
f 2892/2892/2690 2927/2927/2690 2928/2928/2690
f 2892/2892/2691 2928/2928/2691 2893/2893/2691
f 2893/2893/2691 2928/2928/2691 2929/2929/2691
f 2893/2893/2692 2929/2929/2692 2894/2894/2692
f 2894/2894/2693 2929/2929/2693 2930/2930/2693
f 2894/2894/2694 2930/2930/2694 2895/2895/2694
f 2895/2895/2694 2930/2930/2694 2931/2931/2694
f 2895/2895/2695 2931/2931/2695 2896/2896/2695
f 2896/2896/2696 2931/2931/2696 2932/2932/2696
f 2896/2896/2697 2932/2932/2697 2897/2897/2697
f 2897/2897/2697 2932/2932/2697 2933/2933/2697
f 2897/2897/2698 2933/2933/2698 2898/2898/2698
f 2898/2898/2699 2933/2933/2699 2934/2934/2699
f 2898/2898/2700 2934/2934/2700 2899/2899/2700
f 2899/2899/2701 2934/2934/2701 2935/2935/2701
f 2899/2899/2702 2935/2935/2702 2900/2900/2702
f 2900/2900/2703 2935/2935/2703 2936/2936/2703
f 2900/2900/2704 2936/2936/2704 2901/2901/2704
f 2901/2901/2705 2936/2936/2705 2937/2937/2705
f 2901/2901/2706 2937/2937/2706 2902/2902/2706
f 2902/2902/2707 2937/2937/2707 2938/2938/2707
f 2902/2902/2708 2938/2938/2708 2867/2867/2708
f 2867/2867/2709 2938/2938/2709 2903/2903/2709
f 2903/2903/2710 2939/2939/2710 2904/2904/2710
f 2904/2904/2710 2939/2939/2710 2940/2940/2710
f 2904/2904/2711 2940/2940/2711 2905/2905/2711
f 2905/2905/2712 2940/2940/2712 2941/2941/2712
f 2905/2905/2713 2941/2941/2713 2906/2906/2713
f 2906/2906/2713 2941/2941/2713 2942/2942/2713
f 2906/2906/2714 2942/2942/2714 2907/2907/2714
f 2907/2907/2715 2942/2942/2715 2943/2943/2715
f 2907/2907/2716 2943/2943/2716 2908/2908/2716
f 2908/2908/2716 2943/2943/2716 2944/2944/2716
f 2908/2908/2717 2944/2944/2717 2909/2909/2717
f 2909/2909/2718 2944/2944/2718 2945/2945/2718
f 2909/2909/2719 2945/2945/2719 2910/2910/2719
f 2910/2910/2720 2945/2945/2720 2946/2946/2720
f 2910/2910/2721 2946/2946/2721 2911/2911/2721
f 2911/2911/2721 2946/2946/2721 2947/2947/2721
f 2911/2911/2722 2947/2947/2722 2912/2912/2722
f 2912/2912/2722 2947/2947/2722 2948/2948/2722
f 2912/2912/2723 2948/2948/2723 2913/2913/2723
f 2913/2913/2724 2948/2948/2724 2949/2949/2724
f 2913/2913/2725 2949/2949/2725 2914/2914/2725
f 2914/2914/2726 2949/2949/2726 2950/2950/2726
f 2914/2914/2727 2950/2950/2727 2915/2915/2727
f 2915/2915/2727 2950/2950/2727 2951/2951/2727
f 2915/2915/2728 2951/2951/2728 2916/2916/2728
f 2916/2916/2729 2951/2951/2729 2952/2952/2729
f 2916/2916/2730 2952/2952/2730 2917/2917/2730
f 2917/2917/2731 2952/2952/2731 2953/2953/2731
f 2917/2917/2732 2953/2953/2732 2918/2918/2732
f 2918/2918/2732 2953/2953/2732 2954/2954/2732
f 2918/2918/2733 2954/2954/2733 2919/2919/2733
f 2919/2919/2733 2954/2954/2733 2955/2955/2733
f 2919/2919/2734 2955/2955/2734 2920/2920/2734
f 2920/2920/2735 2955/2955/2735 2956/2956/2735
f 2920/2920/2736 2956/2956/2736 2921/2921/2736
f 2921/2921/2736 2956/2956/2736 2957/2957/2736
f 2921/2921/2737 2957/2957/2737 2922/2922/2737
f 2922/2922/2737 2957/2957/2737 2958/2958/2737
f 2922/2922/2738 2958/2958/2738 2923/2923/2738
f 2923/2923/2738 2958/2958/2738 2959/2959/2738
f 2923/2923/2739 2959/2959/2739 2924/2924/2739
f 2924/2924/2740 2959/2959/2740 2960/2960/2740
f 2924/2924/2741 2960/2960/2741 2925/2925/2741
f 2925/2925/2741 2960/2960/2741 2961/2961/2741
f 2925/2925/2742 2961/2961/2742 2926/2926/2742
f 2926/2926/2743 2961/2961/2743 2962/2962/2743
f 2926/2926/2744 2962/2962/2744 2927/2927/2744
f 2927/2927/2745 2962/2962/2745 2963/2963/2745
f 2927/2927/2746 2963/2963/2746 2928/2928/2746
f 2928/2928/2747 2963/2963/2747 2964/2964/2747
f 2928/2928/2748 2964/2964/2748 2929/2929/2748
f 2929/2929/2748 2964/2964/2748 2965/2965/2748
f 2929/2929/2749 2965/2965/2749 2930/2930/2749
f 2930/2930/2750 2965/2965/2750 2966/2966/2750
f 2930/2930/2751 2966/2966/2751 2931/2931/2751
f 2931/2931/2752 2966/2966/2752 2967/2967/2752
f 2931/2931/2753 2967/2967/2753 2932/2932/2753
f 2932/2932/2753 2967/2967/2753 2968/2968/2753
f 2932/2932/2754 2968/2968/2754 2933/2933/2754
f 2933/2933/2754 2968/2968/2754 2969/2969/2754
f 2933/2933/2755 2969/2969/2755 2934/2934/2755
f 2934/2934/2756 2969/2969/2756 2970/2970/2756
f 2934/2934/2757 2970/2970/2757 2935/2935/2757
f 2935/2935/2757 2970/2970/2757 2971/2971/2757
f 2935/2935/2758 2971/2971/2758 2936/2936/2758
f 2936/2936/2758 2971/2971/2758 2972/2972/2758
f 2936/2936/2759 2972/2972/2759 2937/2937/2759
f 2937/2937/2760 2972/2972/2760 2973/2973/2760
f 2937/2937/2761 2973/2973/2761 2938/2938/2761
f 2938/2938/2762 2973/2973/2762 2974/2974/2762
f 2938/2938/2763 2974/2974/2763 2903/2903/2763
f 2903/2903/2764 2974/2974/2764 2939/2939/2764
f 2939/2939/2765 2975/2975/2765 2940/2940/2765
f 2940/2940/2766 2975/2975/2766 2976/2976/2766
f 2940/2940/2767 2976/2976/2767 2941/2941/2767
f 2941/2941/2768 2976/2976/2768 2977/2977/2768
f 2941/2941/2769 2977/2977/2769 2942/2942/2769
f 2942/2942/2770 2977/2977/2770 2978/2978/2770
f 2942/2942/2771 2978/2978/2771 2943/2943/2771
f 2943/2943/2771 2978/2978/2771 2979/2979/2771
f 2943/2943/2772 2979/2979/2772 2944/2944/2772
f 2944/2944/2772 2979/2979/2772 2980/2980/2772
f 2944/2944/2773 2980/2980/2773 2945/2945/2773
f 2945/2945/2774 2980/2980/2774 2981/2981/2774
f 2945/2945/2775 2981/2981/2775 2946/2946/2775
f 2946/2946/2776 2981/2981/2776 2982/2982/2776
f 2946/2946/2777 2982/2982/2777 2947/2947/2777
f 2947/2947/2778 2982/2982/2778 2983/2983/2778
f 2947/2947/2779 2983/2983/2779 2948/2948/2779
f 2948/2948/2780 2983/2983/2780 2984/2984/2780
f 2948/2948/2781 2984/2984/2781 2949/2949/2781
f 2949/2949/2782 2984/2984/2782 2985/2985/2782
f 2949/2949/2783 2985/2985/2783 2950/2950/2783
f 2950/2950/2784 2985/2985/2784 2986/2986/2784
f 2950/2950/2785 2986/2986/2785 2951/2951/2785
f 2951/2951/2785 2986/2986/2785 2987/2987/2785
f 2951/2951/2786 2987/2987/2786 2952/2952/2786
f 2952/2952/2787 2987/2987/2787 2988/2988/2787
f 2952/2952/2788 2988/2988/2788 2953/2953/2788
f 2953/2953/2788 2988/2988/2788 2989/2989/2788
f 2953/2953/2789 2989/2989/2789 2954/2954/2789
f 2954/2954/2790 2989/2989/2790 2990/2990/2790
f 2954/2954/2791 2990/2990/2791 2955/2955/2791
f 2955/2955/2792 2990/2990/2792 2991/2991/2792
f 2955/2955/2793 2991/2991/2793 2956/2956/2793
f 2956/2956/2793 2991/2991/2793 2992/2992/2793
f 2956/2956/2794 2992/2992/2794 2957/2957/2794
f 2957/2957/2794 2992/2992/2794 2993/2993/2794
f 2957/2957/2795 2993/2993/2795 2958/2958/2795
f 2958/2958/2796 2993/2993/2796 2994/2994/2796
f 2958/2958/2797 2994/2994/2797 2959/2959/2797
f 2959/2959/2798 2994/2994/2798 2995/2995/2798
f 2959/2959/2799 2995/2995/2799 2960/2960/2799
f 2960/2960/2800 2995/2995/2800 2996/2996/2800
f 2960/2960/2801 2996/2996/2801 2961/2961/2801
f 2961/2961/2802 2996/2996/2802 2997/2997/2802
f 2961/2961/2803 2997/2997/2803 2962/2962/2803
f 2962/2962/2804 2997/2997/2804 2998/2998/2804
f 2962/2962/2805 2998/2998/2805 2963/2963/2805
f 2963/2963/2805 2998/2998/2805 2999/2999/2805
f 2963/2963/2806 2999/2999/2806 2964/2964/2806
f 2964/2964/2806 2999/2999/2806 3000/3000/2806
f 2964/2964/2807 3000/3000/2807 2965/2965/2807
f 2965/2965/2807 3000/3000/2807 3001/3001/2807
f 2965/2965/2808 3001/3001/2808 2966/2966/2808
f 2966/2966/2808 3001/3001/2808 3002/3002/2808
f 2966/2966/2809 3002/3002/2809 2967/2967/2809
f 2967/2967/2810 3002/3002/2810 3003/3003/2810
f 2967/2967/2811 3003/3003/2811 2968/2968/2811
f 2968/2968/2812 3003/3003/2812 3004/3004/2812
f 2968/2968/2813 3004/3004/2813 2969/2969/2813
f 2969/2969/2813 3004/3004/2813 3005/3005/2813
f 2969/2969/2814 3005/3005/2814 2970/2970/2814
f 2970/2970/2814 3005/3005/2814 3006/3006/2814
f 2970/2970/2815 3006/3006/2815 2971/2971/2815
f 2971/2971/2816 3006/3006/2816 3007/3007/2816
f 2971/2971/2817 3007/3007/2817 2972/2972/2817
f 2972/2972/2818 3007/3007/2818 3008/3008/2818
f 2972/2972/2819 3008/3008/2819 2973/2973/2819
f 2973/2973/2820 3008/3008/2820 3009/3009/2820
f 2973/2973/2821 3009/3009/2821 2974/2974/2821
f 2974/2974/2822 3009/3009/2822 3010/3010/2822
f 2974/2974/2823 3010/3010/2823 2939/2939/2823
f 2939/2939/2824 3010/3010/2824 2975/2975/2824
f 2975/2975/2825 3011/3011/2825 2976/2976/2825
f 2976/2976/2826 3011/3011/2826 3012/3012/2826
f 2976/2976/2827 3012/3012/2827 2977/2977/2827
f 2977/2977/2828 3012/3012/2828 3013/3013/2828
f 2977/2977/2829 3013/3013/2829 2978/2978/2829
f 2978/2978/2829 3013/3013/2829 3014/3014/2829
f 2978/2978/2830 3014/3014/2830 2979/2979/2830
f 2979/2979/2831 3014/3014/2831 3015/3015/2831
f 2979/2979/2832 3015/3015/2832 2980/2980/2832
f 2980/2980/2833 3015/3015/2833 3016/3016/2833
f 2980/2980/2834 3016/3016/2834 2981/2981/2834
f 2981/2981/2835 3016/3016/2835 3017/3017/2835
f 2981/2981/2836 3017/3017/2836 2982/2982/2836
f 2982/2982/2836 3017/3017/2836 3018/3018/2836
f 2982/2982/2837 3018/3018/2837 2983/2983/2837
f 2983/2983/2838 3018/3018/2838 3019/3019/2838
f 2983/2983/2839 3019/3019/2839 2984/2984/2839
f 2984/2984/2839 3019/3019/2839 3020/3020/2839
f 2984/2984/2840 3020/3020/2840 2985/2985/2840
f 2985/2985/2841 3020/3020/2841 3021/3021/2841
f 2985/2985/2842 3021/3021/2842 2986/2986/2842
f 2986/2986/2843 3021/3021/2843 3022/3022/2843
f 2986/2986/2844 3022/3022/2844 2987/2987/2844
f 2987/2987/2845 3022/3022/2845 3023/3023/2845
f 2987/2987/2846 3023/3023/2846 2988/2988/2846
f 2988/2988/2847 3023/3023/2847 3024/3024/2847
f 2988/2988/2848 3024/3024/2848 2989/2989/2848
f 2989/2989/2848 3024/3024/2848 3025/3025/2848
f 2989/2989/2849 3025/3025/2849 2990/2990/2849
f 2990/2990/2850 3025/3025/2850 3026/3026/2850
f 2990/2990/2851 3026/3026/2851 2991/2991/2851
f 2991/2991/2852 3026/3026/2852 3027/3027/2852
f 2991/2991/2853 3027/3027/2853 2992/2992/2853
f 2992/2992/2853 3027/3027/2853 3028/3028/2853
f 2992/2992/2854 3028/3028/2854 2993/2993/2854
f 2993/2993/2854 3028/3028/2854 3029/3029/2854
f 2993/2993/2855 3029/3029/2855 2994/2994/2855
f 2994/2994/2856 3029/3029/2856 3030/3030/2856
f 2994/2994/2857 3030/3030/2857 2995/2995/2857
f 2995/2995/2858 3030/3030/2858 3031/3031/2858
f 2995/2995/2859 3031/3031/2859 2996/2996/2859
f 2996/2996/2859 3031/3031/2859 3032/3032/2859
f 2996/2996/2860 3032/3032/2860 2997/2997/2860
f 2997/2997/2861 3032/3032/2861 3033/3033/2861
f 2997/2997/2862 3033/3033/2862 2998/2998/2862
f 2998/2998/2863 3033/3033/2863 3034/3034/2863
f 2998/2998/2864 3034/3034/2864 2999/2999/2864
f 2999/2999/2865 3034/3034/2865 3035/3035/2865
f 2999/2999/2866 3035/3035/2866 3000/3000/2866
f 3000/3000/2867 3035/3035/2867 3036/3036/2867
f 3000/3000/2868 3036/3036/2868 3001/3001/2868
f 3001/3001/2869 3036/3036/2869 3037/3037/2869
f 3001/3001/2870 3037/3037/2870 3002/3002/2870
f 3002/3002/2871 3037/3037/2871 3038/3038/2871
f 3002/3002/2872 3038/3038/2872 3003/3003/2872
f 3003/3003/2872 3038/3038/2872 3039/3039/2872
f 3003/3003/2873 3039/3039/2873 3004/3004/2873
f 3004/3004/2873 3039/3039/2873 3040/3040/2873
f 3004/3004/2874 3040/3040/2874 3005/3005/2874
f 3005/3005/2875 3040/3040/2875 3041/3041/2875
f 3005/3005/2876 3041/3041/2876 3006/3006/2876
f 3006/3006/2877 3041/3041/2877 3042/3042/2877
f 3006/3006/2878 3042/3042/2878 3007/3007/2878
f 3007/3007/2878 3042/3042/2878 3043/3043/2878
f 3007/3007/2879 3043/3043/2879 3008/3008/2879
f 3008/3008/2880 3043/3043/2880 3044/3044/2880
f 3008/3008/2881 3044/3044/2881 3009/3009/2881
f 3009/3009/2882 3044/3044/2882 3045/3045/2882
f 3009/3009/2883 3045/3045/2883 3010/3010/2883
f 3010/3010/2884 3045/3045/2884 3046/3046/2884
f 3010/3010/2885 3046/3046/2885 2975/2975/2885
f 2975/2975/2886 3046/3046/2886 3011/3011/2886
f 3011/3011/2887 3047/3047/2887 3012/3012/2887
f 3012/3012/2888 3047/3047/2888 3048/3048/2888
f 3012/3012/2889 3048/3048/2889 3013/3013/2889
f 3013/3013/2890 3048/3048/2890 3049/3049/2890
f 3013/3013/2891 3049/3049/2891 3014/3014/2891
f 3014/3014/2892 3049/3049/2892 3050/3050/2892
f 3014/3014/2893 3050/3050/2893 3015/3015/2893
f 3015/3015/2893 3050/3050/2893 3051/3051/2893
f 3015/3015/2894 3051/3051/2894 3016/3016/2894
f 3016/3016/2894 3051/3051/2894 3052/3052/2894
f 3016/3016/2895 3052/3052/2895 3017/3017/2895
f 3017/3017/2896 3052/3052/2896 3053/3053/2896
f 3017/3017/2897 3053/3053/2897 3018/3018/2897
f 3018/3018/2897 3053/3053/2897 3054/3054/2897
f 3018/3018/2898 3054/3054/2898 3019/3019/2898
f 3019/3019/2899 3054/3054/2899 3055/3055/2899
f 3019/3019/2900 3055/3055/2900 3020/3020/2900
f 3020/3020/2900 3055/3055/2900 3056/3056/2900
f 3020/3020/2901 3056/3056/2901 3021/3021/2901
f 3021/3021/2902 3056/3056/2902 3057/3057/2902
f 3021/3021/2903 3057/3057/2903 3022/3022/2903
f 3022/3022/2903 3057/3057/2903 3058/3058/2903
f 3022/3022/2904 3058/3058/2904 3023/3023/2904
f 3023/3023/2905 3058/3058/2905 3059/3059/2905
f 3023/3023/2906 3059/3059/2906 3024/3024/2906
f 3024/3024/2906 3059/3059/2906 3060/3060/2906
f 3024/3024/2907 3060/3060/2907 3025/3025/2907
f 3025/3025/2908 3060/3060/2908 3061/3061/2908
f 3025/3025/2909 3061/3061/2909 3026/3026/2909
f 3026/3026/2910 3061/3061/2910 3062/3062/2910
f 3026/3026/2911 3062/3062/2911 3027/3027/2911
f 3027/3027/2912 3062/3062/2912 3063/3063/2912
f 3027/3027/2913 3063/3063/2913 3028/3028/2913
f 3028/3028/2914 3063/3063/2914 3064/3064/2914
f 3028/3028/2915 3064/3064/2915 3029/3029/2915
f 3029/3029/2915 3064/3064/2915 3065/3065/2915
f 3029/3029/2916 3065/3065/2916 3030/3030/2916
f 3030/3030/2917 3065/3065/2917 3066/3066/2917
f 3030/3030/2918 3066/3066/2918 3031/3031/2918
f 3031/3031/2919 3066/3066/2919 3067/3067/2919
f 3031/3031/2920 3067/3067/2920 3032/3032/2920
f 3032/3032/2921 3067/3067/2921 3068/3068/2921
f 3032/3032/2922 3068/3068/2922 3033/3033/2922
f 3033/3033/2922 3068/3068/2922 3069/3069/2922
f 3033/3033/2923 3069/3069/2923 3034/3034/2923
f 3034/3034/2924 3069/3069/2924 3070/3070/2924
f 3034/3034/2925 3070/3070/2925 3035/3035/2925
f 3035/3035/2926 3070/3070/2926 3071/3071/2926
f 3035/3035/2927 3071/3071/2927 3036/3036/2927
f 3036/3036/2927 3071/3071/2927 3072/3072/2927
f 3036/3036/2928 3072/3072/2928 3037/3037/2928
f 3037/3037/2928 3072/3072/2928 3073/3073/2928
f 3037/3037/2929 3073/3073/2929 3038/3038/2929
f 3038/3038/2930 3073/3073/2930 3074/3074/2930
f 3038/3038/2931 3074/3074/2931 3039/3039/2931
f 3039/3039/2931 3074/3074/2931 3075/3075/2931
f 3039/3039/2932 3075/3075/2932 3040/3040/2932
f 3040/3040/2932 3075/3075/2932 3076/3076/2932
f 3040/3040/2933 3076/3076/2933 3041/3041/2933
f 3041/3041/2933 3076/3076/2933 3077/3077/2933
f 3041/3041/2934 3077/3077/2934 3042/3042/2934
f 3042/3042/2934 3077/3077/2934 3078/3078/2934
f 3042/3042/2935 3078/3078/2935 3043/3043/2935
f 3043/3043/2935 3078/3078/2935 3079/3079/2935
f 3043/3043/2936 3079/3079/2936 3044/3044/2936
f 3044/3044/2937 3079/3079/2937 3080/3080/2937
f 3044/3044/2938 3080/3080/2938 3045/3045/2938
f 3045/3045/2939 3080/3080/2939 3081/3081/2939
f 3045/3045/2940 3081/3081/2940 3046/3046/2940
f 3046/3046/2940 3081/3081/2940 3082/3082/2940
f 3046/3046/2941 3082/3082/2941 3011/3011/2941
f 3011/3011/2942 3082/3082/2942 3047/3047/2942
f 3047/3047/2943 3083/3083/2943 3048/3048/2943
f 3048/3048/2943 3083/3083/2943 3084/3084/2943
f 3048/3048/2944 3084/3084/2944 3049/3049/2944
f 3049/3049/2945 3084/3084/2945 3085/3085/2945
f 3049/3049/2946 3085/3085/2946 3050/3050/2946
f 3050/3050/2947 3085/3085/2947 3086/3086/2947
f 3050/3050/2948 3086/3086/2948 3051/3051/2948
f 3051/3051/2949 3086/3086/2949 3087/3087/2949
f 3051/3051/2950 3087/3087/2950 3052/3052/2950
f 3052/3052/2950 3087/3087/2950 3088/3088/2950
f 3052/3052/2951 3088/3088/2951 3053/3053/2951
f 3053/3053/2952 3088/3088/2952 3089/3089/2952
f 3053/3053/2953 3089/3089/2953 3054/3054/2953
f 3054/3054/2954 3089/3089/2954 3090/3090/2954
f 3054/3054/2955 3090/3090/2955 3055/3055/2955
f 3055/3055/2955 3090/3090/2955 3091/3091/2955
f 3055/3055/2956 3091/3091/2956 3056/3056/2956
f 3056/3056/2957 3091/3091/2957 3092/3092/2957
f 3056/3056/2958 3092/3092/2958 3057/3057/2958
f 3057/3057/2959 3092/3092/2959 3093/3093/2959
f 3057/3057/2960 3093/3093/2960 3058/3058/2960
f 3058/3058/2961 3093/3093/2961 3094/3094/2961
f 3058/3058/2962 3094/3094/2962 3059/3059/2962
f 3059/3059/2963 3094/3094/2963 3095/3095/2963
f 3059/3059/2964 3095/3095/2964 3060/3060/2964
f 3060/3060/2965 3095/3095/2965 3096/3096/2965
f 3060/3060/2966 3096/3096/2966 3061/3061/2966
f 3061/3061/2967 3096/3096/2967 3097/3097/2967
f 3061/3061/2968 3097/3097/2968 3062/3062/2968
f 3062/3062/2969 3097/3097/2969 3098/3098/2969
f 3062/3062/2970 3098/3098/2970 3063/3063/2970
f 3063/3063/2971 3098/3098/2971 3099/3099/2971
f 3063/3063/2972 3099/3099/2972 3064/3064/2972
f 3064/3064/2973 3099/3099/2973 3100/3100/2973
f 3064/3064/2974 3100/3100/2974 3065/3065/2974
f 3065/3065/2975 3100/3100/2975 3101/3101/2975
f 3065/3065/2976 3101/3101/2976 3066/3066/2976
f 3066/3066/2977 3101/3101/2977 3102/3102/2977
f 3066/3066/2978 3102/3102/2978 3067/3067/2978
f 3067/3067/2979 3102/3102/2979 3103/3103/2979
f 3067/3067/2980 3103/3103/2980 3068/3068/2980
f 3068/3068/2981 3103/3103/2981 3104/3104/2981
f 3068/3068/2982 3104/3104/2982 3069/3069/2982
f 3069/3069/2983 3104/3104/2983 3105/3105/2983
f 3069/3069/2984 3105/3105/2984 3070/3070/2984
f 3070/3070/2985 3105/3105/2985 3106/3106/2985
f 3070/3070/2986 3106/3106/2986 3071/3071/2986
f 3071/3071/2987 3106/3106/2987 3107/3107/2987
f 3071/3071/2988 3107/3107/2988 3072/3072/2988
f 3072/3072/2989 3107/3107/2989 3108/3108/2989
f 3072/3072/2990 3108/3108/2990 3073/3073/2990
f 3073/3073/2990 3108/3108/2990 3109/3109/2990
f 3073/3073/2991 3109/3109/2991 3074/3074/2991
f 3074/3074/2991 3109/3109/2991 3110/3110/2991
f 3074/3074/2992 3110/3110/2992 3075/3075/2992
f 3075/3075/2993 3110/3110/2993 3111/3111/2993
f 3075/3075/2994 3111/3111/2994 3076/3076/2994
f 3076/3076/2995 3111/3111/2995 3112/3112/2995
f 3076/3076/2996 3112/3112/2996 3077/3077/2996
f 3077/3077/2996 3112/3112/2996 3113/3113/2996
f 3077/3077/2997 3113/3113/2997 3078/3078/2997
f 3078/3078/2998 3113/3113/2998 3114/3114/2998
f 3078/3078/2999 3114/3114/2999 3079/3079/2999
f 3079/3079/3000 3114/3114/3000 3115/3115/3000
f 3079/3079/3001 3115/3115/3001 3080/3080/3001
f 3080/3080/3002 3115/3115/3002 3116/3116/3002
f 3080/3080/3003 3116/3116/3003 3081/3081/3003
f 3081/3081/3003 3116/3116/3003 3117/3117/3003
f 3081/3081/3004 3117/3117/3004 3082/3082/3004
f 3082/3082/3005 3117/3117/3005 3118/3118/3005
f 3082/3082/3006 3118/3118/3006 3047/3047/3006
f 3047/3047/3007 3118/3118/3007 3083/3083/3007
f 3083/3083/3008 2779/2779/3008 3084/3084/3008
f 3084/3084/3009 2779/2779/3009 2780/2780/3009
f 3084/3084/3010 2780/2780/3010 3085/3085/3010
f 3085/3085/3011 2780/2780/3011 2781/2781/3011
f 3085/3085/3012 2781/2781/3012 3086/3086/3012
f 3086/3086/3013 2781/2781/3013 2782/2782/3013
f 3086/3086/3014 2782/2782/3014 3087/3087/3014
f 3087/3087/3015 2782/2782/3015 2783/2783/3015
f 3087/3087/3016 2783/2783/3016 3088/3088/3016
f 3088/3088/3016 2783/2783/3016 2784/2784/3016
f 3088/3088/3017 2784/2784/3017 3089/3089/3017
f 3089/3089/3018 2784/2784/3018 2785/2785/3018
f 3089/3089/3019 2785/2785/3019 3090/3090/3019
f 3090/3090/3020 2785/2785/3020 2786/2786/3020
f 3090/3090/3021 2786/2786/3021 3091/3091/3021
f 3091/3091/3022 2786/2786/3022 2787/2787/3022
f 3091/3091/3023 2787/2787/3023 3092/3092/3023
f 3092/3092/3023 2787/2787/3023 2788/2788/3023
f 3092/3092/3024 2788/2788/3024 3093/3093/3024
f 3093/3093/3025 2788/2788/3025 2789/2789/3025
f 3093/3093/3026 2789/2789/3026 3094/3094/3026
f 3094/3094/3027 2789/2789/3027 2790/2790/3027
f 3094/3094/3028 2790/2790/3028 3095/3095/3028
f 3095/3095/3029 2790/2790/3029 2791/2791/3029
f 3095/3095/3030 2791/2791/3030 3096/3096/3030
f 3096/3096/3031 2791/2791/3031 2792/2792/3031
f 3096/3096/3032 2792/2792/3032 3097/3097/3032
f 3097/3097/3032 2792/2792/3032 2793/2793/3032
f 3097/3097/3033 2793/2793/3033 3098/3098/3033
f 3098/3098/3033 2793/2793/3033 2794/2794/3033
f 3098/3098/3034 2794/2794/3034 3099/3099/3034
f 3099/3099/3035 2794/2794/3035 2759/2759/3035
f 3099/3099/3036 2759/2759/3036 3100/3100/3036
f 3100/3100/3037 2759/2759/3037 2760/2760/3037
f 3100/3100/3038 2760/2760/3038 3101/3101/3038
f 3101/3101/3039 2760/2760/3039 2761/2761/3039
f 3101/3101/3040 2761/2761/3040 3102/3102/3040
f 3102/3102/3041 2761/2761/3041 2762/2762/3041
f 3102/3102/3042 2762/2762/3042 3103/3103/3042
f 3103/3103/3043 2762/2762/3043 2763/2763/3043
f 3103/3103/3044 2763/2763/3044 3104/3104/3044
f 3104/3104/3044 2763/2763/3044 2764/2764/3044
f 3104/3104/3045 2764/2764/3045 3105/3105/3045
f 3105/3105/3046 2764/2764/3046 2765/2765/3046
f 3105/3105/3047 2765/2765/3047 3106/3106/3047
f 3106/3106/3048 2765/2765/3048 2766/2766/3048
f 3106/3106/3049 2766/2766/3049 3107/3107/3049
f 3107/3107/3049 2766/2766/3049 2767/2767/3049
f 3107/3107/3050 2767/2767/3050 3108/3108/3050
f 3108/3108/3051 2767/2767/3051 2768/2768/3051
f 3108/3108/3052 2768/2768/3052 3109/3109/3052
f 3109/3109/3053 2768/2768/3053 2769/2769/3053
f 3109/3109/3054 2769/2769/3054 3110/3110/3054
f 3110/3110/3054 2769/2769/3054 2770/2770/3054
f 3110/3110/3055 2770/2770/3055 3111/3111/3055
f 3111/3111/3056 2770/2770/3056 2771/2771/3056
f 3111/3111/3057 2771/2771/3057 3112/3112/3057
f 3112/3112/3058 2771/2771/3058 2772/2772/3058
f 3112/3112/3059 2772/2772/3059 3113/3113/3059
f 3113/3113/3060 2772/2772/3060 2773/2773/3060
f 3113/3113/3061 2773/2773/3061 3114/3114/3061
f 3114/3114/3062 2773/2773/3062 2774/2774/3062
f 3114/3114/3063 2774/2774/3063 3115/3115/3063
f 3115/3115/3064 2774/2774/3064 2775/2775/3064
f 3115/3115/3065 2775/2775/3065 3116/3116/3065
f 3116/3116/3065 2775/2775/3065 2776/2776/3065
f 3116/3116/3066 2776/2776/3066 3117/3117/3066
f 3117/3117/3067 2776/2776/3067 2777/2777/3067
f 3117/3117/3068 2777/2777/3068 3118/3118/3068
f 3118/3118/3069 2777/2777/3069 2778/2778/3069
f 3118/3118/3070 2778/2778/3070 3083/3083/3070
f 3083/3083/3071 2778/2778/3071 2779/2779/3071
f 2828/2828/6 2827/2827/6 2811/2811/6
f 2795/2795/6 2811/2811/6 2796/2796/6
f 2796/2796/6 2811/2811/6 2797/2797/6
f 2795/2795/6 2830/2830/6 2811/2811/6
f 2811/2811/6 2830/2830/6 2829/2829/6
f 2811/2811/6 2829/2829/6 2828/2828/6
f 2825/2825/6 2824/2824/6 2820/2820/6
f 2817/2817/6 2827/2827/6 2818/2818/6
f 2818/2818/6 2827/2827/6 2819/2819/6
f 2817/2817/6 2816/2816/6 2827/2827/6
f 2827/2827/6 2816/2816/6 2815/2815/6
f 2827/2827/6 2815/2815/6 2814/2814/6
f 2814/2814/6 2813/2813/6 2827/2827/6
f 2827/2827/6 2813/2813/6 2812/2812/6
f 2827/2827/6 2812/2812/6 2811/2811/6
f 2811/2811/6 2810/2810/6 2797/2797/6
f 2797/2797/6 2810/2810/6 2809/2809/6
f 2797/2797/6 2809/2809/6 2798/2798/6
f 2798/2798/6 2809/2809/6 2808/2808/6
f 2798/2798/6 2808/2808/6 2807/2807/6
f 2807/2807/6 2806/2806/6 2798/2798/6
f 2798/2798/6 2806/2806/6 2805/2805/6
f 2798/2798/6 2805/2805/6 2804/2804/6
f 2819/2819/6 2827/2827/6 2820/2820/6
f 2820/2820/6 2827/2827/6 2826/2826/6
f 2820/2820/6 2826/2826/6 2825/2825/6
f 2824/2824/6 2823/2823/6 2820/2820/6
f 2820/2820/6 2823/2823/6 2822/2822/6
f 2820/2820/6 2822/2822/6 2821/2821/6
f 2798/2798/6 2801/2801/6 2799/2799/6
f 2799/2799/6 2801/2801/6 2800/2800/6
f 2804/2804/6 2803/2803/6 2798/2798/6
f 2798/2798/6 2803/2803/6 2802/2802/6
f 2798/2798/6 2802/2802/6 2801/2801/6
f 347/347/9 348/348/9 2686/2686/9
f 2686/2686/9 348/348/9 2685/2685/9
f 2686/2686/9 2685/2685/9 1698/1698/9
f 1698/1698/9 2685/2685/9 1699/1699/9
f 121/121/1160 408/408/1160 1703/1703/1160
f 1701/1701/1160 1696/1696/1160 1703/1703/1160
f 1703/1703/1160 1696/1696/1160 119/119/1160
f 1703/1703/1160 119/119/1160 121/121/1160
f 411/411/1162 1699/1699/1162 404/404/1162
f 404/404/1162 1699/1699/1162 2685/2685/1162
f 404/404/1162 2685/2685/1162 2684/2684/1162
f 1698/1698/1163 418/418/1163 2686/2686/1163
f 2686/2686/1163 418/418/1163 420/420/1163
f 2686/2686/1163 420/420/1163 2683/2683/1163
f 1697/1697/1164 1700/1700/1164 117/117/1164
f 117/117/1164 1700/1700/1164 1702/1702/1164
f 117/117/1164 1702/1702/1164 115/115/1164
f 115/115/1164 1702/1702/1164 425/425/1164
f 245/245/3072 244/244/3072 1488/1488/3072
f 1488/1488/3072 244/244/3072 255/255/3072
f 1488/1488/3072 255/255/3072 1487/1487/3072
f 164/164/3073 162/162/3073 257/257/3073
f 257/257/3073 162/162/3073 1489/1489/3073
f 257/257/3073 1489/1489/3073 1486/1486/3073
f 471/471/3074 1498/1498/3074 1497/1497/3074
f 166/166/3074 264/264/3074 168/168/3074
f 168/168/3074 264/264/3074 428/428/3074
f 168/168/3074 428/428/3074 1493/1493/3074
f 1493/1493/3074 428/428/3074 427/427/3074
f 1493/1493/3074 427/427/3074 1497/1497/3074
f 1497/1497/3074 427/427/3074 429/429/3074
f 1497/1497/3074 429/429/3074 471/471/3074
f 1485/1485/3075 509/509/3075 508/508/3075
f 1499/1499/3075 1485/1485/3075 1496/1496/3075
f 1496/1496/3075 1485/1485/3075 508/508/3075
f 1496/1496/3075 508/508/3075 1495/1495/3075
f 1495/1495/3075 508/508/3075 506/506/3075
f 1495/1495/3075 506/506/3075 243/243/3075
f 243/243/3075 506/506/3075 249/249/3075
f 243/243/3075 249/249/3075 248/248/3075
f 3119/3119/3075 125/125/3075 3120/3120/3075
f 3120/3120/3075 125/125/3075 135/135/3075
f 3120/3120/9 135/135/9 3121/3121/9
f 3121/3121/9 135/135/9 144/144/9
f 3121/3121/3074 144/144/3074 3122/3122/3074
f 3122/3122/3074 144/144/3074 130/130/3074
f 3123/3123/5 3124/3124/5 3125/3125/5
f 3125/3125/5 3124/3124/5 3126/3126/5
f 3125/3125/5 3126/3126/5 3127/3127/5
f 3128/3128/5 3122/3122/5 132/132/5
f 132/132/5 3122/3122/5 130/130/5
f 3128/3128/5 3129/3129/5 3122/3122/5
f 3122/3122/5 3129/3129/5 3130/3130/5
f 3122/3122/5 3130/3130/5 3125/3125/5
f 3125/3125/105 3130/3130/105 3131/3131/105
f 3125/3125/5 3131/3131/5 3123/3123/5
f 3125/3125/3073 3127/3127/3073 3132/3132/3073
f 3132/3132/3073 3127/3127/3073 3133/3133/3073
f 3132/3132/1138 3133/3133/1138 3134/3134/1138
f 3134/3134/1138 3133/3133/1138 3135/3135/1138
f 3134/3134/3072 3135/3135/3072 3136/3136/3072
f 3136/3136/3072 3135/3135/3072 3137/3137/3072
f 3138/3138/1223 3139/3139/1223 3140/3140/1223
f 3140/3140/1174 3139/3139/1174 3141/3141/1174
f 3140/3140/1174 3141/3141/1174 3142/3142/1174
f 3142/3142/2543 3141/3141/2543 3143/3143/2543
f 3142/3142/2543 3143/3143/2543 3144/3144/2543
f 3144/3144/1178 3143/3143/1178 3145/3145/1178
f 3144/3144/1178 3145/3145/1178 3146/3146/1178
f 3146/3146/1180 3145/3145/1180 3147/3147/1180
f 3146/3146/1180 3147/3147/1180 3148/3148/1180
f 3148/3148/1164 3147/3147/1164 3149/3149/1164
f 3148/3148/1164 3149/3149/1164 3150/3150/1164
f 3150/3150/1228 3149/3149/1228 3151/3151/1228
f 3150/3150/1228 3151/3151/1228 3152/3152/1228
f 3152/3152/1229 3151/3151/1229 3153/3153/1229
f 3152/3152/1229 3153/3153/1229 3154/3154/1229
f 3154/3154/1185 3153/3153/1185 3155/3155/1185
f 3154/3154/1185 3155/3155/1185 3156/3156/1185
f 3156/3156/1186 3155/3155/1186 3157/3157/1186
f 3156/3156/1186 3157/3157/1186 3158/3158/1186
f 3158/3158/1187 3157/3157/1187 3159/3159/1187
f 3158/3158/1187 3159/3159/1187 3160/3160/1187
f 3160/3160/1188 3159/3159/1188 3161/3161/1188
f 3160/3160/1188 3161/3161/1188 3162/3162/1188
f 3162/3162/1189 3161/3161/1189 3163/3163/1189
f 3162/3162/1189 3163/3163/1189 3164/3164/1189
f 3164/3164/1232 3163/3163/1232 3165/3165/1232
f 3164/3164/1232 3165/3165/1232 3166/3166/1232
f 3166/3166/1160 3165/3165/1160 3167/3167/1160
f 3166/3166/1160 3167/3167/1160 3168/3168/1160
f 3168/3168/1193 3167/3167/1193 3169/3169/1193
f 3168/3168/2547 3169/3169/2547 3170/3170/2547
f 3170/3170/1195 3169/3169/1195 3171/3171/1195
f 3170/3170/1195 3171/3171/1195 3172/3172/1195
f 3172/3172/2548 3171/3171/2548 3173/3173/2548
f 3172/3172/2548 3173/3173/2548 3174/3174/2548
f 3174/3174/1198 3173/3173/1198 3175/3175/1198
f 3174/3174/1198 3175/3175/1198 3176/3176/1198
f 3176/3176/1199 3175/3175/1199 3177/3177/1199
f 3176/3176/1199 3177/3177/1199 3178/3178/1199
f 3178/3178/2549 3177/3177/2549 3179/3179/2549
f 3178/3178/2549 3179/3179/2549 3180/3180/2549
f 3180/3180/1202 3179/3179/1202 3181/3181/1202
f 3180/3180/1202 3181/3181/1202 3182/3182/1202
f 3182/3182/2550 3181/3181/2550 3183/3183/2550
f 3182/3182/1204 3183/3183/1204 3184/3184/1204
f 3184/3184/1162 3183/3183/1162 3185/3185/1162
f 3184/3184/1162 3185/3185/1162 3186/3186/1162
f 3186/3186/1241 3185/3185/1241 3187/3187/1241
f 3186/3186/1241 3187/3187/1241 3188/3188/1241
f 3188/3188/1208 3187/3187/1208 3189/3189/1208
f 3188/3188/1208 3189/3189/1208 3190/3190/1208
f 3190/3190/1209 3189/3189/1209 3191/3191/1209
f 3190/3190/1209 3191/3191/1209 3192/3192/1209
f 3192/3192/1210 3191/3191/1210 3193/3193/1210
f 3192/3192/1210 3193/3193/1210 3194/3194/1210
f 3194/3194/1211 3193/3193/1211 3195/3195/1211
f 3194/3194/1211 3195/3195/1211 3196/3196/1211
f 3196/3196/1212 3195/3195/1212 3197/3197/1212
f 3196/3196/1212 3197/3197/1212 3198/3198/1212
f 3198/3198/1244 3197/3197/1244 3199/3199/1244
f 3198/3198/1244 3199/3199/1244 3200/3200/1244
f 3200/3200/1245 3199/3199/1245 3201/3201/1245
f 3200/3200/1245 3201/3201/1245 3202/3202/1245
f 3202/3202/1163 3201/3201/1163 3203/3203/1163
f 3202/3202/1163 3203/3203/1163 3204/3204/1163
f 3204/3204/1217 3203/3203/1217 3205/3205/1217
f 3204/3204/1217 3205/3205/1217 3206/3206/1217
f 3206/3206/1219 3205/3205/1219 3207/3207/1219
f 3206/3206/1219 3207/3207/1219 3208/3208/1219
f 3208/3208/2555 3207/3207/2555 3209/3209/2555
f 3208/3208/2555 3209/3209/2555 3138/3138/2555
f 3138/3138/1223 3209/3209/1223 3139/3139/1223
f 3210/3210/4 3211/3211/4 3119/3119/4
f 3119/3119/4 3211/3211/4 127/127/4
f 3119/3119/4 127/127/4 125/125/4
f 3212/3212/4 3136/3136/4 3213/3213/4
f 3213/3213/4 3136/3136/4 3137/3137/4
f 3212/3212/4 3214/3214/4 3136/3136/4
f 3136/3136/4 3214/3214/4 3215/3215/4
f 3136/3136/4 3215/3215/4 3119/3119/4
f 3119/3119/4 3215/3215/4 3216/3216/4
f 3119/3119/4 3216/3216/4 3210/3210/4
f 3217/3217/1223 240/240/1223 3218/3218/1223
f 3218/3218/1174 240/240/1174 239/239/1174
f 3218/3218/1174 239/239/1174 3219/3219/1174
f 3219/3219/2543 239/239/2543 237/237/2543
f 3219/3219/2543 237/237/2543 3220/3220/2543
f 3220/3220/1178 237/237/1178 235/235/1178
f 3220/3220/3076 235/235/3076 3221/3221/3076
f 3221/3221/1180 235/235/1180 233/233/1180
f 3221/3221/1180 233/233/1180 3222/3222/1180
f 3222/3222/1164 233/233/1164 231/231/1164
f 3222/3222/1164 231/231/1164 3223/3223/1164
f 3223/3223/1182 231/231/1182 229/229/1182
f 3223/3223/1182 229/229/1182 3224/3224/1182
f 3224/3224/1229 229/229/1229 227/227/1229
f 3224/3224/1229 227/227/1229 3225/3225/1229
f 3225/3225/1185 227/227/1185 225/225/1185
f 3225/3225/1185 225/225/1185 3226/3226/1185
f 3226/3226/1186 225/225/1186 223/223/1186
f 3226/3226/1186 223/223/1186 3227/3227/1186
f 3227/3227/1187 223/223/1187 221/221/1187
f 3227/3227/1187 221/221/1187 3228/3228/1187
f 3228/3228/1188 221/221/1188 219/219/1188
f 3228/3228/1188 219/219/1188 3229/3229/1188
f 3229/3229/1189 219/219/1189 217/217/1189
f 3229/3229/1189 217/217/1189 3230/3230/1189
f 3230/3230/2546 217/217/2546 215/215/2546
f 3230/3230/2546 215/215/2546 3231/3231/2546
f 3231/3231/1160 215/215/1160 213/213/1160
f 3231/3231/1160 213/213/1160 3232/3232/1160
f 3232/3232/1193 213/213/1193 211/211/1193
f 3232/3232/1193 211/211/1193 3233/3233/1193
f 3233/3233/1195 211/211/1195 209/209/1195
f 3233/3233/1195 209/209/1195 3234/3234/1195
f 3234/3234/2548 209/209/2548 207/207/2548
f 3234/3234/2548 207/207/2548 3235/3235/2548
f 3235/3235/1198 207/207/1198 205/205/1198
f 3235/3235/1198 205/205/1198 3236/3236/1198
f 3236/3236/1199 205/205/1199 203/203/1199
f 3236/3236/1199 203/203/1199 3237/3237/1199
f 3237/3237/2549 203/203/2549 201/201/2549
f 3237/3237/2549 201/201/2549 3238/3238/2549
f 3238/3238/1202 201/201/1202 199/199/1202
f 3238/3238/1202 199/199/1202 3239/3239/1202
f 3239/3239/1204 199/199/1204 197/197/1204
f 3239/3239/1204 197/197/1204 3240/3240/1204
f 3240/3240/1162 197/197/1162 195/195/1162
f 3240/3240/1162 195/195/1162 3241/3241/1162
f 3241/3241/2551 195/195/2551 193/193/2551
f 3241/3241/2551 193/193/2551 3242/3242/2551
f 3242/3242/1208 193/193/1208 191/191/1208
f 3242/3242/1208 191/191/1208 3243/3243/1208
f 3243/3243/1209 191/191/1209 189/189/1209
f 3243/3243/1209 189/189/1209 3244/3244/1209
f 3244/3244/1210 189/189/1210 187/187/1210
f 3244/3244/1210 187/187/1210 3245/3245/1210
f 3245/3245/1211 187/187/1211 185/185/1211
f 3245/3245/1211 185/185/1211 3246/3246/1211
f 3246/3246/1212 185/185/1212 183/183/1212
f 3246/3246/1212 183/183/1212 3247/3247/1212
f 3247/3247/1244 183/183/1244 181/181/1244
f 3247/3247/1244 181/181/1244 3248/3248/1244
f 3248/3248/1215 181/181/1215 179/179/1215
f 3248/3248/1215 179/179/1215 3249/3249/1215
f 3249/3249/1163 179/179/1163 177/177/1163
f 3249/3249/1163 177/177/1163 3250/3250/1163
f 3250/3250/1217 177/177/1217 175/175/1217
f 3250/3250/1217 175/175/1217 3251/3251/1217
f 3251/3251/3077 175/175/3077 173/173/3077
f 3251/3251/1219 173/173/1219 3252/3252/1219
f 3252/3252/2555 173/173/2555 171/171/2555
f 3252/3252/2555 171/171/2555 3217/3217/2555
f 3217/3217/1223 171/171/1223 240/240/1223
f 3253/3253/2 3127/3127/2 3254/3254/2
f 3254/3254/2 3127/3127/2 3126/3126/2
f 3133/3133/2 3255/3255/2 3256/3256/2
f 3256/3256/2 3257/3257/2 3133/3133/2
f 3133/3133/2 3257/3257/2 3258/3258/2
f 3133/3133/2 3258/3258/2 3135/3135/2
f 3259/3259/2 3260/3260/2 3137/3137/2
f 3137/3137/2 3260/3260/2 3261/3261/2
f 3137/3137/2 3261/3261/2 3213/3213/2
f 3253/3253/2 3262/3262/2 3127/3127/2
f 3127/3127/2 3262/3262/2 3263/3263/2
f 3127/3127/2 3263/3263/2 3133/3133/2
f 3133/3133/2 3263/3263/2 3264/3264/2
f 3133/3133/2 3264/3264/2 3255/3255/2
f 3258/3258/2 3265/3265/2 3135/3135/2
f 3135/3135/2 3265/3265/2 3266/3266/2
f 3135/3135/2 3266/3266/2 3267/3267/2
f 3268/3268/2 3269/3269/2 3135/3135/2
f 3135/3135/2 3269/3269/2 3270/3270/2
f 3135/3135/2 3270/3270/2 3137/3137/2
f 3137/3137/2 3270/3270/2 3271/3271/2
f 3137/3137/2 3271/3271/2 3259/3259/2
f 3272/3272/2 3273/3273/2 3274/3274/2
f 3274/3274/2 3273/3273/2 3275/3275/2
f 3274/3274/2 3275/3275/2 3276/3276/2
f 3275/3275/2 3277/3277/2 3276/3276/2
f 3276/3276/2 3277/3277/2 3278/3278/2
f 3276/3276/2 3278/3278/2 3267/3267/2
f 3267/3267/2 3278/3278/2 3279/3279/2
f 3267/3267/2 3279/3279/2 3135/3135/2
f 3135/3135/2 3279/3279/2 3280/3280/2
f 3135/3135/2 3280/3280/2 3268/3268/2
f 3272/3272/2 3274/3274/2 3281/3281/2
f 3281/3281/2 3274/3274/2 3282/3282/2
f 3281/3281/2 3282/3282/2 3283/3283/2
f 3284/3284/2 3195/3195/2 3285/3285/2
f 3285/3285/2 3195/3195/2 3193/3193/2
f 3285/3285/2 3193/3193/2 3286/3286/2
f 3286/3286/2 3193/3193/2 3191/3191/2
f 3286/3286/2 3191/3191/2 3287/3287/2
f 3287/3287/2 3191/3191/2 3189/3189/2
f 3287/3287/2 3189/3189/2 3288/3288/2
f 3288/3288/2 3189/3189/2 3187/3187/2
f 3288/3288/2 3187/3187/2 3289/3289/2
f 3289/3289/2 3187/3187/2 3185/3185/2
f 3289/3289/2 3185/3185/2 3290/3290/2
f 3290/3290/2 3185/3185/2 3183/3183/2
f 3290/3290/2 3183/3183/2 3291/3291/2
f 3291/3291/2 3183/3183/2 3181/3181/2
f 3291/3291/2 3181/3181/2 3292/3292/2
f 3292/3292/2 3181/3181/2 3179/3179/2
f 3292/3292/2 3179/3179/2 3293/3293/2
f 3293/3293/2 3179/3179/2 3177/3177/2
f 3293/3293/2 3177/3177/2 3294/3294/2
f 3294/3294/2 3177/3177/2 3175/3175/2
f 3294/3294/2 3175/3175/2 3295/3295/2
f 3295/3295/2 3175/3175/2 3173/3173/2
f 3295/3295/2 3173/3173/2 3296/3296/2
f 3296/3296/2 3173/3173/2 3171/3171/2
f 3296/3296/2 3171/3171/2 3297/3297/2
f 3297/3297/2 3171/3171/2 3169/3169/2
f 3297/3297/2 3169/3169/2 3298/3298/2
f 3298/3298/2 3169/3169/2 3167/3167/2
f 3298/3298/2 3167/3167/2 3299/3299/2
f 3299/3299/2 3167/3167/2 3165/3165/2
f 3299/3299/2 3165/3165/2 3300/3300/2
f 3300/3300/2 3165/3165/2 3163/3163/2
f 3300/3300/2 3163/3163/2 3301/3301/2
f 3301/3301/2 3163/3163/2 3161/3161/2
f 3301/3301/2 3161/3161/2 3302/3302/2
f 3302/3302/2 3161/3161/2 3159/3159/2
f 3302/3302/2 3159/3159/2 3303/3303/2
f 3303/3303/2 3159/3159/2 3157/3157/2
f 3303/3303/2 3157/3157/2 3304/3304/2
f 3304/3304/2 3157/3157/2 3155/3155/2
f 3304/3304/2 3155/3155/2 3305/3305/2
f 3305/3305/2 3155/3155/2 3153/3153/2
f 3305/3305/2 3153/3153/2 3306/3306/2
f 3306/3306/2 3153/3153/2 3151/3151/2
f 3306/3306/2 3151/3151/2 3307/3307/2
f 3307/3307/2 3151/3151/2 3149/3149/2
f 3307/3307/2 3149/3149/2 3308/3308/2
f 3308/3308/2 3149/3149/2 3147/3147/2
f 3308/3308/2 3147/3147/2 3309/3309/2
f 3309/3309/2 3147/3147/2 3145/3145/2
f 3309/3309/2 3145/3145/2 3310/3310/2
f 3310/3310/2 3145/3145/2 3143/3143/2
f 3310/3310/2 3143/3143/2 3311/3311/2
f 3311/3311/2 3143/3143/2 3141/3141/2
f 3311/3311/2 3141/3141/2 3312/3312/2
f 3312/3312/2 3141/3141/2 3139/3139/2
f 3312/3312/2 3139/3139/2 3313/3313/2
f 3313/3313/2 3139/3139/2 3209/3209/2
f 3313/3313/2 3209/3209/2 3314/3314/2
f 3314/3314/2 3209/3209/2 3207/3207/2
f 3314/3314/2 3207/3207/2 3315/3315/2
f 3315/3315/2 3207/3207/2 3205/3205/2
f 3315/3315/2 3205/3205/2 3316/3316/2
f 3316/3316/2 3205/3205/2 3203/3203/2
f 3316/3316/2 3203/3203/2 3317/3317/2
f 3317/3317/2 3203/3203/2 3201/3201/2
f 3317/3317/2 3201/3201/2 3318/3318/2
f 3318/3318/2 3201/3201/2 3199/3199/2
f 3318/3318/2 3199/3199/2 3319/3319/2
f 3319/3319/2 3199/3199/2 3197/3197/2
f 3319/3319/2 3197/3197/2 3284/3284/2
f 3284/3284/2 3197/3197/2 3195/3195/2
f 3320/3320/1199 3321/3321/1199 3322/3322/1199
f 3322/3322/1198 3321/3321/1198 3323/3323/1198
f 3322/3322/1197 3323/3323/1197 3324/3324/1197
f 3324/3324/2548 3323/3323/2548 3325/3325/2548
f 3324/3324/2548 3325/3325/2548 3326/3326/2548
f 3326/3326/1195 3325/3325/1195 3327/3327/1195
f 3326/3326/2557 3327/3327/2557 3328/3328/2557
f 3328/3328/1193 3327/3327/1193 3329/3329/1193
f 3328/3328/1193 3329/3329/1193 3330/3330/1193
f 3330/3330/1160 3329/3329/1160 3331/3331/1160
f 3330/3330/1160 3331/3331/1160 3332/3332/1160
f 3332/3332/1232 3331/3331/1232 3333/3333/1232
f 3332/3332/2546 3333/3333/2546 3334/3334/2546
f 3334/3334/1189 3333/3333/1189 3335/3335/1189
f 3334/3334/1189 3335/3335/1189 3336/3336/1189
f 3336/3336/1188 3335/3335/1188 3337/3337/1188
f 3336/3336/1188 3337/3337/1188 3338/3338/1188
f 3338/3338/1187 3337/3337/1187 3339/3339/1187
f 3338/3338/1187 3339/3339/1187 3340/3340/1187
f 3340/3340/1186 3339/3339/1186 3341/3341/1186
f 3340/3340/1186 3341/3341/1186 3342/3342/1186
f 3342/3342/1185 3341/3341/1185 3343/3343/1185
f 3342/3342/1185 3343/3343/1185 3344/3344/1185
f 3344/3344/1229 3343/3343/1229 3345/3345/1229
f 3344/3344/1229 3345/3345/1229 3346/3346/1229
f 3346/3346/1182 3345/3345/1182 3347/3347/1182
f 3346/3346/1228 3347/3347/1228 3348/3348/1228
f 3348/3348/1164 3347/3347/1164 3349/3349/1164
f 3348/3348/1164 3349/3349/1164 3350/3350/1164
f 3350/3350/1180 3349/3349/1180 3351/3351/1180
f 3350/3350/1180 3351/3351/1180 3352/3352/1180
f 3352/3352/1178 3351/3351/1178 3353/3353/1178
f 3352/3352/1178 3353/3353/1178 3354/3354/1178
f 3354/3354/2543 3353/3353/2543 3355/3355/2543
f 3354/3354/2543 3355/3355/2543 3356/3356/2543
f 3356/3356/1174 3355/3355/1174 3357/3357/1174
f 3356/3356/1174 3357/3357/1174 3358/3358/1174
f 3358/3358/1223 3357/3357/1223 3359/3359/1223
f 3358/3358/1223 3359/3359/1223 3360/3360/1223
f 3360/3360/2555 3359/3359/2555 3361/3361/2555
f 3360/3360/2555 3361/3361/2555 3362/3362/2555
f 3362/3362/1219 3361/3361/1219 3363/3363/1219
f 3362/3362/1219 3363/3363/1219 3364/3364/1219
f 3364/3364/1217 3363/3363/1217 3365/3365/1217
f 3364/3364/1217 3365/3365/1217 3366/3366/1217
f 3366/3366/1163 3365/3365/1163 3367/3367/1163
f 3366/3366/1163 3367/3367/1163 3368/3368/1163
f 3368/3368/1245 3367/3367/1245 3369/3369/1245
f 3368/3368/1215 3369/3369/1215 3370/3370/1215
f 3370/3370/1244 3369/3369/1244 3371/3371/1244
f 3370/3370/1244 3371/3371/1244 3372/3372/1244
f 3372/3372/1212 3371/3371/1212 3373/3373/1212
f 3372/3372/1212 3373/3373/1212 3374/3374/1212
f 3374/3374/1211 3373/3373/1211 3375/3375/1211
f 3374/3374/1211 3375/3375/1211 3376/3376/1211
f 3376/3376/1210 3375/3375/1210 3377/3377/1210
f 3376/3376/1210 3377/3377/1210 3378/3378/1210
f 3378/3378/1209 3377/3377/1209 3379/3379/1209
f 3378/3378/1209 3379/3379/1209 3380/3380/1209
f 3380/3380/1208 3379/3379/1208 3381/3381/1208
f 3380/3380/1208 3381/3381/1208 3382/3382/1208
f 3382/3382/2551 3381/3381/2551 3383/3383/2551
f 3382/3382/1241 3383/3383/1241 3384/3384/1241
f 3384/3384/1162 3383/3383/1162 3385/3385/1162
f 3384/3384/1162 3385/3385/1162 3386/3386/1162
f 3386/3386/1204 3385/3385/1204 3387/3387/1204
f 3386/3386/1204 3387/3387/1204 3388/3388/1204
f 3388/3388/2559 3387/3387/2559 3389/3389/2559
f 3388/3388/2559 3389/3389/2559 3390/3390/2559
f 3390/3390/2549 3389/3389/2549 3391/3391/2549
f 3390/3390/2549 3391/3391/2549 3320/3320/2549
f 3320/3320/1200 3391/3391/1200 3321/3321/1200
f 3386/3386/2 3350/3350/2 3352/3352/2
f 3386/3386/2 3388/3388/2 3350/3350/2
f 3350/3350/2 3388/3388/2 3390/3390/2
f 3350/3350/2 3390/3390/2 3320/3320/2
f 3376/3376/2 3362/3362/2 3374/3374/2
f 3374/3374/2 3362/3362/2 3372/3372/2
f 3376/3376/2 3378/3378/2 3362/3362/2
f 3362/3362/2 3378/3378/2 3380/3380/2
f 3362/3362/2 3380/3380/2 3382/3382/2
f 3352/3352/2 3354/3354/2 3386/3386/2
f 3386/3386/2 3354/3354/2 3356/3356/2
f 3386/3386/2 3356/3356/2 3358/3358/2
f 3362/3362/2 3364/3364/2 3366/3366/2
f 3358/3358/2 3360/3360/2 3386/3386/2
f 3386/3386/2 3360/3360/2 3362/3362/2
f 3386/3386/2 3362/3362/2 3384/3384/2
f 3384/3384/2 3362/3362/2 3382/3382/2
f 3320/3320/2 3322/3322/2 3350/3350/2
f 3350/3350/2 3322/3322/2 3324/3324/2
f 3350/3350/2 3324/3324/2 3326/3326/2
f 3336/3336/2 3344/3344/2 3346/3346/2
f 3366/3366/2 3368/3368/2 3362/3362/2
f 3362/3362/2 3368/3368/2 3370/3370/2
f 3362/3362/2 3370/3370/2 3372/3372/2
f 3326/3326/2 3328/3328/2 3350/3350/2
f 3350/3350/2 3328/3328/2 3330/3330/2
f 3350/3350/2 3330/3330/2 3332/3332/2
f 3336/3336/2 3338/3338/2 3344/3344/2
f 3344/3344/2 3338/3338/2 3340/3340/2
f 3344/3344/2 3340/3340/2 3342/3342/2
f 3332/3332/2 3334/3334/2 3350/3350/2
f 3350/3350/2 3334/3334/2 3336/3336/2
f 3350/3350/2 3336/3336/2 3348/3348/2
f 3348/3348/2 3336/3336/2 3346/3346/2
f 3392/3392/1199 3393/3393/1199 3394/3394/1199
f 3394/3394/1198 3393/3393/1198 3395/3395/1198
f 3394/3394/1236 3395/3395/1236 3396/3396/1236
f 3396/3396/2548 3395/3395/2548 3397/3397/2548
f 3396/3396/2548 3397/3397/2548 3398/3398/2548
f 3398/3398/1195 3397/3397/1195 3399/3399/1195
f 3398/3398/1195 3399/3399/1195 3400/3400/1195
f 3400/3400/2547 3399/3399/2547 3401/3401/2547
f 3400/3400/1233 3401/3401/1233 3402/3402/1233
f 3402/3402/1160 3401/3401/1160 3403/3403/1160
f 3402/3402/1160 3403/3403/1160 3404/3404/1160
f 3404/3404/2546 3403/3403/2546 3405/3405/2546
f 3404/3404/1232 3405/3405/1232 3406/3406/1232
f 3406/3406/1189 3405/3405/1189 3407/3407/1189
f 3406/3406/1189 3407/3407/1189 3408/3408/1189
f 3408/3408/1188 3407/3407/1188 3409/3409/1188
f 3408/3408/1188 3409/3409/1188 3410/3410/1188
f 3410/3410/1187 3409/3409/1187 3411/3411/1187
f 3410/3410/1187 3411/3411/1187 3412/3412/1187
f 3412/3412/1186 3411/3411/1186 3413/3413/1186
f 3412/3412/1186 3413/3413/1186 3414/3414/1186
f 3414/3414/1185 3413/3413/1185 3415/3415/1185
f 3414/3414/1185 3415/3415/1185 3416/3416/1185
f 3416/3416/1229 3415/3415/1229 3417/3417/1229
f 3416/3416/1184 3417/3417/1184 3418/3418/1184
f 3418/3418/1228 3417/3417/1228 3419/3419/1228
f 3418/3418/1182 3419/3419/1182 3420/3420/1182
f 3420/3420/1164 3419/3419/1164 3421/3421/1164
f 3420/3420/1164 3421/3421/1164 3422/3422/1164
f 3422/3422/1227 3421/3421/1227 3423/3423/1227
f 3422/3422/1227 3423/3423/1227 3424/3424/1227
f 3424/3424/1178 3423/3423/1178 3425/3425/1178
f 3424/3424/1178 3425/3425/1178 3426/3426/1178
f 3426/3426/2543 3425/3425/2543 3427/3427/2543
f 3426/3426/2543 3427/3427/2543 3428/3428/2543
f 3428/3428/1173 3427/3427/1173 3429/3429/1173
f 3428/3428/1174 3429/3429/1174 3430/3430/1174
f 3430/3430/1223 3429/3429/1223 3431/3431/1223
f 3430/3430/1172 3431/3431/1172 3432/3432/1172
f 3432/3432/2555 3431/3431/2555 3433/3433/2555
f 3432/3432/2555 3433/3433/2555 3434/3434/2555
f 3434/3434/1219 3433/3433/1219 3435/3435/1219
f 3434/3434/1219 3435/3435/1219 3436/3436/1219
f 3436/3436/1246 3435/3435/1246 3437/3437/1246
f 3436/3436/1246 3437/3437/1246 3438/3438/1246
f 3438/3438/1163 3437/3437/1163 3439/3439/1163
f 3438/3438/1163 3439/3439/1163 3440/3440/1163
f 3440/3440/1215 3439/3439/1215 3441/3441/1215
f 3440/3440/1245 3441/3441/1245 3442/3442/1245
f 3442/3442/1213 3441/3441/1213 3443/3443/1213
f 3442/3442/1244 3443/3443/1244 3444/3444/1244
f 3444/3444/1212 3443/3443/1212 3445/3445/1212
f 3444/3444/1212 3445/3445/1212 3446/3446/1212
f 3446/3446/1211 3445/3445/1211 3447/3447/1211
f 3446/3446/1211 3447/3447/1211 3448/3448/1211
f 3448/3448/1210 3447/3447/1210 3449/3449/1210
f 3448/3448/1210 3449/3449/1210 3450/3450/1210
f 3450/3450/1209 3449/3449/1209 3451/3451/1209
f 3450/3450/1209 3451/3451/1209 3452/3452/1209
f 3452/3452/1208 3451/3451/1208 3453/3453/1208
f 3452/3452/1208 3453/3453/1208 3454/3454/1208
f 3454/3454/1241 3453/3453/1241 3455/3455/1241
f 3454/3454/2551 3455/3455/2551 3456/3456/2551
f 3456/3456/1162 3455/3455/1162 3457/3457/1162
f 3456/3456/1162 3457/3457/1162 3458/3458/1162
f 3458/3458/1240 3457/3457/1240 3459/3459/1240
f 3458/3458/2550 3459/3459/2550 3460/3460/2550
f 3460/3460/1202 3459/3459/1202 3461/3461/1202
f 3460/3460/1202 3461/3461/1202 3462/3462/1202
f 3462/3462/2549 3461/3461/2549 3463/3463/2549
f 3462/3462/2549 3463/3463/2549 3392/3392/2549
f 3392/3392/1237 3463/3463/1237 3393/3393/1237
f 3420/3420/2 3422/3422/2 3458/3458/2
f 3458/3458/2 3460/3460/2 3420/3420/2
f 3420/3420/2 3460/3460/2 3462/3462/2
f 3420/3420/2 3462/3462/2 3418/3418/2
f 3426/3426/2 3428/3428/2 3444/3444/2
f 3444/3444/2 3428/3428/2 3430/3430/2
f 3444/3444/2 3430/3430/2 3432/3432/2
f 3446/3446/2 3422/3422/2 3444/3444/2
f 3444/3444/2 3422/3422/2 3424/3424/2
f 3444/3444/2 3424/3424/2 3426/3426/2
f 3446/3446/2 3448/3448/2 3422/3422/2
f 3422/3422/2 3448/3448/2 3450/3450/2
f 3422/3422/2 3450/3450/2 3452/3452/2
f 3452/3452/2 3454/3454/2 3422/3422/2
f 3422/3422/2 3454/3454/2 3456/3456/2
f 3422/3422/2 3456/3456/2 3458/3458/2
f 3444/3444/3 3438/3438/3 3442/3442/3
f 3442/3442/1 3438/3438/1 3440/3440/1
f 3432/3432/2 3434/3434/2 3444/3444/2
f 3444/3444/2 3434/3434/2 3436/3436/2
f 3444/3444/2 3436/3436/2 3438/3438/2
f 3462/3462/1 3392/3392/1 3394/3394/1
f 3400/3400/2 3402/3402/2 3462/3462/2
f 3462/3462/2 3402/3402/2 3404/3404/2
f 3462/3462/2 3404/3404/2 3406/3406/2
f 3406/3406/2 3408/3408/2 3462/3462/2
f 3462/3462/2 3408/3408/2 3410/3410/2
f 3462/3462/2 3410/3410/2 3412/3412/2
f 3412/3412/2 3414/3414/2 3462/3462/2
f 3462/3462/2 3414/3414/2 3416/3416/2
f 3462/3462/2 3416/3416/2 3418/3418/2
f 3394/3394/2 3396/3396/2 3462/3462/2
f 3462/3462/2 3396/3396/2 3398/3398/2
f 3462/3462/2 3398/3398/2 3400/3400/2
f 1492/1492/3078 3134/3134/3078 167/167/3078
f 167/167/3078 3134/3134/3078 3136/3136/3078
f 167/167/3078 3136/3136/3078 165/165/3078
f 1494/1494/1248 3132/3132/1248 1492/1492/1248
f 1492/1492/1248 3132/3132/1248 3134/3134/1248
f 3119/3119/3079 163/163/3079 3136/3136/3079
f 3136/3136/3079 163/163/3079 165/165/3079
f 241/241/3080 3125/3125/3080 242/242/3080
f 242/242/3080 3125/3125/3080 3132/3132/3080
f 242/242/3080 3132/3132/3080 1494/1494/3080
f 163/163/3081 3119/3119/3081 161/161/3081
f 161/161/3081 3119/3119/3081 3120/3120/3081
f 161/161/3081 3120/3120/3081 1491/1491/3081
f 247/247/3082 3122/3122/3082 241/241/3082
f 241/241/3082 3122/3122/3082 3125/3125/3082
f 3121/3121/11 1490/1490/11 3120/3120/11
f 3120/3120/11 1490/1490/11 1491/1491/11
f 1490/1490/3083 3121/3121/3083 246/246/3083
f 246/246/3083 3121/3121/3083 3122/3122/3083
f 246/246/3083 3122/3122/3083 247/247/3083
f 3395/3395/3084 169/169/3084 3397/3397/3084
f 3397/3397/3085 169/169/3085 172/172/3085
f 3397/3397/3086 172/172/3086 3399/3399/3086
f 3399/3399/3086 172/172/3086 174/174/3086
f 3399/3399/3087 174/174/3087 3401/3401/3087
f 3401/3401/3088 174/174/3088 176/176/3088
f 3401/3401/3089 176/176/3089 3403/3403/3089
f 3403/3403/3090 176/176/3090 178/178/3090
f 3403/3403/3091 178/178/3091 3405/3405/3091
f 3405/3405/3092 178/178/3092 180/180/3092
f 3405/3405/3093 180/180/3093 3407/3407/3093
f 3407/3407/3093 180/180/3093 182/182/3093
f 3407/3407/3094 182/182/3094 3409/3409/3094
f 3409/3409/3094 182/182/3094 184/184/3094
f 3409/3409/3095 184/184/3095 3411/3411/3095
f 3411/3411/3096 184/184/3096 186/186/3096
f 3411/3411/3097 186/186/3097 3413/3413/3097
f 3413/3413/3097 186/186/3097 188/188/3097
f 3413/3413/3098 188/188/3098 3415/3415/3098
f 3415/3415/3098 188/188/3098 190/190/3098
f 3415/3415/3099 190/190/3099 3417/3417/3099
f 3417/3417/3100 190/190/3100 192/192/3100
f 3417/3417/3101 192/192/3101 3419/3419/3101
f 3419/3419/3101 192/192/3101 194/194/3101
f 3419/3419/3102 194/194/3102 3421/3421/3102
f 3421/3421/3103 194/194/3103 196/196/3103
f 3421/3421/3104 196/196/3104 3423/3423/3104
f 3423/3423/3104 196/196/3104 198/198/3104
f 3423/3423/3105 198/198/3105 3425/3425/3105
f 3425/3425/3105 198/198/3105 200/200/3105
f 3425/3425/3106 200/200/3106 3427/3427/3106
f 3427/3427/3107 200/200/3107 202/202/3107
f 3427/3427/3108 202/202/3108 3429/3429/3108
f 3429/3429/3108 202/202/3108 204/204/3108
f 3429/3429/3109 204/204/3109 3431/3431/3109
f 3431/3431/3110 204/204/3110 206/206/3110
f 3431/3431/3111 206/206/3111 3433/3433/3111
f 3433/3433/3112 206/206/3112 208/208/3112
f 3433/3433/3113 208/208/3113 3435/3435/3113
f 3435/3435/3113 208/208/3113 210/210/3113
f 3435/3435/3114 210/210/3114 3437/3437/3114
f 3437/3437/3114 210/210/3114 212/212/3114
f 3437/3437/3115 212/212/3115 3439/3439/3115
f 3439/3439/3116 212/212/3116 214/214/3116
f 3439/3439/3117 214/214/3117 3441/3441/3117
f 3441/3441/3117 214/214/3117 216/216/3117
f 3441/3441/3118 216/216/3118 3443/3443/3118
f 3443/3443/3118 216/216/3118 218/218/3118
f 3443/3443/3119 218/218/3119 3445/3445/3119
f 3445/3445/3119 218/218/3119 220/220/3119
f 3445/3445/3120 220/220/3120 3447/3447/3120
f 3447/3447/3120 220/220/3120 222/222/3120
f 3447/3447/3121 222/222/3121 3449/3449/3121
f 3449/3449/3122 222/222/3122 224/224/3122
f 3449/3449/3123 224/224/3123 3451/3451/3123
f 3451/3451/3123 224/224/3123 226/226/3123
f 3451/3451/3124 226/226/3124 3453/3453/3124
f 3453/3453/3124 226/226/3124 228/228/3124
f 3453/3453/3125 228/228/3125 3455/3455/3125
f 3455/3455/3125 228/228/3125 230/230/3125
f 3455/3455/3126 230/230/3126 3457/3457/3126
f 3457/3457/3127 230/230/3127 232/232/3127
f 3457/3457/3128 232/232/3128 3459/3459/3128
f 3459/3459/3129 232/232/3129 234/234/3129
f 3459/3459/3130 234/234/3130 3461/3461/3130
f 3461/3461/3130 234/234/3130 236/236/3130
f 3461/3461/3131 236/236/3131 3463/3463/3131
f 3463/3463/3132 236/236/3132 238/238/3132
f 3463/3463/3133 238/238/3133 3393/3393/3133
f 3393/3393/3134 238/238/3134 170/170/3134
f 3393/3393/3135 170/170/3135 3395/3395/3135
f 3395/3395/3136 170/170/3136 169/169/3136
f 3323/3323/3084 3313/3313/3084 3325/3325/3084
f 3325/3325/3084 3313/3313/3084 3314/3314/3084
f 3325/3325/3086 3314/3314/3086 3327/3327/3086
f 3327/3327/3086 3314/3314/3086 3315/3315/3086
f 3327/3327/3088 3315/3315/3088 3329/3329/3088
f 3329/3329/3087 3315/3315/3087 3316/3316/3087
f 3329/3329/3090 3316/3316/3090 3331/3331/3090
f 3331/3331/3089 3316/3316/3089 3317/3317/3089
f 3331/3331/3092 3317/3317/3092 3333/3333/3092
f 3333/3333/3092 3317/3317/3092 3318/3318/3092
f 3333/3333/3093 3318/3318/3093 3335/3335/3093
f 3335/3335/3093 3318/3318/3093 3319/3319/3093
f 3335/3335/3137 3319/3319/3137 3337/3337/3137
f 3337/3337/3094 3319/3319/3094 3284/3284/3094
f 3337/3337/3096 3284/3284/3096 3339/3339/3096
f 3339/3339/3096 3284/3284/3096 3285/3285/3096
f 3339/3339/3138 3285/3285/3138 3341/3341/3138
f 3341/3341/3097 3285/3285/3097 3286/3286/3097
f 3341/3341/3098 3286/3286/3098 3343/3343/3098
f 3343/3343/3098 3286/3286/3098 3287/3287/3098
f 3343/3343/3099 3287/3287/3099 3345/3345/3099
f 3345/3345/3100 3287/3287/3100 3288/3288/3100
f 3345/3345/3101 3288/3288/3101 3347/3347/3101
f 3347/3347/3139 3288/3288/3139 3289/3289/3139
f 3347/3347/3140 3289/3289/3140 3349/3349/3140
f 3349/3349/3103 3289/3289/3103 3290/3290/3103
f 3349/3349/3141 3290/3290/3141 3351/3351/3141
f 3351/3351/3141 3290/3290/3141 3291/3291/3141
f 3351/3351/3105 3291/3291/3105 3353/3353/3105
f 3353/3353/3105 3291/3291/3105 3292/3292/3105
f 3353/3353/3106 3292/3292/3106 3355/3355/3106
f 3355/3355/3106 3292/3292/3106 3293/3293/3106
f 3355/3355/3108 3293/3293/3108 3357/3357/3108
f 3357/3357/3142 3293/3293/3142 3294/3294/3142
f 3357/3357/3143 3294/3294/3143 3359/3359/3143
f 3359/3359/3109 3294/3294/3109 3295/3295/3109
f 3359/3359/3111 3295/3295/3111 3361/3361/3111
f 3361/3361/3111 3295/3295/3111 3296/3296/3111
f 3361/3361/3113 3296/3296/3113 3363/3363/3113
f 3363/3363/3113 3296/3296/3113 3297/3297/3113
f 3363/3363/3114 3297/3297/3114 3365/3365/3114
f 3365/3365/3144 3297/3297/3144 3298/3298/3144
f 3365/3365/3145 3298/3298/3145 3367/3367/3145
f 3367/3367/3146 3298/3298/3146 3299/3299/3146
f 3367/3367/3117 3299/3299/3117 3369/3369/3117
f 3369/3369/3117 3299/3299/3117 3300/3300/3117
f 3369/3369/3118 3300/3300/3118 3371/3371/3118
f 3371/3371/3118 3300/3300/3118 3301/3301/3118
f 3371/3371/3119 3301/3301/3119 3373/3373/3119
f 3373/3373/3119 3301/3301/3119 3302/3302/3119
f 3373/3373/3147 3302/3302/3147 3375/3375/3147
f 3375/3375/3148 3302/3302/3148 3303/3303/3148
f 3375/3375/3122 3303/3303/3122 3377/3377/3122
f 3377/3377/3121 3303/3303/3121 3304/3304/3121
f 3377/3377/3123 3304/3304/3123 3379/3379/3123
f 3379/3379/3123 3304/3304/3123 3305/3305/3123
f 3379/3379/3124 3305/3305/3124 3381/3381/3124
f 3381/3381/3124 3305/3305/3124 3306/3306/3124
f 3381/3381/3125 3306/3306/3125 3383/3383/3125
f 3383/3383/3125 3306/3306/3125 3307/3307/3125
f 3383/3383/3149 3307/3307/3149 3385/3385/3149
f 3385/3385/3127 3307/3307/3127 3308/3308/3127
f 3385/3385/3150 3308/3308/3150 3387/3387/3150
f 3387/3387/3128 3308/3308/3128 3309/3309/3128
f 3387/3387/3151 3309/3309/3151 3389/3389/3151
f 3389/3389/3152 3309/3309/3152 3310/3310/3152
f 3389/3389/3132 3310/3310/3132 3391/3391/3132
f 3391/3391/3131 3310/3310/3131 3311/3311/3131
f 3391/3391/3134 3311/3311/3134 3321/3321/3134
f 3321/3321/3134 3311/3311/3134 3312/3312/3134
f 3321/3321/3153 3312/3312/3153 3323/3323/3153
f 3323/3323/3136 3312/3312/3136 3313/3313/3136
f 3464/3464/3154 3465/3465/3154 3466/3466/3154
f 3128/3128/3155 3467/3467/3155 3129/3129/3155
f 3467/3467/3156 3128/3128/3156 3468/3468/3156
f 3131/3131/3157 3469/3469/3157 3123/3123/3157
f 3123/3123/3158 3469/3469/3158 3470/3470/3158
f 3124/3124/3159 3471/3471/3159 3126/3126/3159
f 3126/3126/3160 3471/3471/3160 3472/3472/3160
f 3473/3473/3161 3474/3474/3161 3475/3475/3161
f 3475/3475/3162 3474/3474/3162 3476/3476/3162
f 3475/3475/3163 3476/3476/3163 3464/3464/3163
f 3466/3466/3164 3465/3465/3164 3477/3477/3164
f 3477/3477/3165 3465/3465/3165 3478/3478/3165
f 3477/3477/3166 3478/3478/3166 156/156/3166
f 3138/3138/3167 3479/3479/3167 3208/3208/3167
f 3208/3208/3168 3479/3479/3168 3480/3480/3168
f 3208/3208/3169 3480/3480/3169 3206/3206/3169
f 3206/3206/3170 3480/3480/3170 3481/3481/3170
f 3206/3206/3171 3481/3481/3171 3204/3204/3171
f 3204/3204/3172 3481/3481/3172 3482/3482/3172
f 3204/3204/3173 3482/3482/3173 3202/3202/3173
f 3202/3202/3174 3482/3482/3174 3483/3483/3174
f 3202/3202/3175 3483/3483/3175 3200/3200/3175
f 3200/3200/3176 3483/3483/3176 3484/3484/3176
f 3200/3200/3177 3484/3484/3177 3198/3198/3177
f 3198/3198/3178 3484/3484/3178 3485/3485/3178
f 3198/3198/3179 3485/3485/3179 3196/3196/3179
f 3196/3196/3180 3485/3485/3180 3486/3486/3180
f 3196/3196/3181 3486/3486/3181 3194/3194/3181
f 3194/3194/3181 3486/3486/3181 3487/3487/3181
f 3194/3194/3182 3487/3487/3182 3192/3192/3182
f 3192/3192/3182 3487/3487/3182 3488/3488/3182
f 3192/3192/3183 3488/3488/3183 3190/3190/3183
f 3190/3190/3184 3488/3488/3184 3489/3489/3184
f 3190/3190/3185 3489/3489/3185 3188/3188/3185
f 3188/3188/3186 3489/3489/3186 3490/3490/3186
f 3188/3188/3187 3490/3490/3187 3186/3186/3187
f 3186/3186/3188 3490/3490/3188 3491/3491/3188
f 3186/3186/3189 3491/3491/3189 3184/3184/3189
f 3184/3184/3190 3491/3491/3190 3492/3492/3190
f 3184/3184/3191 3492/3492/3191 3182/3182/3191
f 3182/3182/3192 3492/3492/3192 3493/3493/3192
f 3182/3182/3193 3493/3493/3193 3180/3180/3193
f 3180/3180/3194 3493/3493/3194 3494/3494/3194
f 3180/3180/3195 3494/3494/3195 3178/3178/3195
f 3178/3178/3196 3494/3494/3196 3495/3495/3196
f 3178/3178/3197 3495/3495/3197 3176/3176/3197
f 3176/3176/3198 3495/3495/3198 3496/3496/3198
f 3176/3176/3199 3496/3496/3199 3174/3174/3199
f 3174/3174/3200 3496/3496/3200 3497/3497/3200
f 3174/3174/3201 3497/3497/3201 3172/3172/3201
f 3172/3172/3202 3497/3497/3202 3498/3498/3202
f 3172/3172/3203 3498/3498/3203 3170/3170/3203
f 3170/3170/3204 3498/3498/3204 3499/3499/3204
f 3170/3170/3205 3499/3499/3205 3168/3168/3205
f 3168/3168/3206 3499/3499/3206 3500/3500/3206
f 3168/3168/3207 3500/3500/3207 3166/3166/3207
f 3166/3166/3208 3500/3500/3208 3501/3501/3208
f 3166/3166/3209 3501/3501/3209 3164/3164/3209
f 3164/3164/3209 3501/3501/3209 3502/3502/3209
f 3164/3164/3210 3502/3502/3210 3162/3162/3210
f 3162/3162/3211 3502/3502/3211 3503/3503/3211
f 3162/3162/3212 3503/3503/3212 3160/3160/3212
f 3160/3160/3212 3503/3503/3212 3504/3504/3212
f 3160/3160/3213 3504/3504/3213 3158/3158/3213
f 3158/3158/3213 3504/3504/3213 3505/3505/3213
f 3158/3158/3214 3505/3505/3214 3156/3156/3214
f 3156/3156/3214 3505/3505/3214 3506/3506/3214
f 3156/3156/3215 3506/3506/3215 3154/3154/3215
f 3154/3154/3216 3506/3506/3216 3507/3507/3216
f 3154/3154/3217 3507/3507/3217 3152/3152/3217
f 3152/3152/3218 3507/3507/3218 3508/3508/3218
f 3152/3152/3219 3508/3508/3219 3150/3150/3219
f 3150/3150/3220 3508/3508/3220 3509/3509/3220
f 3150/3150/3221 3509/3509/3221 3148/3148/3221
f 3148/3148/3222 3509/3509/3222 3510/3510/3222
f 3148/3148/3223 3510/3510/3223 3146/3146/3223
f 3146/3146/3224 3510/3510/3224 3511/3511/3224
f 3146/3146/3225 3511/3511/3225 3144/3144/3225
f 3144/3144/3226 3511/3511/3226 3512/3512/3226
f 3144/3144/3227 3512/3512/3227 3142/3142/3227
f 3142/3142/3228 3512/3512/3228 3513/3513/3228
f 3142/3142/3229 3513/3513/3229 3140/3140/3229
f 3140/3140/3230 3513/3513/3230 3514/3514/3230
f 3140/3140/3231 3514/3514/3231 3138/3138/3231
f 3138/3138/3232 3514/3514/3232 3479/3479/3232
f 3479/3479/3233 3515/3515/3233 3480/3480/3233
f 3480/3480/3234 3515/3515/3234 3516/3516/3234
f 3480/3480/3235 3516/3516/3235 3481/3481/3235
f 3481/3481/3236 3516/3516/3236 3517/3517/3236
f 3481/3481/3237 3517/3517/3237 3482/3482/3237
f 3482/3482/3238 3517/3517/3238 3518/3518/3238
f 3482/3482/3239 3518/3518/3239 3483/3483/3239
f 3483/3483/3240 3518/3518/3240 3519/3519/3240
f 3483/3483/3241 3519/3519/3241 3484/3484/3241
f 3484/3484/3241 3519/3519/3241 3520/3520/3241
f 3484/3484/3242 3520/3520/3242 3485/3485/3242
f 3485/3485/3243 3520/3520/3243 3521/3521/3243
f 3485/3485/3244 3521/3521/3244 3486/3486/3244
f 3486/3486/3244 3521/3521/3244 3522/3522/3244
f 3486/3486/3245 3522/3522/3245 3487/3487/3245
f 3487/3487/3245 3522/3522/3245 3523/3523/3245
f 3487/3487/3246 3523/3523/3246 3488/3488/3246
f 3488/3488/3247 3523/3523/3247 3524/3524/3247
f 3488/3488/3248 3524/3524/3248 3489/3489/3248
f 3489/3489/3248 3524/3524/3248 3525/3525/3248
f 3489/3489/3249 3525/3525/3249 3490/3490/3249
f 3490/3490/3249 3525/3525/3249 3526/3526/3249
f 3490/3490/3250 3526/3526/3250 3491/3491/3250
f 3491/3491/3251 3526/3526/3251 3527/3527/3251
f 3491/3491/3252 3527/3527/3252 3492/3492/3252
f 3492/3492/3253 3527/3527/3253 3528/3528/3253
f 3492/3492/3254 3528/3528/3254 3493/3493/3254
f 3493/3493/3255 3528/3528/3255 3529/3529/3255
f 3493/3493/3256 3529/3529/3256 3494/3494/3256
f 3494/3494/3257 3529/3529/3257 3530/3530/3257
f 3494/3494/3258 3530/3530/3258 3495/3495/3258
f 3495/3495/3259 3530/3530/3259 3531/3531/3259
f 3495/3495/3260 3531/3531/3260 3496/3496/3260
f 3496/3496/3260 3531/3531/3260 3532/3532/3260
f 3496/3496/3261 3532/3532/3261 3497/3497/3261
f 3497/3497/3261 3532/3532/3261 3533/3533/3261
f 3497/3497/3262 3533/3533/3262 3498/3498/3262
f 3498/3498/3263 3533/3533/3263 3534/3534/3263
f 3498/3498/3264 3534/3534/3264 3499/3499/3264
f 3499/3499/3265 3534/3534/3265 3535/3535/3265
f 3499/3499/3266 3535/3535/3266 3500/3500/3266
f 3500/3500/3267 3535/3535/3267 3536/3536/3267
f 3500/3500/3268 3536/3536/3268 3501/3501/3268
f 3501/3501/3269 3536/3536/3269 3537/3537/3269
f 3501/3501/3270 3537/3537/3270 3502/3502/3270
f 3502/3502/3271 3537/3537/3271 3538/3538/3271
f 3502/3502/3272 3538/3538/3272 3503/3503/3272
f 3503/3503/3273 3538/3538/3273 3539/3539/3273
f 3503/3503/3274 3539/3539/3274 3504/3504/3274
f 3504/3504/3274 3539/3539/3274 3540/3540/3274
f 3504/3504/3275 3540/3540/3275 3505/3505/3275
f 3505/3505/3275 3540/3540/3275 3541/3541/3275
f 3505/3505/3276 3541/3541/3276 3506/3506/3276
f 3506/3506/3276 3541/3541/3276 3542/3542/3276
f 3506/3506/3277 3542/3542/3277 3507/3507/3277
f 3507/3507/3278 3542/3542/3278 3543/3543/3278
f 3507/3507/3279 3543/3543/3279 3508/3508/3279
f 3508/3508/3280 3543/3543/3280 3544/3544/3280
f 3508/3508/3281 3544/3544/3281 3509/3509/3281
f 3509/3509/3282 3544/3544/3282 3545/3545/3282
f 3509/3509/3283 3545/3545/3283 3510/3510/3283
f 3510/3510/3284 3545/3545/3284 3546/3546/3284
f 3510/3510/3285 3546/3546/3285 3511/3511/3285
f 3511/3511/3286 3546/3546/3286 3547/3547/3286
f 3511/3511/3287 3547/3547/3287 3512/3512/3287
f 3512/3512/3288 3547/3547/3288 3548/3548/3288
f 3512/3512/3289 3548/3548/3289 3513/3513/3289
f 3513/3513/3290 3548/3548/3290 3549/3549/3290
f 3513/3513/3291 3549/3549/3291 3514/3514/3291
f 3514/3514/3291 3549/3549/3291 3550/3550/3291
f 3514/3514/3292 3550/3550/3292 3479/3479/3292
f 3479/3479/3293 3550/3550/3293 3515/3515/3293
f 3515/3515/3294 3551/3551/3294 3516/3516/3294
f 3516/3516/3295 3551/3551/3295 3552/3552/3295
f 3516/3516/3296 3552/3552/3296 3517/3517/3296
f 3517/3517/3297 3552/3552/3297 3553/3553/3297
f 3517/3517/3298 3553/3553/3298 3518/3518/3298
f 3518/3518/3299 3553/3553/3299 3554/3554/3299
f 3518/3518/3300 3554/3554/3300 3519/3519/3300
f 3519/3519/3301 3554/3554/3301 3555/3555/3301
f 3519/3519/3302 3555/3555/3302 3520/3520/3302
f 3520/3520/3303 3555/3555/3303 3556/3556/3303
f 3520/3520/3304 3556/3556/3304 3521/3521/3304
f 3521/3521/3305 3556/3556/3305 3557/3557/3305
f 3521/3521/3306 3557/3557/3306 3522/3522/3306
f 3522/3522/3307 3557/3557/3307 3558/3558/3307
f 3522/3522/3308 3558/3558/3308 3523/3523/3308
f 3523/3523/3308 3558/3558/3308 3559/3559/3308
f 3523/3523/3309 3559/3559/3309 3524/3524/3309
f 3524/3524/3309 3559/3559/3309 3560/3560/3309
f 3524/3524/3310 3560/3560/3310 3525/3525/3310
f 3525/3525/3310 3560/3560/3310 3561/3561/3310
f 3525/3525/3311 3561/3561/3311 3526/3526/3311
f 3526/3526/3311 3561/3561/3311 3562/3562/3311
f 3526/3526/3312 3562/3562/3312 3527/3527/3312
f 3527/3527/3312 3562/3562/3312 3563/3563/3312
f 3527/3527/3313 3563/3563/3313 3528/3528/3313
f 3528/3528/3314 3563/3563/3314 3564/3564/3314
f 3528/3528/3315 3564/3564/3315 3529/3529/3315
f 3529/3529/3316 3564/3564/3316 3565/3565/3316
f 3529/3529/3317 3565/3565/3317 3530/3530/3317
f 3530/3530/3318 3565/3565/3318 3566/3566/3318
f 3530/3530/3319 3566/3566/3319 3531/3531/3319
f 3531/3531/3320 3566/3566/3320 3567/3567/3320
f 3531/3531/3321 3567/3567/3321 3532/3532/3321
f 3532/3532/3322 3567/3567/3322 3568/3568/3322
f 3532/3532/3323 3568/3568/3323 3533/3533/3323
f 3533/3533/3323 3568/3568/3323 3569/3569/3323
f 3533/3533/3324 3569/3569/3324 3534/3534/3324
f 3534/3534/3325 3569/3569/3325 3570/3570/3325
f 3534/3534/3326 3570/3570/3326 3535/3535/3326
f 3535/3535/3327 3570/3570/3327 3571/3571/3327
f 3535/3535/3328 3571/3571/3328 3536/3536/3328
f 3536/3536/3329 3571/3571/3329 3572/3572/3329
f 3536/3536/3330 3572/3572/3330 3537/3537/3330
f 3537/3537/3331 3572/3572/3331 3573/3573/3331
f 3537/3537/3332 3573/3573/3332 3538/3538/3332
f 3538/3538/3333 3573/3573/3333 3574/3574/3333
f 3538/3538/3334 3574/3574/3334 3539/3539/3334
f 3539/3539/3334 3574/3574/3334 3575/3575/3334
f 3539/3539/3335 3575/3575/3335 3540/3540/3335
f 3540/3540/3336 3575/3575/3336 3576/3576/3336
f 3540/3540/3337 3576/3576/3337 3541/3541/3337
f 3541/3541/3337 3576/3576/3337 3577/3577/3337
f 3541/3541/3338 3577/3577/3338 3542/3542/3338
f 3542/3542/3339 3577/3577/3339 3578/3578/3339
f 3542/3542/3340 3578/3578/3340 3543/3543/3340
f 3543/3543/3341 3578/3578/3341 3579/3579/3341
f 3543/3543/3342 3579/3579/3342 3544/3544/3342
f 3544/3544/3343 3579/3579/3343 3580/3580/3343
f 3544/3544/3344 3580/3580/3344 3545/3545/3344
f 3545/3545/3345 3580/3580/3345 3581/3581/3345
f 3545/3545/3346 3581/3581/3346 3546/3546/3346
f 3546/3546/3347 3581/3581/3347 3582/3582/3347
f 3546/3546/3348 3582/3582/3348 3547/3547/3348
f 3547/3547/3349 3582/3582/3349 3583/3583/3349
f 3547/3547/3350 3583/3583/3350 3548/3548/3350
f 3548/3548/3351 3583/3583/3351 3584/3584/3351
f 3548/3548/3352 3584/3584/3352 3549/3549/3352
f 3549/3549/3353 3584/3584/3353 3585/3585/3353
f 3549/3549/3354 3585/3585/3354 3550/3550/3354
f 3550/3550/3355 3585/3585/3355 3586/3586/3355
f 3550/3550/3356 3586/3586/3356 3515/3515/3356
f 3515/3515/3357 3586/3586/3357 3551/3551/3357
f 3551/3551/3358 3587/3587/3358 3552/3552/3358
f 3552/3552/3359 3587/3587/3359 3588/3588/3359
f 3552/3552/3360 3588/3588/3360 3553/3553/3360
f 3553/3553/3361 3588/3588/3361 3589/3589/3361
f 3553/3553/3362 3589/3589/3362 3554/3554/3362
f 3554/3554/3363 3589/3589/3363 3590/3590/3363
f 3554/3554/3364 3590/3590/3364 3555/3555/3364
f 3555/3555/3364 3590/3590/3364 3591/3591/3364
f 3555/3555/3365 3591/3591/3365 3556/3556/3365
f 3556/3556/3366 3591/3591/3366 3592/3592/3366
f 3556/3556/3367 3592/3592/3367 3557/3557/3367
f 3557/3557/3367 3592/3592/3367 3593/3593/3367
f 3557/3557/3368 3593/3593/3368 3558/3558/3368
f 3558/3558/3368 3593/3593/3368 3594/3594/3368
f 3558/3558/3369 3594/3594/3369 3559/3559/3369
f 3559/3559/3369 3594/3594/3369 3595/3595/3369
f 3559/3559/3370 3595/3595/3370 3560/3560/3370
f 3560/3560/3370 3595/3595/3370 3596/3596/3370
f 3560/3560/3371 3596/3596/3371 3561/3561/3371
f 3561/3561/3371 3596/3596/3371 3597/3597/3371
f 3561/3561/3372 3597/3597/3372 3562/3562/3372
f 3562/3562/3372 3597/3597/3372 3598/3598/3372
f 3562/3562/3373 3598/3598/3373 3563/3563/3373
f 3563/3563/3373 3598/3598/3373 3599/3599/3373
f 3563/3563/3374 3599/3599/3374 3564/3564/3374
f 3564/3564/3375 3599/3599/3375 3600/3600/3375
f 3564/3564/3376 3600/3600/3376 3565/3565/3376
f 3565/3565/3377 3600/3600/3377 3601/3601/3377
f 3565/3565/3378 3601/3601/3378 3566/3566/3378
f 3566/3566/3379 3601/3601/3379 3602/3602/3379
f 3566/3566/3380 3602/3602/3380 3567/3567/3380
f 3567/3567/3381 3602/3602/3381 3603/3603/3381
f 3567/3567/3382 3603/3603/3382 3568/3568/3382
f 3568/3568/3383 3603/3603/3383 3604/3604/3383
f 3568/3568/3384 3604/3604/3384 3569/3569/3384
f 3569/3569/3385 3604/3604/3385 3605/3605/3385
f 3569/3569/3386 3605/3605/3386 3570/3570/3386
f 3570/3570/3387 3605/3605/3387 3606/3606/3387
f 3570/3570/3388 3606/3606/3388 3571/3571/3388
f 3571/3571/3389 3606/3606/3389 3607/3607/3389
f 3571/3571/3390 3607/3607/3390 3572/3572/3390
f 3572/3572/3391 3607/3607/3391 3608/3608/3391
f 3572/3572/3392 3608/3608/3392 3573/3573/3392
f 3573/3573/3392 3608/3608/3392 3609/3609/3392
f 3573/3573/3393 3609/3609/3393 3574/3574/3393
f 3574/3574/3394 3609/3609/3394 3610/3610/3394
f 3574/3574/3395 3610/3610/3395 3575/3575/3395
f 3575/3575/3395 3610/3610/3395 3611/3611/3395
f 3575/3575/3396 3611/3611/3396 3576/3576/3396
f 3576/3576/3397 3611/3611/3397 3612/3612/3397
f 3576/3576/3398 3612/3612/3398 3577/3577/3398
f 3577/3577/3398 3612/3612/3398 3613/3613/3398
f 3577/3577/3399 3613/3613/3399 3578/3578/3399
f 3578/3578/3399 3613/3613/3399 3614/3614/3399
f 3578/3578/3400 3614/3614/3400 3579/3579/3400
f 3579/3579/3401 3614/3614/3401 3615/3615/3401
f 3579/3579/3402 3615/3615/3402 3580/3580/3402
f 3580/3580/3403 3615/3615/3403 3616/3616/3403
f 3580/3580/3404 3616/3616/3404 3581/3581/3404
f 3581/3581/3405 3616/3616/3405 3617/3617/3405
f 3581/3581/3406 3617/3617/3406 3582/3582/3406
f 3582/3582/3406 3617/3617/3406 3618/3618/3406
f 3582/3582/3407 3618/3618/3407 3583/3583/3407
f 3583/3583/3408 3618/3618/3408 3619/3619/3408
f 3583/3583/3409 3619/3619/3409 3584/3584/3409
f 3584/3584/3410 3619/3619/3410 3620/3620/3410
f 3584/3584/3411 3620/3620/3411 3585/3585/3411
f 3585/3585/3412 3620/3620/3412 3621/3621/3412
f 3585/3585/3413 3621/3621/3413 3586/3586/3413
f 3586/3586/3414 3621/3621/3414 3622/3622/3414
f 3586/3586/3415 3622/3622/3415 3551/3551/3415
f 3551/3551/3416 3622/3622/3416 3587/3587/3416
f 3587/3587/3417 3623/3623/3417 3588/3588/3417
f 3588/3588/3418 3623/3623/3418 3624/3624/3418
f 3588/3588/3419 3624/3624/3419 3589/3589/3419
f 3589/3589/3420 3624/3624/3420 3625/3625/3420
f 3589/3589/3421 3625/3625/3421 3590/3590/3421
f 3590/3590/3422 3625/3625/3422 3626/3626/3422
f 3590/3590/3423 3626/3626/3423 3591/3591/3423
f 3591/3591/3424 3626/3626/3424 3627/3627/3424
f 3591/3591/3425 3627/3627/3425 3592/3592/3425
f 3592/3592/3426 3627/3627/3426 3628/3628/3426
f 3592/3592/3427 3628/3628/3427 3593/3593/3427
f 3593/3593/3428 3628/3628/3428 3629/3629/3428
f 3593/3593/3429 3629/3629/3429 3594/3594/3429
f 3594/3594/3429 3629/3629/3429 3630/3630/3429
f 3594/3594/3430 3630/3630/3430 3595/3595/3430
f 3595/3595/3431 3630/3630/3431 3631/3631/3431
f 3595/3595/3432 3631/3631/3432 3596/3596/3432
f 3596/3596/3433 3631/3631/3433 3632/3632/3433
f 3596/3596/3434 3632/3632/3434 3597/3597/3434
f 3597/3597/3435 3632/3632/3435 3633/3633/3435
f 3597/3597/3436 3633/3633/3436 3598/3598/3436
f 3598/3598/3437 3633/3633/3437 3634/3634/3437
f 3598/3598/3438 3634/3634/3438 3599/3599/3438
f 3599/3599/3439 3634/3634/3439 3635/3635/3439
f 3599/3599/3440 3635/3635/3440 3600/3600/3440
f 3600/3600/3441 3635/3635/3441 3636/3636/3441
f 3600/3600/3442 3636/3636/3442 3601/3601/3442
f 3601/3601/3443 3636/3636/3443 3637/3637/3443
f 3601/3601/3444 3637/3637/3444 3602/3602/3444
f 3602/3602/3445 3637/3637/3445 3638/3638/3445
f 3602/3602/3446 3638/3638/3446 3603/3603/3446
f 3603/3603/3447 3638/3638/3447 3639/3639/3447
f 3603/3603/3448 3639/3639/3448 3604/3604/3448
f 3604/3604/3448 3639/3639/3448 3640/3640/3448
f 3604/3604/3449 3640/3640/3449 3605/3605/3449
f 3605/3605/3450 3640/3640/3450 3641/3641/3450
f 3605/3605/3451 3641/3641/3451 3606/3606/3451
f 3606/3606/3452 3641/3641/3452 3642/3642/3452
f 3606/3606/3453 3642/3642/3453 3607/3607/3453
f 3607/3607/3454 3642/3642/3454 3643/3643/3454
f 3607/3607/3455 3643/3643/3455 3608/3608/3455
f 3608/3608/3456 3643/3643/3456 3644/3644/3456
f 3608/3608/3457 3644/3644/3457 3609/3609/3457
f 3609/3609/3458 3644/3644/3458 3645/3645/3458
f 3609/3609/3459 3645/3645/3459 3610/3610/3459
f 3610/3610/3460 3645/3645/3460 3646/3646/3460
f 3610/3610/3461 3646/3646/3461 3611/3611/3461
f 3611/3611/3462 3646/3646/3462 3647/3647/3462
f 3611/3611/3463 3647/3647/3463 3612/3612/3463
f 3612/3612/3464 3647/3647/3464 3648/3648/3464
f 3612/3612/3465 3648/3648/3465 3613/3613/3465
f 3613/3613/3466 3648/3648/3466 3649/3649/3466
f 3613/3613/3467 3649/3649/3467 3614/3614/3467
f 3614/3614/3467 3649/3649/3467 3650/3650/3467
f 3614/3614/3468 3650/3650/3468 3615/3615/3468
f 3615/3615/3469 3650/3650/3469 3651/3651/3469
f 3615/3615/3470 3651/3651/3470 3616/3616/3470
f 3616/3616/3471 3651/3651/3471 3652/3652/3471
f 3616/3616/3472 3652/3652/3472 3617/3617/3472
f 3617/3617/3473 3652/3652/3473 3653/3653/3473
f 3617/3617/3474 3653/3653/3474 3618/3618/3474
f 3618/3618/3475 3653/3653/3475 3654/3654/3475
f 3618/3618/3476 3654/3654/3476 3619/3619/3476
f 3619/3619/3477 3654/3654/3477 3655/3655/3477
f 3619/3619/3478 3655/3655/3478 3620/3620/3478
f 3620/3620/3479 3655/3655/3479 3656/3656/3479
f 3620/3620/3480 3656/3656/3480 3621/3621/3480
f 3621/3621/3481 3656/3656/3481 3657/3657/3481
f 3621/3621/3482 3657/3657/3482 3622/3622/3482
f 3622/3622/3483 3657/3657/3483 3658/3658/3483
f 3622/3622/3484 3658/3658/3484 3587/3587/3484
f 3587/3587/3484 3658/3658/3484 3623/3623/3484
f 3623/3623/3485 3659/3659/3485 3624/3624/3485
f 3624/3624/3486 3659/3659/3486 3660/3660/3486
f 3624/3624/3487 3660/3660/3487 3625/3625/3487
f 3625/3625/3488 3660/3660/3488 3661/3661/3488
f 3625/3625/3489 3661/3661/3489 3626/3626/3489
f 3626/3626/3490 3661/3661/3490 3662/3662/3490
f 3626/3626/3491 3662/3662/3491 3627/3627/3491
f 3627/3627/3492 3662/3662/3492 3663/3663/3492
f 3627/3627/3493 3663/3663/3493 3628/3628/3493
f 3628/3628/3494 3663/3663/3494 3664/3664/3494
f 3628/3628/3495 3664/3664/3495 3629/3629/3495
f 3629/3629/3496 3664/3664/3496 3665/3665/3496
f 3629/3629/3497 3665/3665/3497 3630/3630/3497
f 3630/3630/3498 3665/3665/3498 3666/3666/3498
f 3630/3630/3499 3666/3666/3499 3631/3631/3499
f 3631/3631/3500 3666/3666/3500 3667/3667/3500
f 3631/3631/3501 3667/3667/3501 3632/3632/3501
f 3632/3632/3501 3667/3667/3501 3668/3668/3501
f 3632/3632/3502 3668/3668/3502 3633/3633/3502
f 3633/3633/3503 3668/3668/3503 3669/3669/3503
f 3633/3633/3504 3669/3669/3504 3634/3634/3504
f 3634/3634/3505 3669/3669/3505 3670/3670/3505
f 3634/3634/3506 3670/3670/3506 3635/3635/3506
f 3635/3635/3507 3670/3670/3507 3671/3671/3507
f 3635/3635/3508 3671/3671/3508 3636/3636/3508
f 3636/3636/3509 3671/3671/3509 3672/3672/3509
f 3636/3636/3510 3672/3672/3510 3637/3637/3510
f 3637/3637/3511 3672/3672/3511 3673/3673/3511
f 3637/3637/3512 3673/3673/3512 3638/3638/3512
f 3638/3638/3513 3673/3673/3513 3674/3674/3513
f 3638/3638/3514 3674/3674/3514 3639/3639/3514
f 3639/3639/3515 3674/3674/3515 3675/3675/3515
f 3639/3639/3516 3675/3675/3516 3640/3640/3516
f 3640/3640/3517 3675/3675/3517 3676/3676/3517
f 3640/3640/3518 3676/3676/3518 3641/3641/3518
f 3641/3641/3519 3676/3676/3519 3677/3677/3519
f 3641/3641/3520 3677/3677/3520 3642/3642/3520
f 3642/3642/3521 3677/3677/3521 3678/3678/3521
f 3642/3642/3522 3678/3678/3522 3643/3643/3522
f 3643/3643/3523 3678/3678/3523 3679/3679/3523
f 3643/3643/3524 3679/3679/3524 3644/3644/3524
f 3644/3644/3525 3679/3679/3525 3680/3680/3525
f 3644/3644/3526 3680/3680/3526 3645/3645/3526
f 3645/3645/3527 3680/3680/3527 3681/3681/3527
f 3645/3645/3528 3681/3681/3528 3646/3646/3528
f 3646/3646/3529 3681/3681/3529 3682/3682/3529
f 3646/3646/3530 3682/3682/3530 3647/3647/3530
f 3647/3647/3531 3682/3682/3531 3683/3683/3531
f 3647/3647/3532 3683/3683/3532 3648/3648/3532
f 3648/3648/3533 3683/3683/3533 3684/3684/3533
f 3648/3648/3534 3684/3684/3534 3649/3649/3534
f 3649/3649/3534 3684/3684/3534 3685/3685/3534
f 3649/3649/3535 3685/3685/3535 3650/3650/3535
f 3650/3650/3536 3685/3685/3536 3686/3686/3536
f 3650/3650/3537 3686/3686/3537 3651/3651/3537
f 3651/3651/3538 3686/3686/3538 3687/3687/3538
f 3651/3651/3539 3687/3687/3539 3652/3652/3539
f 3652/3652/3540 3687/3687/3540 3688/3688/3540
f 3652/3652/3541 3688/3688/3541 3653/3653/3541
f 3653/3653/3542 3688/3688/3542 3689/3689/3542
f 3653/3653/3543 3689/3689/3543 3654/3654/3543
f 3654/3654/3544 3689/3689/3544 3690/3690/3544
f 3654/3654/3545 3690/3690/3545 3655/3655/3545
f 3655/3655/3546 3690/3690/3546 3691/3691/3546
f 3655/3655/3547 3691/3691/3547 3656/3656/3547
f 3656/3656/3548 3691/3691/3548 3692/3692/3548
f 3656/3656/3549 3692/3692/3549 3657/3657/3549
f 3657/3657/3550 3692/3692/3550 3693/3693/3550
f 3657/3657/3551 3693/3693/3551 3658/3658/3551
f 3658/3658/3552 3693/3693/3552 3694/3694/3552
f 3658/3658/3553 3694/3694/3553 3623/3623/3553
f 3623/3623/3554 3694/3694/3554 3659/3659/3554
f 3659/3659/3555 3695/3695/3555 3660/3660/3555
f 3660/3660/3556 3695/3695/3556 3696/3696/3556
f 3660/3660/3557 3696/3696/3557 3661/3661/3557
f 3661/3661/3558 3696/3696/3558 3697/3697/3558
f 3661/3661/3559 3697/3697/3559 3662/3662/3559
f 3662/3662/3560 3697/3697/3560 3698/3698/3560
f 3662/3662/3561 3698/3698/3561 3663/3663/3561
f 3663/3663/3562 3698/3698/3562 3699/3699/3562
f 3663/3663/3563 3699/3699/3563 3664/3664/3563
f 3664/3664/3563 3699/3699/3563 3700/3700/3563
f 3664/3664/3564 3700/3700/3564 3665/3665/3564
f 3665/3665/3565 3700/3700/3565 3701/3701/3565
f 3665/3665/3566 3701/3701/3566 3666/3666/3566
f 3666/3666/3566 3701/3701/3566 3702/3702/3566
f 3666/3666/3567 3702/3702/3567 3667/3667/3567
f 3667/3667/3567 3702/3702/3567 3703/3703/3567
f 3667/3667/3568 3703/3703/3568 3668/3668/3568
f 3668/3668/3568 3703/3703/3568 3704/3704/3568
f 3668/3668/3569 3704/3704/3569 3669/3669/3569
f 3669/3669/3569 3704/3704/3569 3705/3705/3569
f 3669/3669/3570 3705/3705/3570 3670/3670/3570
f 3670/3670/3570 3705/3705/3570 3706/3706/3570
f 3670/3670/3571 3706/3706/3571 3671/3671/3571
f 3671/3671/3572 3706/3706/3572 3707/3707/3572
f 3671/3671/3573 3707/3707/3573 3672/3672/3573
f 3672/3672/3574 3707/3707/3574 3708/3708/3574
f 3672/3672/3575 3708/3708/3575 3673/3673/3575
f 3673/3673/3576 3708/3708/3576 3709/3709/3576
f 3673/3673/3577 3709/3709/3577 3674/3674/3577
f 3674/3674/3578 3709/3709/3578 3710/3710/3578
f 3674/3674/3579 3710/3710/3579 3675/3675/3579
f 3675/3675/3579 3710/3710/3579 3711/3711/3579
f 3675/3675/3580 3711/3711/3580 3676/3676/3580
f 3676/3676/3581 3711/3711/3581 3712/3712/3581
f 3676/3676/3582 3712/3712/3582 3677/3677/3582
f 3677/3677/3583 3712/3712/3583 3713/3713/3583
f 3677/3677/3584 3713/3713/3584 3678/3678/3584
f 3678/3678/3585 3713/3713/3585 3714/3714/3585
f 3678/3678/3586 3714/3714/3586 3679/3679/3586
f 3679/3679/3587 3714/3714/3587 3715/3715/3587
f 3679/3679/3588 3715/3715/3588 3680/3680/3588
f 3680/3680/3589 3715/3715/3589 3716/3716/3589
f 3680/3680/3590 3716/3716/3590 3681/3681/3590
f 3681/3681/3591 3716/3716/3591 3717/3717/3591
f 3681/3681/3592 3717/3717/3592 3682/3682/3592
f 3682/3682/3592 3717/3717/3592 3718/3718/3592
f 3682/3682/3593 3718/3718/3593 3683/3683/3593
f 3683/3683/3594 3718/3718/3594 3719/3719/3594
f 3683/3683/3595 3719/3719/3595 3684/3684/3595
f 3684/3684/3596 3719/3719/3596 3720/3720/3596
f 3684/3684/3597 3720/3720/3597 3685/3685/3597
f 3685/3685/3597 3720/3720/3597 3721/3721/3597
f 3685/3685/3598 3721/3721/3598 3686/3686/3598
f 3686/3686/3598 3721/3721/3598 3722/3722/3598
f 3686/3686/3599 3722/3722/3599 3687/3687/3599
f 3687/3687/3600 3722/3722/3600 3723/3723/3600
f 3687/3687/3601 3723/3723/3601 3688/3688/3601
f 3688/3688/3601 3723/3723/3601 3724/3724/3601
f 3688/3688/3602 3724/3724/3602 3689/3689/3602
f 3689/3689/3602 3724/3724/3602 3725/3725/3602
f 3689/3689/3603 3725/3725/3603 3690/3690/3603
f 3690/3690/3604 3725/3725/3604 3726/3726/3604
f 3690/3690/3605 3726/3726/3605 3691/3691/3605
f 3691/3691/3606 3726/3726/3606 3727/3727/3606
f 3691/3691/3607 3727/3727/3607 3692/3692/3607
f 3692/3692/3608 3727/3727/3608 3728/3728/3608
f 3692/3692/3609 3728/3728/3609 3693/3693/3609
f 3693/3693/3610 3728/3728/3610 3729/3729/3610
f 3693/3693/3611 3729/3729/3611 3694/3694/3611
f 3694/3694/3611 3729/3729/3611 3730/3730/3611
f 3694/3694/3612 3730/3730/3612 3659/3659/3612
f 3659/3659/3612 3730/3730/3612 3695/3695/3612
f 3695/3695/3613 3731/3731/3613 3696/3696/3613
f 3696/3696/3614 3731/3731/3614 3732/3732/3614
f 3696/3696/3615 3732/3732/3615 3697/3697/3615
f 3697/3697/3616 3732/3732/3616 3733/3733/3616
f 3697/3697/3617 3733/3733/3617 3698/3698/3617
f 3698/3698/3617 3733/3733/3617 3734/3734/3617
f 3698/3698/3618 3734/3734/3618 3699/3699/3618
f 3699/3699/3618 3734/3734/3618 3735/3735/3618
f 3699/3699/3619 3735/3735/3619 3700/3700/3619
f 3700/3700/3619 3735/3735/3619 3736/3736/3619
f 3700/3700/3620 3736/3736/3620 3701/3701/3620
f 3701/3701/3620 3736/3736/3620 3737/3737/3620
f 3701/3701/3621 3737/3737/3621 3702/3702/3621
f 3702/3702/3622 3737/3737/3622 3738/3738/3622
f 3702/3702/3623 3738/3738/3623 3703/3703/3623
f 3703/3703/3623 3738/3738/3623 3739/3739/3623
f 3703/3703/3624 3739/3739/3624 3704/3704/3624
f 3704/3704/3624 3739/3739/3624 3740/3740/3624
f 3704/3704/3625 3740/3740/3625 3705/3705/3625
f 3705/3705/3625 3740/3740/3625 3741/3741/3625
f 3705/3705/3626 3741/3741/3626 3706/3706/3626
f 3706/3706/3627 3741/3741/3627 3742/3742/3627
f 3706/3706/3628 3742/3742/3628 3707/3707/3628
f 3707/3707/3628 3742/3742/3628 3743/3743/3628
f 3707/3707/3629 3743/3743/3629 3708/3708/3629
f 3708/3708/3630 3743/3743/3630 3744/3744/3630
f 3708/3708/3631 3744/3744/3631 3709/3709/3631
f 3709/3709/3631 3744/3744/3631 3745/3745/3631
f 3709/3709/3632 3745/3745/3632 3710/3710/3632
f 3710/3710/3633 3745/3745/3633 3746/3746/3633
f 3710/3710/3634 3746/3746/3634 3711/3711/3634
f 3711/3711/3635 3746/3746/3635 3470/3470/3635
f 3711/3711/3636 3470/3470/3636 3712/3712/3636
f 3712/3712/3637 3470/3470/3637 3469/3469/3637
f 3712/3712/3638 3469/3469/3638 3713/3713/3638
f 3713/3713/3639 3469/3469/3639 3747/3747/3639
f 3713/3713/3640 3747/3747/3640 3714/3714/3640
f 3714/3714/3641 3747/3747/3641 3748/3748/3641
f 3714/3714/3642 3748/3748/3642 3715/3715/3642
f 3715/3715/3643 3748/3748/3643 3749/3749/3643
f 3715/3715/3644 3749/3749/3644 3716/3716/3644
f 3716/3716/3645 3749/3749/3645 3750/3750/3645
f 3716/3716/3646 3750/3750/3646 3717/3717/3646
f 3717/3717/3646 3750/3750/3646 3751/3751/3646
f 3717/3717/3647 3751/3751/3647 3718/3718/3647
f 3718/3718/3648 3751/3751/3648 3752/3752/3648
f 3718/3718/3649 3752/3752/3649 3719/3719/3649
f 3719/3719/3650 3752/3752/3650 3753/3753/3650
f 3719/3719/3651 3753/3753/3651 3720/3720/3651
f 3720/3720/3651 3753/3753/3651 3754/3754/3651
f 3720/3720/3652 3754/3754/3652 3721/3721/3652
f 3721/3721/3652 3754/3754/3652 3755/3755/3652
f 3721/3721/3653 3755/3755/3653 3722/3722/3653
f 3722/3722/3654 3755/3755/3654 3756/3756/3654
f 3722/3722/3655 3756/3756/3655 3723/3723/3655
f 3723/3723/3656 3756/3756/3656 3757/3757/3656
f 3723/3723/3657 3757/3757/3657 3724/3724/3657
f 3724/3724/3658 3757/3757/3658 3758/3758/3658
f 3724/3724/3659 3758/3758/3659 3725/3725/3659
f 3725/3725/3660 3758/3758/3660 3759/3759/3660
f 3725/3725/3661 3759/3759/3661 3726/3726/3661
f 3726/3726/3662 3759/3759/3662 3760/3760/3662
f 3726/3726/3663 3760/3760/3663 3727/3727/3663
f 3727/3727/3663 3760/3760/3663 3761/3761/3663
f 3727/3727/3664 3761/3761/3664 3728/3728/3664
f 3728/3728/3665 3761/3761/3665 3762/3762/3665
f 3728/3728/3666 3762/3762/3666 3729/3729/3666
f 3729/3729/3667 3762/3762/3667 3763/3763/3667
f 3729/3729/3668 3763/3763/3668 3730/3730/3668
f 3730/3730/3669 3763/3763/3669 3764/3764/3669
f 3730/3730/3670 3764/3764/3670 3695/3695/3670
f 3695/3695/3671 3764/3764/3671 3731/3731/3671
f 3131/3131/3672 3130/3130/3672 3469/3469/3672
f 3469/3469/3673 3130/3130/3673 3129/3129/3673
f 3469/3469/3674 3129/3129/3674 3747/3747/3674
f 3747/3747/3675 3129/3129/3675 3467/3467/3675
f 3747/3747/3676 3467/3467/3676 3748/3748/3676
f 3748/3748/3677 3467/3467/3677 3468/3468/3677
f 3748/3748/3678 3468/3468/3678 3749/3749/3678
f 3749/3749/3679 3468/3468/3679 3765/3765/3679
f 3749/3749/3680 3765/3765/3680 3750/3750/3680
f 3750/3750/3681 3765/3765/3681 3766/3766/3681
f 3750/3750/3682 3766/3766/3682 3751/3751/3682
f 3751/3751/3682 3766/3766/3682 3767/3767/3682
f 3751/3751/3683 3767/3767/3683 3752/3752/3683
f 3752/3752/3683 3767/3767/3683 3768/3768/3683
f 3752/3752/3684 3768/3768/3684 3753/3753/3684
f 3753/3753/3685 3768/3768/3685 3769/3769/3685
f 3753/3753/3686 3769/3769/3686 3754/3754/3686
f 3754/3754/3686 3769/3769/3686 3770/3770/3686
f 3754/3754/3687 3770/3770/3687 3755/3755/3687
f 3755/3755/3688 3770/3770/3688 3771/3771/3688
f 3755/3755/3689 3771/3771/3689 3756/3756/3689
f 3756/3756/3690 3771/3771/3690 3772/3772/3690
f 3756/3756/3691 3772/3772/3691 3757/3757/3691
f 3757/3757/3691 3772/3772/3691 3773/3773/3691
f 3757/3757/3692 3773/3773/3692 3758/3758/3692
f 3758/3758/3692 3773/3773/3692 3774/3774/3692
f 3758/3758/3693 3774/3774/3693 3759/3759/3693
f 3759/3759/3694 3774/3774/3694 3775/3775/3694
f 3759/3759/3695 3775/3775/3695 3760/3760/3695
f 3760/3760/3695 3775/3775/3695 3776/3776/3695
f 3760/3760/3696 3776/3776/3696 3761/3761/3696
f 3761/3761/3697 3776/3776/3697 3777/3777/3697
f 3761/3761/3698 3777/3777/3698 3762/3762/3698
f 3762/3762/3699 3777/3777/3699 3478/3478/3699
f 3762/3762/3700 3478/3478/3700 3763/3763/3700
f 3763/3763/3701 3478/3478/3701 3465/3465/3701
f 3763/3763/3702 3465/3465/3702 3764/3764/3702
f 3764/3764/3703 3465/3465/3703 3464/3464/3703
f 3764/3764/3704 3464/3464/3704 3731/3731/3704
f 3731/3731/3705 3464/3464/3705 3476/3476/3705
f 3731/3731/3706 3476/3476/3706 3732/3732/3706
f 3732/3732/3707 3476/3476/3707 3474/3474/3707
f 3732/3732/3708 3474/3474/3708 3733/3733/3708
f 3733/3733/3709 3474/3474/3709 3778/3778/3709
f 3733/3733/3710 3778/3778/3710 3734/3734/3710
f 3734/3734/3711 3778/3778/3711 3779/3779/3711
f 3734/3734/3712 3779/3779/3712 3735/3735/3712
f 3735/3735/3713 3779/3779/3713 3780/3780/3713
f 3735/3735/3714 3780/3780/3714 3736/3736/3714
f 3736/3736/3715 3780/3780/3715 3781/3781/3715
f 3736/3736/3716 3781/3781/3716 3737/3737/3716
f 3737/3737/3716 3781/3781/3716 3782/3782/3716
f 3737/3737/3717 3782/3782/3717 3738/3738/3717
f 3738/3738/3717 3782/3782/3717 3783/3783/3717
f 3738/3738/3718 3783/3783/3718 3739/3739/3718
f 3739/3739/3718 3783/3783/3718 3784/3784/3718
f 3739/3739/3719 3784/3784/3719 3740/3740/3719
f 3740/3740/3719 3784/3784/3719 3785/3785/3719
f 3740/3740/3720 3785/3785/3720 3741/3741/3720
f 3741/3741/3720 3785/3785/3720 3786/3786/3720
f 3741/3741/3721 3786/3786/3721 3742/3742/3721
f 3742/3742/3722 3786/3786/3722 3787/3787/3722
f 3742/3742/3723 3787/3787/3723 3743/3743/3723
f 3743/3743/3724 3787/3787/3724 3788/3788/3724
f 3743/3743/3725 3788/3788/3725 3744/3744/3725
f 3744/3744/3726 3788/3788/3726 3789/3789/3726
f 3744/3744/3727 3789/3789/3727 3745/3745/3727
f 3745/3745/3727 3789/3789/3727 3790/3790/3727
f 3745/3745/3728 3790/3790/3728 3746/3746/3728
f 3746/3746/3729 3790/3790/3729 3472/3472/3729
f 3746/3746/3730 3472/3472/3730 3470/3470/3730
f 3470/3470/3731 3472/3472/3731 3471/3471/3731
f 3470/3470/3732 3471/3471/3732 3123/3123/3732
f 3123/3123/3733 3471/3471/3733 3124/3124/3733
f 3128/3128/3734 132/132/3734 3468/3468/3734
f 3468/3468/3735 132/132/3735 131/131/3735
f 3468/3468/3736 131/131/3736 3765/3765/3736
f 3765/3765/3736 131/131/3736 129/129/3736
f 3765/3765/3737 129/129/3737 3766/3766/3737
f 3766/3766/3738 129/129/3738 128/128/3738
f 3766/3766/3739 128/128/3739 3767/3767/3739
f 3767/3767/3739 128/128/3739 148/148/3739
f 3767/3767/3740 148/148/3740 3768/3768/3740
f 3768/3768/3741 148/148/3741 147/147/3741
f 3768/3768/3742 147/147/3742 3769/3769/3742
f 3769/3769/3743 147/147/3743 146/146/3743
f 3769/3769/3744 146/146/3744 3770/3770/3744
f 3770/3770/3745 146/146/3745 145/145/3745
f 3770/3770/3746 145/145/3746 3771/3771/3746
f 3771/3771/3746 145/145/3746 160/160/3746
f 3771/3771/3747 160/160/3747 3772/3772/3747
f 3772/3772/3747 160/160/3747 159/159/3747
f 3772/3772/3748 159/159/3748 3773/3773/3748
f 3773/3773/3749 159/159/3749 158/158/3749
f 3773/3773/3750 158/158/3750 3774/3774/3750
f 3774/3774/3750 158/158/3750 157/157/3750
f 3774/3774/3751 157/157/3751 3775/3775/3751
f 3775/3775/3752 157/157/3752 141/141/3752
f 3775/3775/3753 141/141/3753 3776/3776/3753
f 3776/3776/3753 141/141/3753 140/140/3753
f 3776/3776/3754 140/140/3754 3777/3777/3754
f 3777/3777/3755 140/140/3755 152/152/3755
f 3777/3777/3756 152/152/3756 3478/3478/3756
f 3478/3478/3756 152/152/3756 154/154/3756
f 3478/3478/3757 154/154/3757 156/156/3757
f 3473/3473/3166 3283/3283/3166 3474/3474/3166
f 3474/3474/3758 3283/3283/3758 3282/3282/3758
f 3474/3474/3759 3282/3282/3759 3778/3778/3759
f 3778/3778/3759 3282/3282/3759 3274/3274/3759
f 3778/3778/3760 3274/3274/3760 3779/3779/3760
f 3779/3779/3761 3274/3274/3761 3276/3276/3761
f 3779/3779/3762 3276/3276/3762 3780/3780/3762
f 3780/3780/3762 3276/3276/3762 3267/3267/3762
f 3780/3780/3763 3267/3267/3763 3781/3781/3763
f 3781/3781/3763 3267/3267/3763 3266/3266/3763
f 3781/3781/3764 3266/3266/3764 3782/3782/3764
f 3782/3782/3765 3266/3266/3765 3265/3265/3765
f 3782/3782/3766 3265/3265/3766 3783/3783/3766
f 3783/3783/3767 3265/3265/3767 3258/3258/3767
f 3783/3783/3768 3258/3258/3768 3784/3784/3768
f 3784/3784/3769 3258/3258/3769 3257/3257/3769
f 3784/3784/3770 3257/3257/3770 3785/3785/3770
f 3785/3785/3771 3257/3257/3771 3256/3256/3771
f 3785/3785/3772 3256/3256/3772 3786/3786/3772
f 3786/3786/3773 3256/3256/3773 3255/3255/3773
f 3786/3786/3774 3255/3255/3774 3787/3787/3774
f 3787/3787/3774 3255/3255/3774 3264/3264/3774
f 3787/3787/3775 3264/3264/3775 3788/3788/3775
f 3788/3788/3775 3264/3264/3775 3263/3263/3775
f 3788/3788/3776 3263/3263/3776 3789/3789/3776
f 3789/3789/3777 3263/3263/3777 3262/3262/3777
f 3789/3789/3778 3262/3262/3778 3790/3790/3778
f 3790/3790/3779 3262/3262/3779 3253/3253/3779
f 3790/3790/3780 3253/3253/3780 3472/3472/3780
f 3472/3472/3780 3253/3253/3780 3254/3254/3780
f 3472/3472/3781 3254/3254/3781 3126/3126/3781
f 3212/3212/3782 3791/3791/3782 3214/3214/3782
f 3791/3791/3783 3212/3212/3783 3792/3792/3783
f 3216/3216/3784 3793/3793/3784 3210/3210/3784
f 3210/3210/3785 3793/3793/3785 3794/3794/3785
f 3211/3211/3786 3795/3795/3786 127/127/3786
f 127/127/3787 3795/3795/3787 3796/3796/3787
f 3466/3466/3788 3477/3477/3788 3797/3797/3788
f 3797/3797/3789 3798/3798/3789 3466/3466/3789
f 3466/3466/3790 3798/3798/3790 3799/3799/3790
f 3466/3466/3791 3799/3799/3791 3464/3464/3791
f 3464/3464/3792 3799/3799/3792 3800/3800/3792
f 3464/3464/3793 3800/3800/3793 3475/3475/3793
f 3475/3475/3794 3800/3800/3794 3473/3473/3794
f 3473/3473/3795 3800/3800/3795 3801/3801/3795
f 3473/3473/3796 3801/3801/3796 3283/3283/3796
f 3217/3217/3168 3802/3802/3168 3252/3252/3168
f 3252/3252/3168 3802/3802/3168 3803/3803/3168
f 3252/3252/3169 3803/3803/3169 3251/3251/3169
f 3251/3251/3170 3803/3803/3170 3804/3804/3170
f 3251/3251/3797 3804/3804/3797 3250/3250/3797
f 3250/3250/3798 3804/3804/3798 3805/3805/3798
f 3250/3250/3799 3805/3805/3799 3249/3249/3799
f 3249/3249/3174 3805/3805/3174 3806/3806/3174
f 3249/3249/3800 3806/3806/3800 3248/3248/3800
f 3248/3248/3176 3806/3806/3176 3807/3807/3176
f 3248/3248/3801 3807/3807/3801 3247/3247/3801
f 3247/3247/3802 3807/3807/3802 3808/3808/3802
f 3247/3247/3803 3808/3808/3803 3246/3246/3803
f 3246/3246/3180 3808/3808/3180 3809/3809/3180
f 3246/3246/3804 3809/3809/3804 3245/3245/3804
f 3245/3245/3181 3809/3809/3181 3810/3810/3181
f 3245/3245/3182 3810/3810/3182 3244/3244/3182
f 3244/3244/3182 3810/3810/3182 3811/3811/3182
f 3244/3244/3184 3811/3811/3184 3243/3243/3184
f 3243/3243/3184 3811/3811/3184 3812/3812/3184
f 3243/3243/3185 3812/3812/3185 3242/3242/3185
f 3242/3242/3186 3812/3812/3186 3813/3813/3186
f 3242/3242/3805 3813/3813/3805 3241/3241/3805
f 3241/3241/3806 3813/3813/3806 3814/3814/3806
f 3241/3241/3807 3814/3814/3807 3240/3240/3807
f 3240/3240/3808 3814/3814/3808 3815/3815/3808
f 3240/3240/3809 3815/3815/3809 3239/3239/3809
f 3239/3239/3810 3815/3815/3810 3816/3816/3810
f 3239/3239/3811 3816/3816/3811 3238/3238/3811
f 3238/3238/3812 3816/3816/3812 3817/3817/3812
f 3238/3238/3196 3817/3817/3196 3237/3237/3196
f 3237/3237/3813 3817/3817/3813 3818/3818/3813
f 3237/3237/3814 3818/3818/3814 3236/3236/3814
f 3236/3236/3815 3818/3818/3815 3819/3819/3815
f 3236/3236/3816 3819/3819/3816 3235/3235/3816
f 3235/3235/3817 3819/3819/3817 3820/3820/3817
f 3235/3235/3818 3820/3820/3818 3234/3234/3818
f 3234/3234/3201 3820/3820/3201 3821/3821/3201
f 3234/3234/3819 3821/3821/3819 3233/3233/3819
f 3233/3233/3820 3821/3821/3820 3822/3822/3820
f 3233/3233/3821 3822/3822/3821 3232/3232/3821
f 3232/3232/3821 3822/3822/3821 3823/3823/3821
f 3232/3232/3822 3823/3823/3822 3231/3231/3822
f 3231/3231/3208 3823/3823/3208 3824/3824/3208
f 3231/3231/3823 3824/3824/3823 3230/3230/3823
f 3230/3230/3824 3824/3824/3824 3825/3825/3824
f 3230/3230/3825 3825/3825/3825 3229/3229/3825
f 3229/3229/3211 3825/3825/3211 3826/3826/3211
f 3229/3229/3212 3826/3826/3212 3228/3228/3212
f 3228/3228/3826 3826/3826/3826 3827/3827/3826
f 3228/3228/3213 3827/3827/3213 3227/3227/3213
f 3227/3227/3213 3827/3827/3213 3828/3828/3213
f 3227/3227/3214 3828/3828/3214 3226/3226/3214
f 3226/3226/3214 3828/3828/3214 3829/3829/3214
f 3226/3226/3827 3829/3829/3827 3225/3225/3827
f 3225/3225/3827 3829/3829/3827 3830/3830/3827
f 3225/3225/3828 3830/3830/3828 3224/3224/3828
f 3224/3224/3829 3830/3830/3829 3831/3831/3829
f 3224/3224/3220 3831/3831/3220 3223/3223/3220
f 3223/3223/3220 3831/3831/3220 3832/3832/3220
f 3223/3223/3830 3832/3832/3830 3222/3222/3830
f 3222/3222/3830 3832/3832/3830 3833/3833/3830
f 3222/3222/3831 3833/3833/3831 3221/3221/3831
f 3221/3221/3224 3833/3833/3224 3834/3834/3224
f 3221/3221/3226 3834/3834/3226 3220/3220/3226
f 3220/3220/3226 3834/3834/3226 3835/3835/3226
f 3220/3220/3227 3835/3835/3227 3219/3219/3227
f 3219/3219/3227 3835/3835/3227 3836/3836/3227
f 3219/3219/3832 3836/3836/3832 3218/3218/3832
f 3218/3218/3833 3836/3836/3833 3837/3837/3833
f 3218/3218/3834 3837/3837/3834 3217/3217/3834
f 3217/3217/3835 3837/3837/3835 3802/3802/3835
f 3802/3802/3836 3838/3838/3836 3803/3803/3836
f 3803/3803/3837 3838/3838/3837 3839/3839/3837
f 3803/3803/3236 3839/3839/3236 3804/3804/3236
f 3804/3804/3235 3839/3839/3235 3840/3840/3235
f 3804/3804/3238 3840/3840/3238 3805/3805/3238
f 3805/3805/3238 3840/3840/3238 3841/3841/3238
f 3805/3805/3239 3841/3841/3239 3806/3806/3239
f 3806/3806/3240 3841/3841/3240 3842/3842/3240
f 3806/3806/3838 3842/3842/3838 3807/3807/3838
f 3807/3807/3839 3842/3842/3839 3843/3843/3839
f 3807/3807/3840 3843/3843/3840 3808/3808/3840
f 3808/3808/3243 3843/3843/3243 3844/3844/3243
f 3808/3808/3244 3844/3844/3244 3809/3809/3244
f 3809/3809/3841 3844/3844/3841 3845/3845/3841
f 3809/3809/3245 3845/3845/3245 3810/3810/3245
f 3810/3810/3842 3845/3845/3842 3846/3846/3842
f 3810/3810/3246 3846/3846/3246 3811/3811/3246
f 3811/3811/3247 3846/3846/3247 3847/3847/3247
f 3811/3811/3843 3847/3847/3843 3812/3812/3843
f 3812/3812/3844 3847/3847/3844 3848/3848/3844
f 3812/3812/3845 3848/3848/3845 3813/3813/3845
f 3813/3813/3845 3848/3848/3845 3849/3849/3845
f 3813/3813/3846 3849/3849/3846 3814/3814/3846
f 3814/3814/3250 3849/3849/3250 3850/3850/3250
f 3814/3814/3847 3850/3850/3847 3815/3815/3847
f 3815/3815/3848 3850/3850/3848 3851/3851/3848
f 3815/3815/3849 3851/3851/3849 3816/3816/3849
f 3816/3816/3850 3851/3851/3850 3852/3852/3850
f 3816/3816/3851 3852/3852/3851 3817/3817/3851
f 3817/3817/3851 3852/3852/3851 3853/3853/3851
f 3817/3817/3258 3853/3853/3258 3818/3818/3258
f 3818/3818/3852 3853/3853/3852 3854/3854/3852
f 3818/3818/3853 3854/3854/3853 3819/3819/3853
f 3819/3819/3260 3854/3854/3260 3855/3855/3260
f 3819/3819/3261 3855/3855/3261 3820/3820/3261
f 3820/3820/3854 3855/3855/3854 3856/3856/3854
f 3820/3820/3855 3856/3856/3855 3821/3821/3855
f 3821/3821/3856 3856/3856/3856 3857/3857/3856
f 3821/3821/3264 3857/3857/3264 3822/3822/3264
f 3822/3822/3857 3857/3857/3857 3858/3858/3857
f 3822/3822/3858 3858/3858/3858 3823/3823/3858
f 3823/3823/3859 3858/3858/3859 3859/3859/3859
f 3823/3823/3860 3859/3859/3860 3824/3824/3860
f 3824/3824/3861 3859/3859/3861 3860/3860/3861
f 3824/3824/3271 3860/3860/3271 3825/3825/3271
f 3825/3825/3862 3860/3860/3862 3861/3861/3862
f 3825/3825/3863 3861/3861/3863 3826/3826/3863
f 3826/3826/3863 3861/3861/3863 3862/3862/3863
f 3826/3826/3274 3862/3862/3274 3827/3827/3274
f 3827/3827/3864 3862/3862/3864 3863/3863/3864
f 3827/3827/3275 3863/3863/3275 3828/3828/3275
f 3828/3828/3275 3863/3863/3275 3864/3864/3275
f 3828/3828/3276 3864/3864/3276 3829/3829/3276
f 3829/3829/3276 3864/3864/3276 3865/3865/3276
f 3829/3829/3865 3865/3865/3865 3830/3830/3865
f 3830/3830/3278 3865/3865/3278 3866/3866/3278
f 3830/3830/3866 3866/3866/3866 3831/3831/3866
f 3831/3831/3279 3866/3866/3279 3867/3867/3279
f 3831/3831/3867 3867/3867/3867 3832/3832/3867
f 3832/3832/3282 3867/3867/3282 3868/3868/3282
f 3832/3832/3283 3868/3868/3283 3833/3833/3283
f 3833/3833/3868 3868/3868/3868 3869/3869/3868
f 3833/3833/3285 3869/3869/3285 3834/3834/3285
f 3834/3834/3285 3869/3869/3285 3870/3870/3285
f 3834/3834/3869 3870/3870/3869 3835/3835/3869
f 3835/3835/3870 3870/3870/3870 3871/3871/3870
f 3835/3835/3871 3871/3871/3871 3836/3836/3871
f 3836/3836/3290 3871/3871/3290 3872/3872/3290
f 3836/3836/3291 3872/3872/3291 3837/3837/3291
f 3837/3837/3291 3872/3872/3291 3873/3873/3291
f 3837/3837/3292 3873/3873/3292 3802/3802/3292
f 3802/3802/3293 3873/3873/3293 3838/3838/3293
f 3838/3838/3872 3874/3874/3872 3839/3839/3872
f 3839/3839/3873 3874/3874/3873 3875/3875/3873
f 3839/3839/3874 3875/3875/3874 3840/3840/3874
f 3840/3840/3875 3875/3875/3875 3876/3876/3875
f 3840/3840/3876 3876/3876/3876 3841/3841/3876
f 3841/3841/3299 3876/3876/3299 3877/3877/3299
f 3841/3841/3877 3877/3877/3877 3842/3842/3877
f 3842/3842/3301 3877/3877/3301 3878/3878/3301
f 3842/3842/3302 3878/3878/3302 3843/3843/3302
f 3843/3843/3878 3878/3878/3878 3879/3879/3878
f 3843/3843/3304 3879/3879/3304 3844/3844/3304
f 3844/3844/3879 3879/3879/3879 3880/3880/3879
f 3844/3844/3880 3880/3880/3880 3845/3845/3880
f 3845/3845/3307 3880/3880/3307 3881/3881/3307
f 3845/3845/3308 3881/3881/3308 3846/3846/3308
f 3846/3846/3308 3881/3881/3308 3882/3882/3308
f 3846/3846/3309 3882/3882/3309 3847/3847/3309
f 3847/3847/3309 3882/3882/3309 3883/3883/3309
f 3847/3847/3881 3883/3883/3881 3848/3848/3881
f 3848/3848/3310 3883/3883/3310 3884/3884/3310
f 3848/3848/3882 3884/3884/3882 3849/3849/3882
f 3849/3849/3311 3884/3884/3311 3885/3885/3311
f 3849/3849/3883 3885/3885/3883 3850/3850/3883
f 3850/3850/3883 3885/3885/3883 3886/3886/3883
f 3850/3850/3884 3886/3886/3884 3851/3851/3884
f 3851/3851/3314 3886/3886/3314 3887/3887/3314
f 3851/3851/3885 3887/3887/3885 3852/3852/3885
f 3852/3852/3316 3887/3887/3316 3888/3888/3316
f 3852/3852/3318 3888/3888/3318 3853/3853/3318
f 3853/3853/3886 3888/3888/3886 3889/3889/3886
f 3853/3853/3887 3889/3889/3887 3854/3854/3887
f 3854/3854/3887 3889/3889/3887 3890/3890/3887
f 3854/3854/3322 3890/3890/3322 3855/3855/3322
f 3855/3855/3322 3890/3890/3322 3891/3891/3322
f 3855/3855/3888 3891/3891/3888 3856/3856/3888
f 3856/3856/3889 3891/3891/3889 3892/3892/3889
f 3856/3856/3890 3892/3892/3890 3857/3857/3890
f 3857/3857/3890 3892/3892/3890 3893/3893/3890
f 3857/3857/3326 3893/3893/3326 3858/3858/3326
f 3858/3858/3327 3893/3893/3327 3894/3894/3327
f 3858/3858/3328 3894/3894/3328 3859/3859/3328
f 3859/3859/3329 3894/3894/3329 3895/3895/3329
f 3859/3859/3330 3895/3895/3330 3860/3860/3330
f 3860/3860/3330 3895/3895/3330 3896/3896/3330
f 3860/3860/3891 3896/3896/3891 3861/3861/3891
f 3861/3861/3333 3896/3896/3333 3897/3897/3333
f 3861/3861/3334 3897/3897/3334 3862/3862/3334
f 3862/3862/3334 3897/3897/3334 3898/3898/3334
f 3862/3862/3335 3898/3898/3335 3863/3863/3335
f 3863/3863/3892 3898/3898/3892 3899/3899/3892
f 3863/3863/3337 3899/3899/3337 3864/3864/3337
f 3864/3864/3337 3899/3899/3337 3900/3900/3337
f 3864/3864/3338 3900/3900/3338 3865/3865/3338
f 3865/3865/3339 3900/3900/3339 3901/3901/3339
f 3865/3865/3893 3901/3901/3893 3866/3866/3893
f 3866/3866/3340 3901/3901/3340 3902/3902/3340
f 3866/3866/3894 3902/3902/3894 3867/3867/3894
f 3867/3867/3343 3902/3902/3343 3903/3903/3343
f 3867/3867/3344 3903/3903/3344 3868/3868/3344
f 3868/3868/3345 3903/3903/3345 3904/3904/3345
f 3868/3868/3346 3904/3904/3346 3869/3869/3346
f 3869/3869/3347 3904/3904/3347 3905/3905/3347
f 3869/3869/3895 3905/3905/3895 3870/3870/3895
f 3870/3870/3896 3905/3905/3896 3906/3906/3896
f 3870/3870/3897 3906/3906/3897 3871/3871/3897
f 3871/3871/3898 3906/3906/3898 3907/3907/3898
f 3871/3871/3899 3907/3907/3899 3872/3872/3899
f 3872/3872/3900 3907/3907/3900 3908/3908/3900
f 3872/3872/3901 3908/3908/3901 3873/3873/3901
f 3873/3873/3902 3908/3908/3902 3909/3909/3902
f 3873/3873/3903 3909/3909/3903 3838/3838/3903
f 3838/3838/3356 3909/3909/3356 3874/3874/3356
f 3874/3874/3904 3910/3910/3904 3875/3875/3904
f 3875/3875/3905 3910/3910/3905 3911/3911/3905
f 3875/3875/3906 3911/3911/3906 3876/3876/3906
f 3876/3876/3360 3911/3911/3360 3912/3912/3360
f 3876/3876/3907 3912/3912/3907 3877/3877/3907
f 3877/3877/3908 3912/3912/3908 3913/3913/3908
f 3877/3877/3909 3913/3913/3909 3878/3878/3909
f 3878/3878/3909 3913/3913/3909 3914/3914/3909
f 3878/3878/3366 3914/3914/3366 3879/3879/3366
f 3879/3879/3366 3914/3914/3366 3915/3915/3366
f 3879/3879/3910 3915/3915/3910 3880/3880/3910
f 3880/3880/3367 3915/3915/3367 3916/3916/3367
f 3880/3880/3368 3916/3916/3368 3881/3881/3368
f 3881/3881/3368 3916/3916/3368 3917/3917/3368
f 3881/3881/3369 3917/3917/3369 3882/3882/3369
f 3882/3882/3369 3917/3917/3369 3918/3918/3369
f 3882/3882/3911 3918/3918/3911 3883/3883/3911
f 3883/3883/3370 3918/3918/3370 3919/3919/3370
f 3883/3883/3371 3919/3919/3371 3884/3884/3371
f 3884/3884/3371 3919/3919/3371 3920/3920/3371
f 3884/3884/3372 3920/3920/3372 3885/3885/3372
f 3885/3885/3372 3920/3920/3372 3921/3921/3372
f 3885/3885/3373 3921/3921/3373 3886/3886/3373
f 3886/3886/3912 3921/3921/3912 3922/3922/3912
f 3886/3886/3913 3922/3922/3913 3887/3887/3913
f 3887/3887/3914 3922/3922/3914 3923/3923/3914
f 3887/3887/3915 3923/3923/3915 3888/3888/3915
f 3888/3888/3916 3923/3923/3916 3924/3924/3916
f 3888/3888/3917 3924/3924/3917 3889/3889/3917
f 3889/3889/3379 3924/3924/3379 3925/3925/3379
f 3889/3889/3918 3925/3925/3918 3890/3890/3918
f 3890/3890/3919 3925/3925/3919 3926/3926/3919
f 3890/3890/3920 3926/3926/3920 3891/3891/3920
f 3891/3891/3383 3926/3926/3383 3927/3927/3383
f 3891/3891/3384 3927/3927/3384 3892/3892/3384
f 3892/3892/3921 3927/3927/3921 3928/3928/3921
f 3892/3892/3922 3928/3928/3922 3893/3893/3922
f 3893/3893/3923 3928/3928/3923 3929/3929/3923
f 3893/3893/3388 3929/3929/3388 3894/3894/3388
f 3894/3894/3924 3929/3929/3924 3930/3930/3924
f 3894/3894/3925 3930/3930/3925 3895/3895/3925
f 3895/3895/3926 3930/3930/3926 3931/3931/3926
f 3895/3895/3927 3931/3931/3927 3896/3896/3927
f 3896/3896/3928 3931/3931/3928 3932/3932/3928
f 3896/3896/3929 3932/3932/3929 3897/3897/3929
f 3897/3897/3930 3932/3932/3930 3933/3933/3930
f 3897/3897/3931 3933/3933/3931 3898/3898/3931
f 3898/3898/3395 3933/3933/3395 3934/3934/3395
f 3898/3898/3396 3934/3934/3396 3899/3899/3396
f 3899/3899/3397 3934/3934/3397 3935/3935/3397
f 3899/3899/3398 3935/3935/3398 3900/3900/3398
f 3900/3900/3398 3935/3935/3398 3936/3936/3398
f 3900/3900/3399 3936/3936/3399 3901/3901/3399
f 3901/3901/3399 3936/3936/3399 3937/3937/3399
f 3901/3901/3400 3937/3937/3400 3902/3902/3400
f 3902/3902/3401 3937/3937/3401 3938/3938/3401
f 3902/3902/3402 3938/3938/3402 3903/3903/3402
f 3903/3903/3932 3938/3938/3932 3939/3939/3932
f 3903/3903/3404 3939/3939/3404 3904/3904/3404
f 3904/3904/3933 3939/3939/3933 3940/3940/3933
f 3904/3904/3934 3940/3940/3934 3905/3905/3934
f 3905/3905/3934 3940/3940/3934 3941/3941/3934
f 3905/3905/3935 3941/3941/3935 3906/3906/3935
f 3906/3906/3936 3941/3941/3936 3942/3942/3936
f 3906/3906/3409 3942/3942/3409 3907/3907/3409
f 3907/3907/3937 3942/3942/3937 3943/3943/3937
f 3907/3907/3938 3943/3943/3938 3908/3908/3938
f 3908/3908/3939 3943/3943/3939 3944/3944/3939
f 3908/3908/3940 3944/3944/3940 3909/3909/3940
f 3909/3909/3941 3944/3944/3941 3945/3945/3941
f 3909/3909/3415 3945/3945/3415 3874/3874/3415
f 3874/3874/3415 3945/3945/3415 3910/3910/3415
f 3910/3910/3942 3946/3946/3942 3911/3911/3942
f 3911/3911/3417 3946/3946/3417 3947/3947/3417
f 3911/3911/3943 3947/3947/3943 3912/3912/3943
f 3912/3912/3944 3947/3947/3944 3948/3948/3944
f 3912/3912/3945 3948/3948/3945 3913/3913/3945
f 3913/3913/3946 3948/3948/3946 3949/3949/3946
f 3913/3913/3947 3949/3949/3947 3914/3914/3947
f 3914/3914/3948 3949/3949/3948 3950/3950/3948
f 3914/3914/3949 3950/3950/3949 3915/3915/3949
f 3915/3915/3950 3950/3950/3950 3951/3951/3950
f 3915/3915/3427 3951/3951/3427 3916/3916/3427
f 3916/3916/3951 3951/3951/3951 3952/3952/3951
f 3916/3916/3429 3952/3952/3429 3917/3917/3429
f 3917/3917/3952 3952/3952/3952 3953/3953/3952
f 3917/3917/3431 3953/3953/3431 3918/3918/3431
f 3918/3918/3431 3953/3953/3431 3954/3954/3431
f 3918/3918/3433 3954/3954/3433 3919/3919/3433
f 3919/3919/3433 3954/3954/3433 3955/3955/3433
f 3919/3919/3434 3955/3955/3434 3920/3920/3434
f 3920/3920/3435 3955/3955/3435 3956/3956/3435
f 3920/3920/3953 3956/3956/3953 3921/3921/3953
f 3921/3921/3436 3956/3956/3436 3957/3957/3436
f 3921/3921/3438 3957/3957/3438 3922/3922/3438
f 3922/3922/3438 3957/3957/3438 3958/3958/3438
f 3922/3922/3954 3958/3958/3954 3923/3923/3954
f 3923/3923/3441 3958/3958/3441 3959/3959/3441
f 3923/3923/3955 3959/3959/3955 3924/3924/3955
f 3924/3924/3956 3959/3959/3956 3960/3960/3956
f 3924/3924/3957 3960/3960/3957 3925/3925/3957
f 3925/3925/3445 3960/3960/3445 3961/3961/3445
f 3925/3925/3958 3961/3961/3958 3926/3926/3958
f 3926/3926/3958 3961/3961/3958 3962/3962/3958
f 3926/3926/3959 3962/3962/3959 3927/3927/3959
f 3927/3927/3448 3962/3962/3448 3963/3963/3448
f 3927/3927/3960 3963/3963/3960 3928/3928/3960
f 3928/3928/3449 3963/3963/3449 3964/3964/3449
f 3928/3928/3961 3964/3964/3961 3929/3929/3961
f 3929/3929/3452 3964/3964/3452 3965/3965/3452
f 3929/3929/3453 3965/3965/3453 3930/3930/3453
f 3930/3930/3962 3965/3965/3962 3966/3966/3962
f 3930/3930/3963 3966/3966/3963 3931/3931/3963
f 3931/3931/3456 3966/3966/3456 3967/3967/3456
f 3931/3931/3457 3967/3967/3457 3932/3932/3457
f 3932/3932/3964 3967/3967/3964 3968/3968/3964
f 3932/3932/3965 3968/3968/3965 3933/3933/3965
f 3933/3933/3460 3968/3968/3460 3969/3969/3460
f 3933/3933/3461 3969/3969/3461 3934/3934/3461
f 3934/3934/3966 3969/3969/3966 3970/3970/3966
f 3934/3934/3463 3970/3970/3463 3935/3935/3463
f 3935/3935/3967 3970/3970/3967 3971/3971/3967
f 3935/3935/3466 3971/3971/3466 3936/3936/3466
f 3936/3936/3466 3971/3971/3466 3972/3972/3466
f 3936/3936/3467 3972/3972/3467 3937/3937/3467
f 3937/3937/3467 3972/3972/3467 3973/3973/3467
f 3937/3937/3468 3973/3973/3468 3938/3938/3468
f 3938/3938/3968 3973/3973/3968 3974/3974/3968
f 3938/3938/3470 3974/3974/3470 3939/3939/3470
f 3939/3939/3969 3974/3974/3969 3975/3975/3969
f 3939/3939/3970 3975/3975/3970 3940/3940/3970
f 3940/3940/3970 3975/3975/3970 3976/3976/3970
f 3940/3940/3971 3976/3976/3971 3941/3941/3971
f 3941/3941/3972 3976/3976/3972 3977/3977/3972
f 3941/3941/3973 3977/3977/3973 3942/3942/3973
f 3942/3942/3974 3977/3977/3974 3978/3978/3974
f 3942/3942/3975 3978/3978/3975 3943/3943/3975
f 3943/3943/3976 3978/3978/3976 3979/3979/3976
f 3943/3943/3977 3979/3979/3977 3944/3944/3977
f 3944/3944/3978 3979/3979/3978 3980/3980/3978
f 3944/3944/3979 3980/3980/3979 3945/3945/3979
f 3945/3945/3979 3980/3980/3979 3981/3981/3979
f 3945/3945/3484 3981/3981/3484 3910/3910/3484
f 3910/3910/3980 3981/3981/3980 3946/3946/3980
f 3946/3946/3981 3982/3982/3981 3947/3947/3981
f 3947/3947/3486 3982/3982/3486 3983/3983/3486
f 3947/3947/3487 3983/3983/3487 3948/3948/3487
f 3948/3948/3982 3983/3983/3982 3984/3984/3982
f 3948/3948/3489 3984/3984/3489 3949/3949/3489
f 3949/3949/3490 3984/3984/3490 3985/3985/3490
f 3949/3949/3491 3985/3985/3491 3950/3950/3491
f 3950/3950/3983 3985/3985/3983 3986/3986/3983
f 3950/3950/3493 3986/3986/3493 3951/3951/3493
f 3951/3951/3494 3986/3986/3494 3987/3987/3494
f 3951/3951/3496 3987/3987/3496 3952/3952/3496
f 3952/3952/3984 3987/3987/3984 3988/3988/3984
f 3952/3952/3985 3988/3988/3985 3953/3953/3985
f 3953/3953/3498 3988/3988/3498 3989/3989/3498
f 3953/3953/3499 3989/3989/3499 3954/3954/3499
f 3954/3954/3500 3989/3989/3500 3990/3990/3500
f 3954/3954/3501 3990/3990/3501 3955/3955/3501
f 3955/3955/3501 3990/3990/3501 3991/3991/3501
f 3955/3955/3986 3991/3991/3986 3956/3956/3986
f 3956/3956/3987 3991/3991/3987 3992/3992/3987
f 3956/3956/3988 3992/3992/3988 3957/3957/3988
f 3957/3957/3989 3992/3992/3989 3993/3993/3989
f 3957/3957/3990 3993/3993/3990 3958/3958/3990
f 3958/3958/3507 3993/3993/3507 3994/3994/3507
f 3958/3958/3991 3994/3994/3991 3959/3959/3991
f 3959/3959/3991 3994/3994/3991 3995/3995/3991
f 3959/3959/3992 3995/3995/3992 3960/3960/3992
f 3960/3960/3992 3995/3995/3992 3996/3996/3992
f 3960/3960/3512 3996/3996/3512 3961/3961/3512
f 3961/3961/3512 3996/3996/3512 3997/3997/3512
f 3961/3961/3514 3997/3997/3514 3962/3962/3514
f 3962/3962/3993 3997/3997/3993 3998/3998/3993
f 3962/3962/3994 3998/3998/3994 3963/3963/3994
f 3963/3963/3516 3998/3998/3516 3999/3999/3516
f 3963/3963/3518 3999/3999/3518 3964/3964/3518
f 3964/3964/3995 3999/3999/3995 4000/4000/3995
f 3964/3964/3996 4000/4000/3996 3965/3965/3996
f 3965/3965/3521 4000/4000/3521 4001/4001/3521
f 3965/3965/3523 4001/4001/3523 3966/3966/3523
f 3966/3966/3997 4001/4001/3997 4002/4002/3997
f 3966/3966/3524 4002/4002/3524 3967/3967/3524
f 3967/3967/3998 4002/4002/3998 4003/4003/3998
f 3967/3967/3999 4003/4003/3999 3968/3968/3999
f 3968/3968/3527 4003/4003/3527 4004/4004/3527
f 3968/3968/3528 4004/4004/3528 3969/3969/3528
f 3969/3969/4000 4004/4004/4000 4005/4005/4000
f 3969/3969/4001 4005/4005/4001 3970/3970/4001
f 3970/3970/4002 4005/4005/4002 4006/4006/4002
f 3970/3970/4003 4006/4006/4003 3971/3971/4003
f 3971/3971/3533 4006/4006/3533 4007/4007/3533
f 3971/3971/4004 4007/4007/4004 3972/3972/4004
f 3972/3972/3534 4007/4007/3534 4008/4008/3534
f 3972/3972/3535 4008/4008/3535 3973/3973/3535
f 3973/3973/3535 4008/4008/3535 4009/4009/3535
f 3973/3973/3537 4009/4009/3537 3974/3974/3537
f 3974/3974/4005 4009/4009/4005 4010/4010/4005
f 3974/3974/4006 4010/4010/4006 3975/3975/4006
f 3975/3975/3540 4010/4010/3540 4011/4011/3540
f 3975/3975/4007 4011/4011/4007 3976/3976/4007
f 3976/3976/3542 4011/4011/3542 4012/4012/3542
f 3976/3976/3543 4012/4012/3543 3977/3977/3543
f 3977/3977/4008 4012/4012/4008 4013/4013/4008
f 3977/3977/3545 4013/4013/3545 3978/3978/3545
f 3978/3978/4009 4013/4013/4009 4014/4014/4009
f 3978/3978/4010 4014/4014/4010 3979/3979/4010
f 3979/3979/3547 4014/4014/3547 4015/4015/3547
f 3979/3979/4011 4015/4015/4011 3980/3980/4011
f 3980/3980/4012 4015/4015/4012 4016/4016/4012
f 3980/3980/4013 4016/4016/4013 3981/3981/4013
f 3981/3981/3552 4016/4016/3552 4017/4017/3552
f 3981/3981/3553 4017/4017/3553 3946/3946/3553
f 3946/3946/4014 4017/4017/4014 3982/3982/4014
f 3982/3982/4015 4018/4018/4015 3983/3983/4015
f 3983/3983/4016 4018/4018/4016 4019/4019/4016
f 3983/3983/4017 4019/4019/4017 3984/3984/4017
f 3984/3984/3558 4019/4019/3558 4020/4020/3558
f 3984/3984/3559 4020/4020/3559 3985/3985/3559
f 3985/3985/3560 4020/4020/3560 4021/4021/3560
f 3985/3985/3561 4021/4021/3561 3986/3986/3561
f 3986/3986/4018 4021/4021/4018 4022/4022/4018
f 3986/3986/4019 4022/4022/4019 3987/3987/4019
f 3987/3987/3563 4022/4022/3563 4023/4023/3563
f 3987/3987/3564 4023/4023/3564 3988/3988/3564
f 3988/3988/3565 4023/4023/3565 4024/4024/3565
f 3988/3988/3566 4024/4024/3566 3989/3989/3566
f 3989/3989/3566 4024/4024/3566 4025/4025/3566
f 3989/3989/3567 4025/4025/3567 3990/3990/3567
f 3990/3990/3567 4025/4025/3567 4026/4026/3567
f 3990/3990/3568 4026/4026/3568 3991/3991/3568
f 3991/3991/3568 4026/4026/3568 4027/4027/3568
f 3991/3991/3569 4027/4027/3569 3992/3992/3569
f 3992/3992/3569 4027/4027/3569 4028/4028/3569
f 3992/3992/3570 4028/4028/3570 3993/3993/3570
f 3993/3993/3570 4028/4028/3570 4029/4029/3570
f 3993/3993/4020 4029/4029/4020 3994/3994/4020
f 3994/3994/3572 4029/4029/3572 4030/4030/3572
f 3994/3994/3573 4030/4030/3573 3995/3995/3573
f 3995/3995/3574 4030/4030/3574 4031/4031/3574
f 3995/3995/3575 4031/4031/3575 3996/3996/3575
f 3996/3996/4021 4031/4031/4021 4032/4032/4021
f 3996/3996/3577 4032/4032/3577 3997/3997/3577
f 3997/3997/3578 4032/4032/3578 4033/4033/3578
f 3997/3997/3579 4033/4033/3579 3998/3998/3579
f 3998/3998/4022 4033/4033/4022 4034/4034/4022
f 3998/3998/3581 4034/4034/3581 3999/3999/3581
f 3999/3999/3581 4034/4034/3581 4035/4035/3581
f 3999/3999/3582 4035/4035/3582 4000/4000/3582
f 4000/4000/3582 4035/4035/3582 4036/4036/3582
f 4000/4000/4023 4036/4036/4023 4001/4001/4023
f 4001/4001/3585 4036/4036/3585 4037/4037/3585
f 4001/4001/3586 4037/4037/3586 4002/4002/3586
f 4002/4002/3587 4037/4037/3587 4038/4038/3587
f 4002/4002/3588 4038/4038/3588 4003/4003/3588
f 4003/4003/3589 4038/4038/3589 4039/4039/3589
f 4003/4003/3590 4039/4039/3590 4004/4004/3590
f 4004/4004/3591 4039/4039/3591 4040/4040/3591
f 4004/4004/4024 4040/4040/4024 4005/4005/4024
f 4005/4005/3592 4040/4040/3592 4041/4041/3592
f 4005/4005/3593 4041/4041/3593 4006/4006/3593
f 4006/4006/3594 4041/4041/3594 4042/4042/3594
f 4006/4006/3595 4042/4042/3595 4007/4007/3595
f 4007/4007/3595 4042/4042/3595 4043/4043/3595
f 4007/4007/3597 4043/4043/3597 4008/4008/3597
f 4008/4008/3597 4043/4043/3597 4044/4044/3597
f 4008/4008/3598 4044/4044/3598 4009/4009/3598
f 4009/4009/3598 4044/4044/3598 4045/4045/3598
f 4009/4009/3599 4045/4045/3599 4010/4010/3599
f 4010/4010/3600 4045/4045/3600 4046/4046/3600
f 4010/4010/3601 4046/4046/3601 4011/4011/3601
f 4011/4011/3601 4046/4046/3601 4047/4047/3601
f 4011/4011/3602 4047/4047/3602 4012/4012/3602
f 4012/4012/4025 4047/4047/4025 4048/4048/4025
f 4012/4012/3603 4048/4048/3603 4013/4013/3603
f 4013/4013/3604 4048/4048/3604 4049/4049/3604
f 4013/4013/3605 4049/4049/3605 4014/4014/3605
f 4014/4014/3606 4049/4049/3606 4050/4050/3606
f 4014/4014/3607 4050/4050/3607 4015/4015/3607
f 4015/4015/3608 4050/4050/3608 4051/4051/3608
f 4015/4015/3609 4051/4051/3609 4016/4016/3609
f 4016/4016/3609 4051/4051/3609 4052/4052/3609
f 4016/4016/4026 4052/4052/4026 4017/4017/4026
f 4017/4017/3611 4052/4052/3611 4053/4053/3611
f 4017/4017/3612 4053/4053/3612 3982/3982/3612
f 3982/3982/4027 4053/4053/4027 4018/4018/4027
f 4018/4018/4028 4054/4054/4028 4019/4019/4028
f 4019/4019/3613 4054/4054/3613 4055/4055/3613
f 4019/4019/4029 4055/4055/4029 4020/4020/4029
f 4020/4020/4030 4055/4055/4030 4056/4056/4030
f 4020/4020/3617 4056/4056/3617 4021/4021/3617
f 4021/4021/4031 4056/4056/4031 4057/4057/4031
f 4021/4021/4032 4057/4057/4032 4022/4022/4032
f 4022/4022/4032 4057/4057/4032 4058/4058/4032
f 4022/4022/4033 4058/4058/4033 4023/4023/4033
f 4023/4023/3619 4058/4058/3619 4059/4059/3619
f 4023/4023/3620 4059/4059/3620 4024/4024/3620
f 4024/4024/4034 4059/4059/4034 4060/4060/4034
f 4024/4024/4035 4060/4060/4035 4025/4025/4035
f 4025/4025/3622 4060/4060/3622 4061/4061/3622
f 4025/4025/3623 4061/4061/3623 4026/4026/3623
f 4026/4026/3623 4061/4061/3623 4062/4062/3623
f 4026/4026/3624 4062/4062/3624 4027/4027/3624
f 4027/4027/3624 4062/4062/3624 4063/4063/3624
f 4027/4027/4036 4063/4063/4036 4028/4028/4036
f 4028/4028/4037 4063/4063/4037 4064/4064/4037
f 4028/4028/4038 4064/4064/4038 4029/4029/4038
f 4029/4029/3626 4064/4064/3626 4065/4065/3626
f 4029/4029/4039 4065/4065/4039 4030/4030/4039
f 4030/4030/3628 4065/4065/3628 4066/4066/3628
f 4030/4030/3629 4066/4066/3629 4031/4031/3629
f 4031/4031/3630 4066/4066/3630 4067/4067/3630
f 4031/4031/3631 4067/4067/3631 4032/4032/3631
f 4032/4032/4040 4067/4067/4040 4068/4068/4040
f 4032/4032/4041 4068/4068/4041 4033/4033/4041
f 4033/4033/3633 4068/4068/3633 4069/4069/3633
f 4033/4033/3634 4069/4069/3634 4034/4034/3634
f 4034/4034/4042 4069/4069/4042 4070/4070/4042
f 4034/4034/4043 4070/4070/4043 4035/4035/4043
f 4035/4035/4044 4070/4070/4044 4071/4071/4044
f 4035/4035/4045 4071/4071/4045 4036/4036/4045
f 4036/4036/4046 4071/4071/4046 4072/4072/4046
f 4036/4036/4047 4072/4072/4047 4037/4037/4047
f 4037/4037/3641 4072/4072/3641 4073/4073/3641
f 4037/4037/3642 4073/4073/3642 4038/4038/3642
f 4038/4038/4048 4073/4073/4048 4074/4074/4048
f 4038/4038/3644 4074/4074/3644 4039/4039/3644
f 4039/4039/4049 4074/4074/4049 4075/4075/4049
f 4039/4039/4050 4075/4075/4050 4040/4040/4050
f 4040/4040/4051 4075/4075/4051 4076/4076/4051
f 4040/4040/3647 4076/4076/3647 4041/4041/3647
f 4041/4041/3647 4076/4076/3647 4077/4077/3647
f 4041/4041/3650 4077/4077/3650 4042/4042/3650
f 4042/4042/4052 4077/4077/4052 4078/4078/4052
f 4042/4042/4053 4078/4078/4053 4043/4043/4053
f 4043/4043/4053 4078/4078/4053 4079/4079/4053
f 4043/4043/3652 4079/4079/3652 4044/4044/3652
f 4044/4044/3652 4079/4079/3652 4080/4080/3652
f 4044/4044/3653 4080/4080/3653 4045/4045/3653
f 4045/4045/3654 4080/4080/3654 4081/4081/3654
f 4045/4045/3655 4081/4081/3655 4046/4046/3655
f 4046/4046/4054 4081/4081/4054 4082/4082/4054
f 4046/4046/4055 4082/4082/4055 4047/4047/4055
f 4047/4047/3658 4082/4082/3658 4083/4083/3658
f 4047/4047/3659 4083/4083/3659 4048/4048/3659
f 4048/4048/4056 4083/4083/4056 4084/4084/4056
f 4048/4048/4057 4084/4084/4057 4049/4049/4057
f 4049/4049/4058 4084/4084/4058 4085/4085/4058
f 4049/4049/4059 4085/4085/4059 4050/4050/4059
f 4050/4050/4060 4085/4085/4060 4086/4086/4060
f 4050/4050/4061 4086/4086/4061 4051/4051/4061
f 4051/4051/4062 4086/4086/4062 4087/4087/4062
f 4051/4051/4063 4087/4087/4063 4052/4052/4063
f 4052/4052/3666 4087/4087/3666 3794/3794/3666
f 4052/4052/4064 3794/3794/4064 4053/4053/4064
f 4053/4053/4065 3794/3794/4065 3793/3793/4065
f 4053/4053/4066 3793/3793/4066 4018/4018/4066
f 4018/4018/4067 3793/3793/4067 4054/4054/4067
f 3216/3216/4068 3215/3215/4068 3793/3793/4068
f 3793/3793/4069 3215/3215/4069 3214/3214/4069
f 3793/3793/4070 3214/3214/4070 4054/4054/4070
f 4054/4054/4071 3214/3214/4071 3791/3791/4071
f 4054/4054/3706 3791/3791/3706 4055/4055/3706
f 4055/4055/3706 3791/3791/3706 3792/3792/3706
f 4055/4055/3708 3792/3792/3708 4056/4056/3708
f 4056/4056/3709 3792/3792/3709 4088/4088/3709
f 4056/4056/3710 4088/4088/3710 4057/4057/3710
f 4057/4057/4072 4088/4088/4072 4089/4089/4072
f 4057/4057/4073 4089/4089/4073 4058/4058/4073
f 4058/4058/4074 4089/4089/4074 4090/4090/4074
f 4058/4058/3714 4090/4090/3714 4059/4059/3714
f 4059/4059/3715 4090/4090/3715 4091/4091/3715
f 4059/4059/3716 4091/4091/3716 4060/4060/3716
f 4060/4060/4075 4091/4091/4075 4092/4092/4075
f 4060/4060/3717 4092/4092/3717 4061/4061/3717
f 4061/4061/4076 4092/4092/4076 4093/4093/4076
f 4061/4061/3718 4093/4093/3718 4062/4062/3718
f 4062/4062/3718 4093/4093/3718 4094/4094/3718
f 4062/4062/3719 4094/4094/3719 4063/4063/3719
f 4063/4063/4077 4094/4094/4077 4095/4095/4077
f 4063/4063/4078 4095/4095/4078 4064/4064/4078
f 4064/4064/4078 4095/4095/4078 4096/4096/4078
f 4064/4064/3722 4096/4096/3722 4065/4065/3722
f 4065/4065/3722 4096/4096/3722 4097/4097/3722
f 4065/4065/3723 4097/4097/3723 4066/4066/3723
f 4066/4066/3724 4097/4097/3724 4098/4098/3724
f 4066/4066/3725 4098/4098/3725 4067/4067/3725
f 4067/4067/4079 4098/4098/4079 4099/4099/4079
f 4067/4067/4080 4099/4099/4080 4068/4068/4080
f 4068/4068/3727 4099/4099/3727 4100/4100/3727
f 4068/4068/3728 4100/4100/3728 4069/4069/3728
f 4069/4069/3729 4100/4100/3729 3801/3801/3729
f 4069/4069/3731 3801/3801/3731 4070/4070/3731
f 4070/4070/4081 3801/3801/4081 3800/3800/4081
f 4070/4070/4082 3800/3800/4082 4071/4071/4082
f 4071/4071/4083 3800/3800/4083 3799/3799/4083
f 4071/4071/4084 3799/3799/4084 4072/4072/4084
f 4072/4072/4085 3799/3799/4085 3798/3798/4085
f 4072/4072/4086 3798/3798/4086 4073/4073/4086
f 4073/4073/4087 3798/3798/4087 3797/3797/4087
f 4073/4073/3678 3797/3797/3678 4074/4074/3678
f 4074/4074/3679 3797/3797/3679 4101/4101/3679
f 4074/4074/3680 4101/4101/3680 4075/4075/3680
f 4075/4075/4088 4101/4101/4088 4102/4102/4088
f 4075/4075/4089 4102/4102/4089 4076/4076/4089
f 4076/4076/3682 4102/4102/3682 4103/4103/3682
f 4076/4076/3683 4103/4103/3683 4077/4077/3683
f 4077/4077/3683 4103/4103/3683 4104/4104/3683
f 4077/4077/3684 4104/4104/3684 4078/4078/3684
f 4078/4078/3684 4104/4104/3684 4105/4105/3684
f 4078/4078/4090 4105/4105/4090 4079/4079/4090
f 4079/4079/4090 4105/4105/4090 4106/4106/4090
f 4079/4079/3688 4106/4106/3688 4080/4080/3688
f 4080/4080/3688 4106/4106/3688 4107/4107/3688
f 4080/4080/3690 4107/4107/3690 4081/4081/3690
f 4081/4081/3690 4107/4107/3690 4108/4108/3690
f 4081/4081/4091 4108/4108/4091 4082/4082/4091
f 4082/4082/4091 4108/4108/4091 4109/4109/4091
f 4082/4082/4092 4109/4109/4092 4083/4083/4092
f 4083/4083/3692 4109/4109/3692 4110/4110/3692
f 4083/4083/3693 4110/4110/3693 4084/4084/3693
f 4084/4084/3693 4110/4110/3693 4111/4111/3693
f 4084/4084/4093 4111/4111/4093 4085/4085/4093
f 4085/4085/4093 4111/4111/4093 4112/4112/4093
f 4085/4085/3697 4112/4112/3697 4086/4086/3697
f 4086/4086/3697 4112/4112/3697 4113/4113/3697
f 4086/4086/3698 4113/4113/3698 4087/4087/3698
f 4087/4087/3699 4113/4113/3699 3796/3796/3699
f 4087/4087/3701 3796/3796/3701 3794/3794/3701
f 3794/3794/3701 3796/3796/3701 3795/3795/3701
f 3794/3794/4094 3795/3795/4094 3210/3210/4094
f 3210/3210/4095 3795/3795/4095 3211/3211/4095
f 3477/3477/3796 156/156/3796 3797/3797/3796
f 3797/3797/3735 156/156/3735 155/155/3735
f 3797/3797/4096 155/155/4096 4101/4101/4096
f 4101/4101/3736 155/155/3736 153/153/3736
f 4101/4101/3737 153/153/3737 4102/4102/3737
f 4102/4102/3738 153/153/3738 139/139/3738
f 4102/4102/3739 139/139/3739 4103/4103/3739
f 4103/4103/3739 139/139/3739 151/151/3739
f 4103/4103/3740 151/151/3740 4104/4104/3740
f 4104/4104/3741 151/151/3741 150/150/3741
f 4104/4104/3742 150/150/3742 4105/4105/3742
f 4105/4105/3743 150/150/3743 149/149/3743
f 4105/4105/3744 149/149/3744 4106/4106/3744
f 4106/4106/3745 149/149/3745 143/143/3745
f 4106/4106/3746 143/143/3746 4107/4107/3746
f 4107/4107/3746 143/143/3746 142/142/3746
f 4107/4107/3747 142/142/3747 4108/4108/3747
f 4108/4108/3747 142/142/3747 138/138/3747
f 4108/4108/3748 138/138/3748 4109/4109/3748
f 4109/4109/3749 138/138/3749 137/137/3749
f 4109/4109/3750 137/137/3750 4110/4110/3750
f 4110/4110/3750 137/137/3750 136/136/3750
f 4110/4110/3751 136/136/3751 4111/4111/3751
f 4111/4111/3752 136/136/3752 134/134/3752
f 4111/4111/3753 134/134/3753 4112/4112/3753
f 4112/4112/3753 134/134/3753 133/133/3753
f 4112/4112/3754 133/133/3754 4113/4113/3754
f 4113/4113/3755 133/133/3755 124/124/3755
f 4113/4113/3756 124/124/3756 3796/3796/3756
f 3796/3796/3756 124/124/3756 126/126/3756
f 3796/3796/3757 126/126/3757 127/127/3757
f 3212/3212/4097 3213/3213/4097 3792/3792/4097
f 3792/3792/3758 3213/3213/3758 3261/3261/3758
f 3792/3792/3759 3261/3261/3759 4088/4088/3759
f 4088/4088/3759 3261/3261/3759 3260/3260/3759
f 4088/4088/3760 3260/3260/3760 4089/4089/3760
f 4089/4089/3761 3260/3260/3761 3259/3259/3761
f 4089/4089/3762 3259/3259/3762 4090/4090/3762
f 4090/4090/3762 3259/3259/3762 3271/3271/3762
f 4090/4090/4098 3271/3271/4098 4091/4091/4098
f 4091/4091/3763 3271/3271/3763 3270/3270/3763
f 4091/4091/3764 3270/3270/3764 4092/4092/3764
f 4092/4092/3765 3270/3270/3765 3269/3269/3765
f 4092/4092/3766 3269/3269/3766 4093/4093/3766
f 4093/4093/3767 3269/3269/3767 3268/3268/3767
f 4093/4093/3768 3268/3268/3768 4094/4094/3768
f 4094/4094/3769 3268/3268/3769 3280/3280/3769
f 4094/4094/3770 3280/3280/3770 4095/4095/3770
f 4095/4095/3771 3280/3280/3771 3279/3279/3771
f 4095/4095/3772 3279/3279/3772 4096/4096/3772
f 4096/4096/3773 3279/3279/3773 3278/3278/3773
f 4096/4096/3774 3278/3278/3774 4097/4097/3774
f 4097/4097/3774 3278/3278/3774 3277/3277/3774
f 4097/4097/4099 3277/3277/4099 4098/4098/4099
f 4098/4098/3775 3277/3277/3775 3275/3275/3775
f 4098/4098/3776 3275/3275/3776 4099/4099/3776
f 4099/4099/3777 3275/3275/3777 3273/3273/3777
f 4099/4099/3778 3273/3273/3778 4100/4100/3778
f 4100/4100/3779 3273/3273/3779 3272/3272/3779
f 4100/4100/3780 3272/3272/3780 3801/3801/3780
f 3801/3801/3780 3272/3272/3780 3281/3281/3780
f 3801/3801/3781 3281/3281/3781 3283/3283/3781
f 4114/4114/4100 4115/4115/4100 4116/4116/4100
f 4116/4116/4100 4115/4115/4100 4117/4117/4100
f 4116/4116/9 4117/4117/9 4118/4118/9
f 4118/4118/9 4117/4117/9 4119/4119/9
f 4118/4118/4101 4119/4119/4101 4120/4120/4101
f 4120/4120/4101 4119/4119/4101 4121/4121/4101
f 4122/4122/5 4120/4120/5 4123/4123/5
f 4123/4123/5 4120/4120/5 4121/4121/5
f 4124/4124/5 4125/4125/5 4126/4126/5
f 4126/4126/5 4125/4125/5 2/2/5
f 4126/4126/5 2/2/5 1/1/5
f 4122/4122/5 4127/4127/5 4120/4120/5
f 4120/4120/5 4127/4127/5 4128/4128/5
f 4120/4120/5 4128/4128/5 4126/4126/5
f 4126/4126/4102 4128/4128/4102 4129/4129/4102
f 4126/4126/5 4129/4129/5 4124/4124/5
f 4126/4126/4103 1/1/4103 4130/4130/4103
f 4130/4130/4103 1/1/4103 9/9/4103
f 4130/4130/1138 9/9/1138 4131/4131/1138
f 4131/4131/1138 9/9/1138 25/25/1138
f 4131/4131/4104 25/25/4104 4132/4132/4104
f 4132/4132/4104 25/25/4104 11/11/4104
f 4133/4133/1530 4132/4132/1530 10/10/1530
f 10/10/4 4132/4132/4 11/11/4
f 4134/4134/4 4135/4135/4 4114/4114/4
f 4114/4114/4 4135/4135/4 4136/4136/4
f 4114/4114/4 4136/4136/4 4115/4115/4
f 4133/4133/4 4137/4137/4 4132/4132/4
f 4132/4132/4 4137/4137/4 4138/4138/4
f 4132/4132/4 4138/4138/4 4114/4114/4
f 4114/4114/1627 4138/4138/1627 4139/4139/1627
f 4114/4114/4 4139/4139/4 4134/4134/4
f 4140/4140/1172 4141/4141/1172 4142/4142/1172
f 4142/4142/1173 4141/4141/1173 4143/4143/1173
f 4142/4142/1174 4143/4143/1174 4144/4144/1174
f 4144/4144/2543 4143/4143/2543 4145/4145/2543
f 4144/4144/2543 4145/4145/2543 4146/4146/2543
f 4146/4146/3076 4145/4145/3076 4147/4147/3076
f 4146/4146/3076 4147/4147/3076 4148/4148/3076
f 4148/4148/1180 4147/4147/1180 4149/4149/1180
f 4148/4148/1180 4149/4149/1180 4150/4150/1180
f 4150/4150/1164 4149/4149/1164 4151/4151/1164
f 4150/4150/1164 4151/4151/1164 4152/4152/1164
f 4152/4152/1228 4151/4151/1228 4153/4153/1228
f 4152/4152/1182 4153/4153/1182 4154/4154/1182
f 4154/4154/1229 4153/4153/1229 4155/4155/1229
f 4154/4154/1229 4155/4155/1229 4156/4156/1229
f 4156/4156/1185 4155/4155/1185 4157/4157/1185
f 4156/4156/1185 4157/4157/1185 4158/4158/1185
f 4158/4158/1186 4157/4157/1186 4159/4159/1186
f 4158/4158/1186 4159/4159/1186 4160/4160/1186
f 4160/4160/1187 4159/4159/1187 4161/4161/1187
f 4160/4160/1187 4161/4161/1187 4162/4162/1187
f 4162/4162/1188 4161/4161/1188 4163/4163/1188
f 4162/4162/1188 4163/4163/1188 4164/4164/1188
f 4164/4164/1189 4163/4163/1189 4165/4165/1189
f 4164/4164/1189 4165/4165/1189 4166/4166/1189
f 4166/4166/1232 4165/4165/1232 4167/4167/1232
f 4166/4166/2546 4167/4167/2546 4168/4168/2546
f 4168/4168/1160 4167/4167/1160 4169/4169/1160
f 4168/4168/1160 4169/4169/1160 4170/4170/1160
f 4170/4170/2547 4169/4169/2547 4171/4171/2547
f 4170/4170/2547 4171/4171/2547 4172/4172/2547
f 4172/4172/1195 4171/4171/1195 4173/4173/1195
f 4172/4172/1195 4173/4173/1195 4174/4174/1195
f 4174/4174/2548 4173/4173/2548 4175/4175/2548
f 4174/4174/2548 4175/4175/2548 4176/4176/2548
f 4176/4176/1197 4175/4175/1197 4177/4177/1197
f 4176/4176/1197 4177/4177/1197 4178/4178/1197
f 4178/4178/1200 4177/4177/1200 4179/4179/1200
f 4178/4178/1200 4179/4179/1200 4180/4180/1200
f 4180/4180/2549 4179/4179/2549 4181/4181/2549
f 4180/4180/2549 4181/4181/2549 4182/4182/2549
f 4182/4182/1202 4181/4181/1202 4183/4183/1202
f 4182/4182/1202 4183/4183/1202 4184/4184/1202
f 4184/4184/2550 4183/4183/2550 4185/4185/2550
f 4184/4184/2550 4185/4185/2550 4186/4186/2550
f 4186/4186/1162 4185/4185/1162 4187/4187/1162
f 4186/4186/1162 4187/4187/1162 4188/4188/1162
f 4188/4188/1241 4187/4187/1241 4189/4189/1241
f 4188/4188/1241 4189/4189/1241 4190/4190/1241
f 4190/4190/1208 4189/4189/1208 4191/4191/1208
f 4190/4190/1208 4191/4191/1208 4192/4192/1208
f 4192/4192/1209 4191/4191/1209 4193/4193/1209
f 4192/4192/1209 4193/4193/1209 4194/4194/1209
f 4194/4194/1210 4193/4193/1210 4195/4195/1210
f 4194/4194/1210 4195/4195/1210 4196/4196/1210
f 4196/4196/1211 4195/4195/1211 4197/4197/1211
f 4196/4196/1211 4197/4197/1211 4198/4198/1211
f 4198/4198/1212 4197/4197/1212 4199/4199/1212
f 4198/4198/1212 4199/4199/1212 4200/4200/1212
f 4200/4200/1244 4199/4199/1244 4201/4201/1244
f 4200/4200/1244 4201/4201/1244 4202/4202/1244
f 4202/4202/1215 4201/4201/1215 4203/4203/1215
f 4202/4202/1215 4203/4203/1215 4204/4204/1215
f 4204/4204/1163 4203/4203/1163 4205/4205/1163
f 4204/4204/1163 4205/4205/1163 4206/4206/1163
f 4206/4206/1217 4205/4205/1217 4207/4207/1217
f 4206/4206/1217 4207/4207/1217 4208/4208/1217
f 4208/4208/3077 4207/4207/3077 4209/4209/3077
f 4208/4208/3077 4209/4209/3077 4210/4210/3077
f 4210/4210/2555 4209/4209/2555 4211/4211/2555
f 4210/4210/2555 4211/4211/2555 4140/4140/2555
f 4140/4140/1172 4211/4211/1172 4141/4141/1172
f 4212/4212/1223 109/109/1223 4213/4213/1223
f 4213/4213/1174 109/109/1174 108/108/1174
f 4213/4213/1174 108/108/1174 4214/4214/1174
f 4214/4214/2543 108/108/2543 106/106/2543
f 4214/4214/2543 106/106/2543 4215/4215/2543
f 4215/4215/1178 106/106/1178 104/104/1178
f 4215/4215/1178 104/104/1178 4216/4216/1178
f 4216/4216/1227 104/104/1227 102/102/1227
f 4216/4216/1227 102/102/1227 4217/4217/1227
f 4217/4217/1164 102/102/1164 100/100/1164
f 4217/4217/1164 100/100/1164 4218/4218/1164
f 4218/4218/1228 100/100/1228 98/98/1228
f 4218/4218/1228 98/98/1228 4219/4219/1228
f 4219/4219/1229 98/98/1229 96/96/1229
f 4219/4219/1229 96/96/1229 4220/4220/1229
f 4220/4220/1185 96/96/1185 94/94/1185
f 4220/4220/1185 94/94/1185 4221/4221/1185
f 4221/4221/1186 94/94/1186 92/92/1186
f 4221/4221/1186 92/92/1186 4222/4222/1186
f 4222/4222/1187 92/92/1187 90/90/1187
f 4222/4222/1187 90/90/1187 4223/4223/1187
f 4223/4223/1188 90/90/1188 88/88/1188
f 4223/4223/1188 88/88/1188 4224/4224/1188
f 4224/4224/1189 88/88/1189 86/86/1189
f 4224/4224/1189 86/86/1189 4225/4225/1189
f 4225/4225/2546 86/86/2546 84/84/2546
f 4225/4225/1232 84/84/1232 4226/4226/1232
f 4226/4226/1160 84/84/1160 82/82/1160
f 4226/4226/1160 82/82/1160 4227/4227/1160
f 4227/4227/1193 82/82/1193 80/80/1193
f 4227/4227/1193 80/80/1193 4228/4228/1193
f 4228/4228/1195 80/80/1195 78/78/1195
f 4228/4228/1195 78/78/1195 4229/4229/1195
f 4229/4229/1196 78/78/1196 76/76/1196
f 4229/4229/1196 76/76/1196 4230/4230/1196
f 4230/4230/1197 76/76/1197 74/74/1197
f 4230/4230/1198 74/74/1198 4231/4231/1198
f 4231/4231/1200 74/74/1200 72/72/1200
f 4231/4231/1200 72/72/1200 4232/4232/1200
f 4232/4232/1201 72/72/1201 70/70/1201
f 4232/4232/1201 70/70/1201 4233/4233/1201
f 4233/4233/1202 70/70/1202 68/68/1202
f 4233/4233/1202 68/68/1202 4234/4234/1202
f 4234/4234/1204 68/68/1204 66/66/1204
f 4234/4234/1204 66/66/1204 4235/4235/1204
f 4235/4235/1162 66/66/1162 64/64/1162
f 4235/4235/1162 64/64/1162 4236/4236/1162
f 4236/4236/1241 64/64/1241 62/62/1241
f 4236/4236/1241 62/62/1241 4237/4237/1241
f 4237/4237/1208 62/62/1208 60/60/1208
f 4237/4237/1208 60/60/1208 4238/4238/1208
f 4238/4238/1209 60/60/1209 58/58/1209
f 4238/4238/1209 58/58/1209 4239/4239/1209
f 4239/4239/1210 58/58/1210 56/56/1210
f 4239/4239/1210 56/56/1210 4240/4240/1210
f 4240/4240/1211 56/56/1211 54/54/1211
f 4240/4240/1211 54/54/1211 4241/4241/1211
f 4241/4241/1212 54/54/1212 52/52/1212
f 4241/4241/1212 52/52/1212 4242/4242/1212
f 4242/4242/1244 52/52/1244 50/50/1244
f 4242/4242/1244 50/50/1244 4243/4243/1244
f 4243/4243/1245 50/50/1245 48/48/1245
f 4243/4243/1245 48/48/1245 4244/4244/1245
f 4244/4244/1163 48/48/1163 46/46/1163
f 4244/4244/1163 46/46/1163 4245/4245/1163
f 4245/4245/1246 46/46/1246 44/44/1246
f 4245/4245/1246 44/44/1246 4246/4246/1246
f 4246/4246/1219 44/44/1219 42/42/1219
f 4246/4246/1219 42/42/1219 4247/4247/1219
f 4247/4247/2555 42/42/2555 40/40/2555
f 4247/4247/2555 40/40/2555 4212/4212/2555
f 4212/4212/1223 40/40/1223 109/109/1223
f 4248/4248/2 4249/4249/2 4250/4250/2
f 4249/4249/2 4251/4251/2 4250/4250/2
f 4250/4250/2 4251/4251/2 4252/4252/2
f 4250/4250/2 4252/4252/2 4253/4253/2
f 4254/4254/2 4255/4255/2 4119/4119/2
f 4119/4119/2 4255/4255/2 4256/4256/2
f 4119/4119/2 4256/4256/2 4121/4121/2
f 4121/4121/2 4256/4256/2 4257/4257/2
f 4257/4257/2 4258/4258/2 4121/4121/2
f 4121/4121/2 4258/4258/2 4259/4259/2
f 4121/4121/2 4259/4259/2 4123/4123/2
f 4253/4253/2 4252/4252/2 4260/4260/2
f 4260/4260/2 4252/4252/2 4261/4261/2
f 4260/4260/2 4261/4261/2 4262/4262/2
f 4117/4117/2 4263/4263/2 4264/4264/2
f 4248/4248/2 4250/4250/2 4265/4265/2
f 4265/4265/2 4250/4250/2 4266/4266/2
f 4265/4265/2 4266/4266/2 4267/4267/2
f 4267/4267/2 4266/4266/2 4268/4268/2
f 4267/4267/2 4268/4268/2 4269/4269/2
f 4115/4115/3 4136/4136/3 4270/4270/3
f 4270/4270/2 4271/4271/2 4115/4115/2
f 4115/4115/2 4271/4271/2 4272/4272/2
f 4115/4115/2 4272/4272/2 4117/4117/2
f 4117/4117/2 4272/4272/2 4273/4273/2
f 4117/4117/2 4273/4273/2 4263/4263/2
f 4267/4267/2 4119/4119/2 4274/4274/2
f 4274/4274/2 4119/4119/2 4117/4117/2
f 4274/4274/2 4117/4117/2 4275/4275/2
f 4275/4275/2 4117/4117/2 4264/4264/2
f 4269/4269/2 4276/4276/2 4267/4267/2
f 4267/4267/2 4276/4276/2 4277/4277/2
f 4267/4267/2 4277/4277/2 4119/4119/2
f 4119/4119/2 4277/4277/2 4278/4278/2
f 4119/4119/2 4278/4278/2 4254/4254/2
f 4279/4279/2 4280/4280/2 4281/4281/2
f 4282/4282/2 4283/4283/2 4284/4284/2
f 4285/4285/2 4281/4281/2 4286/4286/2
f 4286/4286/2 4281/4281/2 4287/4287/2
f 4285/4285/2 4288/4288/2 4281/4281/2
f 4281/4281/2 4288/4288/2 4289/4289/2
f 4281/4281/2 4289/4289/2 4279/4279/2
f 4280/4280/2 4290/4290/2 4281/4281/2
f 4281/4281/2 4290/4290/2 4291/4291/2
f 4281/4281/2 4291/4291/2 4292/4292/2
f 4292/4292/2 4293/4293/2 4281/4281/2
f 4281/4281/2 4293/4293/2 4294/4294/2
f 4281/4281/2 4294/4294/2 4295/4295/2
f 4284/4284/2 4283/4283/2 4296/4296/2
f 4297/4297/2 4298/4298/2 4299/4299/2
f 4295/4295/2 4300/4300/2 4301/4301/2
f 4301/4301/2 4302/4302/2 4295/4295/2
f 4295/4295/2 4302/4302/2 4303/4303/2
f 4295/4295/2 4303/4303/2 4304/4304/2
f 4304/4304/2 4305/4305/2 4295/4295/2
f 4295/4295/2 4305/4305/2 4306/4306/2
f 4295/4295/2 4306/4306/2 4281/4281/2
f 4307/4307/2 4308/4308/2 4309/4309/2
f 4297/4297/2 4299/4299/2 4295/4295/2
f 4295/4295/2 4299/4299/2 4310/4310/2
f 4295/4295/2 4310/4310/2 4300/4300/2
f 4281/4281/2 4311/4311/2 4287/4287/2
f 4287/4287/2 4311/4311/2 4312/4312/2
f 4287/4287/2 4312/4312/2 4283/4283/2
f 4283/4283/2 4312/4312/2 4313/4313/2
f 4283/4283/2 4313/4313/2 4296/4296/2
f 4282/4282/2 4284/4284/2 4309/4309/2
f 4309/4309/2 4284/4284/2 4314/4314/2
f 4309/4309/2 4314/4314/2 4307/4307/2
f 4306/4306/1200 4315/4315/1200 4281/4281/1200
f 4281/4281/1197 4315/4315/1197 4316/4316/1197
f 4281/4281/1197 4316/4316/1197 4311/4311/1197
f 4311/4311/2548 4316/4316/2548 4317/4317/2548
f 4311/4311/2548 4317/4317/2548 4312/4312/2548
f 4312/4312/1195 4317/4317/1195 4318/4318/1195
f 4312/4312/1195 4318/4318/1195 4313/4313/1195
f 4313/4313/1193 4318/4318/1193 4319/4319/1193
f 4313/4313/2547 4319/4319/2547 4296/4296/2547
f 4296/4296/1160 4319/4319/1160 4320/4320/1160
f 4296/4296/1160 4320/4320/1160 4284/4284/1160
f 4284/4284/1232 4320/4320/1232 4321/4321/1232
f 4284/4284/1232 4321/4321/1232 4314/4314/1232
f 4314/4314/1189 4321/4321/1189 4322/4322/1189
f 4314/4314/1189 4322/4322/1189 4307/4307/1189
f 4307/4307/1188 4322/4322/1188 4323/4323/1188
f 4307/4307/1188 4323/4323/1188 4308/4308/1188
f 4308/4308/1187 4323/4323/1187 4324/4324/1187
f 4308/4308/1187 4324/4324/1187 4309/4309/1187
f 4309/4309/1186 4324/4324/1186 4325/4325/1186
f 4309/4309/4105 4325/4325/4105 4282/4282/4105
f 4282/4282/1185 4325/4325/1185 4326/4326/1185
f 4282/4282/1185 4326/4326/1185 4283/4283/1185
f 4283/4283/1229 4326/4326/1229 4327/4327/1229
f 4283/4283/1229 4327/4327/1229 4287/4287/1229
f 4287/4287/1228 4327/4327/1228 4328/4328/1228
f 4287/4287/1182 4328/4328/1182 4286/4286/1182
f 4286/4286/1164 4328/4328/1164 4329/4329/1164
f 4286/4286/1164 4329/4329/1164 4285/4285/1164
f 4285/4285/1227 4329/4329/1227 4330/4330/1227
f 4285/4285/1227 4330/4330/1227 4288/4288/1227
f 4288/4288/1178 4330/4330/1178 4331/4331/1178
f 4288/4288/1178 4331/4331/1178 4289/4289/1178
f 4289/4289/2543 4331/4331/2543 4332/4332/2543
f 4289/4289/1226 4332/4332/1226 4279/4279/1226
f 4279/4279/1173 4332/4332/1173 4333/4333/1173
f 4279/4279/1173 4333/4333/1173 4280/4280/1173
f 4280/4280/1172 4333/4333/1172 4334/4334/1172
f 4280/4280/1172 4334/4334/1172 4290/4290/1172
f 4290/4290/1247 4334/4334/1247 4335/4335/1247
f 4290/4290/2555 4335/4335/2555 4291/4291/2555
f 4291/4291/1219 4335/4335/1219 4336/4336/1219
f 4291/4291/1219 4336/4336/1219 4292/4292/1219
f 4292/4292/1246 4336/4336/1246 4337/4337/1246
f 4292/4292/1246 4337/4337/1246 4293/4293/1246
f 4293/4293/1163 4337/4337/1163 4338/4338/1163
f 4293/4293/1163 4338/4338/1163 4294/4294/1163
f 4294/4294/1215 4338/4338/1215 4339/4339/1215
f 4294/4294/1245 4339/4339/1245 4295/4295/1245
f 4295/4295/1244 4339/4339/1244 4340/4340/1244
f 4295/4295/1244 4340/4340/1244 4297/4297/1244
f 4297/4297/1212 4340/4340/1212 4341/4341/1212
f 4297/4297/1212 4341/4341/1212 4298/4298/1212
f 4298/4298/1211 4341/4341/1211 4342/4342/1211
f 4298/4298/1211 4342/4342/1211 4299/4299/1211
f 4299/4299/1210 4342/4342/1210 4343/4343/1210
f 4299/4299/1210 4343/4343/1210 4310/4310/1210
f 4310/4310/1209 4343/4343/1209 4344/4344/1209
f 4310/4310/1209 4344/4344/1209 4300/4300/1209
f 4300/4300/1208 4344/4344/1208 4345/4345/1208
f 4300/4300/1208 4345/4345/1208 4301/4301/1208
f 4301/4301/1241 4345/4345/1241 4346/4346/1241
f 4301/4301/2551 4346/4346/2551 4302/4302/2551
f 4302/4302/1162 4346/4346/1162 4347/4347/1162
f 4302/4302/1162 4347/4347/1162 4303/4303/1162
f 4303/4303/2550 4347/4347/2550 4348/4348/2550
f 4303/4303/1204 4348/4348/1204 4304/4304/1204
f 4304/4304/1202 4348/4348/1202 4349/4349/1202
f 4304/4304/1202 4349/4349/1202 4305/4305/1202
f 4305/4305/2549 4349/4349/2549 4350/4350/2549
f 4305/4305/2549 4350/4350/2549 4306/4306/2549
f 4306/4306/1200 4350/4350/1200 4315/4315/1200
f 4351/4351/2 4207/4207/2 4352/4352/2
f 4352/4352/2 4207/4207/2 4205/4205/2
f 4352/4352/2 4205/4205/2 4353/4353/2
f 4353/4353/2 4205/4205/2 4203/4203/2
f 4353/4353/2 4203/4203/2 4354/4354/2
f 4354/4354/2 4203/4203/2 4201/4201/2
f 4354/4354/2 4201/4201/2 4355/4355/2
f 4355/4355/2 4201/4201/2 4199/4199/2
f 4355/4355/2 4199/4199/2 4356/4356/2
f 4356/4356/2 4199/4199/2 4197/4197/2
f 4356/4356/2 4197/4197/2 4357/4357/2
f 4357/4357/2 4197/4197/2 4195/4195/2
f 4357/4357/2 4195/4195/2 4358/4358/2
f 4358/4358/2 4195/4195/2 4193/4193/2
f 4358/4358/2 4193/4193/2 4359/4359/2
f 4359/4359/2 4193/4193/2 4191/4191/2
f 4359/4359/2 4191/4191/2 4360/4360/2
f 4360/4360/2 4191/4191/2 4189/4189/2
f 4360/4360/2 4189/4189/2 4361/4361/2
f 4361/4361/2 4189/4189/2 4187/4187/2
f 4361/4361/1 4187/4187/1 4362/4362/1
f 4362/4362/2 4187/4187/2 4185/4185/2
f 4362/4362/2 4185/4185/2 4363/4363/2
f 4363/4363/2 4185/4185/2 4183/4183/2
f 4363/4363/2 4183/4183/2 4364/4364/2
f 4364/4364/2 4183/4183/2 4181/4181/2
f 4364/4364/2 4181/4181/2 4365/4365/2
f 4365/4365/2 4181/4181/2 4179/4179/2
f 4365/4365/2 4179/4179/2 4366/4366/2
f 4366/4366/2 4179/4179/2 4177/4177/2
f 4366/4366/2 4177/4177/2 4367/4367/2
f 4367/4367/2 4177/4177/2 4175/4175/2
f 4367/4367/2 4175/4175/2 4368/4368/2
f 4368/4368/2 4175/4175/2 4173/4173/2
f 4368/4368/2 4173/4173/2 4369/4369/2
f 4369/4369/2 4173/4173/2 4171/4171/2
f 4369/4369/2 4171/4171/2 4370/4370/2
f 4370/4370/2 4171/4171/2 4169/4169/2
f 4370/4370/2 4169/4169/2 4371/4371/2
f 4371/4371/2 4169/4169/2 4167/4167/2
f 4371/4371/2 4167/4167/2 4372/4372/2
f 4372/4372/2 4167/4167/2 4165/4165/2
f 4372/4372/2 4165/4165/2 4373/4373/2
f 4373/4373/2 4165/4165/2 4163/4163/2
f 4373/4373/2 4163/4163/2 4374/4374/2
f 4374/4374/2 4163/4163/2 4161/4161/2
f 4374/4374/2 4161/4161/2 4375/4375/2
f 4375/4375/2 4161/4161/2 4159/4159/2
f 4375/4375/2 4159/4159/2 4376/4376/2
f 4376/4376/2 4159/4159/2 4157/4157/2
f 4376/4376/2 4157/4157/2 4377/4377/2
f 4377/4377/2 4157/4157/2 4155/4155/2
f 4377/4377/2 4155/4155/2 4378/4378/2
f 4378/4378/2 4155/4155/2 4153/4153/2
f 4378/4378/2 4153/4153/2 4379/4379/2
f 4379/4379/2 4153/4153/2 4151/4151/2
f 4379/4379/2 4151/4151/2 4380/4380/2
f 4380/4380/2 4151/4151/2 4149/4149/2
f 4380/4380/2 4149/4149/2 4381/4381/2
f 4381/4381/2 4149/4149/2 4147/4147/2
f 4381/4381/3 4147/4147/3 4382/4382/3
f 4382/4382/2 4147/4147/2 4145/4145/2
f 4382/4382/1 4145/4145/1 4383/4383/1
f 4383/4383/2 4145/4145/2 4143/4143/2
f 4383/4383/2 4143/4143/2 4384/4384/2
f 4384/4384/2 4143/4143/2 4141/4141/2
f 4384/4384/2 4141/4141/2 4385/4385/2
f 4385/4385/2 4141/4141/2 4211/4211/2
f 4385/4385/2 4211/4211/2 4386/4386/2
f 4386/4386/2 4211/4211/2 4209/4209/2
f 4386/4386/2 4209/4209/2 4351/4351/2
f 4351/4351/2 4209/4209/2 4207/4207/2
f 4387/4387/1199 4388/4388/1199 4389/4389/1199
f 4389/4389/1198 4388/4388/1198 4390/4390/1198
f 4389/4389/1198 4390/4390/1198 4391/4391/1198
f 4391/4391/2548 4390/4390/2548 4392/4392/2548
f 4391/4391/1196 4392/4392/1196 4393/4393/1196
f 4393/4393/1195 4392/4392/1195 4394/4394/1195
f 4393/4393/1195 4394/4394/1195 4395/4395/1195
f 4395/4395/1233 4394/4394/1233 4396/4396/1233
f 4395/4395/1193 4396/4396/1193 4397/4397/1193
f 4397/4397/1160 4396/4396/1160 4398/4398/1160
f 4397/4397/1160 4398/4398/1160 4399/4399/1160
f 4399/4399/2546 4398/4398/2546 4400/4400/2546
f 4399/4399/1232 4400/4400/1232 4401/4401/1232
f 4401/4401/1189 4400/4400/1189 4402/4402/1189
f 4401/4401/1189 4402/4402/1189 4403/4403/1189
f 4403/4403/1188 4402/4402/1188 4404/4404/1188
f 4403/4403/1188 4404/4404/1188 4405/4405/1188
f 4405/4405/1187 4404/4404/1187 4406/4406/1187
f 4405/4405/4106 4406/4406/4106 4407/4407/4106
f 4407/4407/1186 4406/4406/1186 4408/4408/1186
f 4407/4407/1186 4408/4408/1186 4409/4409/1186
f 4409/4409/1185 4408/4408/1185 4410/4410/1185
f 4409/4409/1185 4410/4410/1185 4411/4411/1185
f 4411/4411/1229 4410/4410/1229 4412/4412/1229
f 4411/4411/1229 4412/4412/1229 4413/4413/1229
f 4413/4413/1228 4412/4412/1228 4414/4414/1228
f 4413/4413/1182 4414/4414/1182 4415/4415/1182
f 4415/4415/1164 4414/4414/1164 4416/4416/1164
f 4415/4415/1164 4416/4416/1164 4417/4417/1164
f 4417/4417/2544 4416/4416/2544 4418/4418/2544
f 4417/4417/1180 4418/4418/1180 4419/4419/1180
f 4419/4419/3076 4418/4418/3076 4420/4420/3076
f 4419/4419/1178 4420/4420/1178 4421/4421/1178
f 4421/4421/2543 4420/4420/2543 4422/4422/2543
f 4421/4421/2543 4422/4422/2543 4423/4423/2543
f 4423/4423/1174 4422/4422/1174 4424/4424/1174
f 4423/4423/1174 4424/4424/1174 4425/4425/1174
f 4425/4425/1223 4424/4424/1223 4426/4426/1223
f 4425/4425/1223 4426/4426/1223 4427/4427/1223
f 4427/4427/2555 4426/4426/2555 4428/4428/2555
f 4427/4427/2555 4428/4428/2555 4429/4429/2555
f 4429/4429/1219 4428/4428/1219 4430/4430/1219
f 4429/4429/3077 4430/4430/3077 4431/4431/3077
f 4431/4431/1217 4430/4430/1217 4432/4432/1217
f 4431/4431/2554 4432/4432/2554 4433/4433/2554
f 4433/4433/1163 4432/4432/1163 4434/4434/1163
f 4433/4433/1163 4434/4434/1163 4435/4435/1163
f 4435/4435/1215 4434/4434/1215 4436/4436/1215
f 4435/4435/1245 4436/4436/1245 4437/4437/1245
f 4437/4437/1244 4436/4436/1244 4438/4438/1244
f 4437/4437/1244 4438/4438/1244 4439/4439/1244
f 4439/4439/1212 4438/4438/1212 4440/4440/1212
f 4439/4439/1212 4440/4440/1212 4441/4441/1212
f 4441/4441/1211 4440/4440/1211 4442/4442/1211
f 4441/4441/1211 4442/4442/1211 4443/4443/1211
f 4443/4443/1210 4442/4442/1210 4444/4444/1210
f 4443/4443/1210 4444/4444/1210 4445/4445/1210
f 4445/4445/1209 4444/4444/1209 4446/4446/1209
f 4445/4445/1209 4446/4446/1209 4447/4447/1209
f 4447/4447/1208 4446/4446/1208 4448/4448/1208
f 4447/4447/1208 4448/4448/1208 4449/4449/1208
f 4449/4449/1241 4448/4448/1241 4450/4450/1241
f 4449/4449/2551 4450/4450/2551 4451/4451/2551
f 4451/4451/1162 4450/4450/1162 4452/4452/1162
f 4451/4451/1162 4452/4452/1162 4453/4453/1162
f 4453/4453/1204 4452/4452/1204 4454/4454/1204
f 4453/4453/1240 4454/4454/1240 4455/4455/1240
f 4455/4455/1202 4454/4454/1202 4456/4456/1202
f 4455/4455/1202 4456/4456/1202 4457/4457/1202
f 4457/4457/1201 4456/4456/1201 4458/4458/1201
f 4457/4457/2549 4458/4458/2549 4387/4387/2549
f 4387/4387/1199 4458/4458/1199 4388/4388/1199
f 4423/4423/2 4425/4425/2 4455/4455/2
f 4457/4457/2 4387/4387/2 4419/4419/2
f 4449/4449/2 4451/4451/2 4429/4429/2
f 4387/4387/2 4389/4389/2 4419/4419/2
f 4419/4419/2 4389/4389/2 4391/4391/2
f 4419/4419/2 4391/4391/2 4393/4393/2
f 4403/4403/2 4413/4413/2 4415/4415/2
f 4457/4457/2 4419/4419/2 4455/4455/2
f 4455/4455/2 4419/4419/2 4421/4421/2
f 4455/4455/2 4421/4421/2 4423/4423/2
f 4433/4433/2 4435/4435/2 4447/4447/2
f 4447/4447/2 4435/4435/2 4437/4437/2
f 4447/4447/2 4437/4437/2 4439/4439/2
f 4425/4425/2 4427/4427/2 4455/4455/2
f 4455/4455/2 4427/4427/2 4429/4429/2
f 4455/4455/2 4429/4429/2 4453/4453/2
f 4453/4453/2 4429/4429/2 4451/4451/2
f 4393/4393/2 4395/4395/2 4419/4419/2
f 4419/4419/2 4395/4395/2 4397/4397/2
f 4419/4419/2 4397/4397/2 4399/4399/2
f 4403/4403/2 4405/4405/2 4407/4407/2
f 4399/4399/2 4401/4401/2 4419/4419/2
f 4419/4419/2 4401/4401/2 4403/4403/2
f 4419/4419/2 4403/4403/2 4417/4417/2
f 4417/4417/2 4403/4403/2 4415/4415/2
f 4407/4407/2 4409/4409/2 4403/4403/2
f 4403/4403/2 4409/4409/2 4411/4411/2
f 4403/4403/2 4411/4411/2 4413/4413/2
f 4449/4449/2 4429/4429/2 4447/4447/2
f 4447/4447/2 4429/4429/2 4431/4431/2
f 4447/4447/2 4431/4431/2 4433/4433/2
f 4439/4439/2 4441/4441/2 4447/4447/2
f 4447/4447/2 4441/4441/2 4443/4443/2
f 4447/4447/2 4443/4443/2 4445/4445/2
f 4118/4118/11 120/120/11 4116/4116/11
f 4116/4116/11 120/120/11 118/118/11
f 4120/4120/4107 122/122/4107 4118/4118/4107
f 4118/4118/4107 122/122/4107 120/120/4107
f 116/116/4108 4114/4114/4108 118/118/4108
f 118/118/4108 4114/4114/4108 4116/4116/4108
f 4126/4126/3082 123/123/3082 4120/4120/3082
f 4120/4120/3082 123/123/3082 122/122/3082
f 114/114/3079 4132/4132/3079 116/116/3079
f 116/116/3079 4132/4132/3079 4114/4114/3079
f 4130/4130/4109 110/110/4109 4126/4126/4109
f 4126/4126/4109 110/110/4109 123/123/4109
f 113/113/4110 4131/4131/4110 114/114/4110
f 114/114/4110 4131/4131/4110 4132/4132/4110
f 4131/4131/1248 113/113/1248 4130/4130/1248
f 4130/4130/1248 113/113/1248 110/110/1248
f 4390/4390/3084 38/38/3084 4392/4392/3084
f 4392/4392/3084 38/38/3084 41/41/3084
f 4392/4392/3086 41/41/3086 4394/4394/3086
f 4394/4394/3086 41/41/3086 43/43/3086
f 4394/4394/3088 43/43/3088 4396/4396/3088
f 4396/4396/3087 43/43/3087 45/45/3087
f 4396/4396/3089 45/45/3089 4398/4398/3089
f 4398/4398/4111 45/45/4111 47/47/4111
f 4398/4398/3091 47/47/3091 4400/4400/3091
f 4400/4400/3092 47/47/3092 49/49/3092
f 4400/4400/4112 49/49/4112 4402/4402/4112
f 4402/4402/3093 49/49/3093 51/51/3093
f 4402/4402/3094 51/51/3094 4404/4404/3094
f 4404/4404/3094 51/51/3094 53/53/3094
f 4404/4404/3096 53/53/3096 4406/4406/3096
f 4406/4406/3096 53/53/3096 55/55/3096
f 4406/4406/3097 55/55/3097 4408/4408/3097
f 4408/4408/4113 55/55/4113 57/57/4113
f 4408/4408/4114 57/57/4114 4410/4410/4114
f 4410/4410/3098 57/57/3098 59/59/3098
f 4410/4410/3100 59/59/3100 4412/4412/3100
f 4412/4412/3100 59/59/3100 61/61/3100
f 4412/4412/4115 61/61/4115 4414/4414/4115
f 4414/4414/3101 61/61/3101 63/63/3101
f 4414/4414/4116 63/63/4116 4416/4416/4116
f 4416/4416/3102 63/63/3102 65/65/3102
f 4416/4416/3141 65/65/3141 4418/4418/3141
f 4418/4418/4117 65/65/4117 67/67/4117
f 4418/4418/3105 67/67/3105 4420/4420/3105
f 4420/4420/3105 67/67/3105 69/69/3105
f 4420/4420/3107 69/69/3107 4422/4422/3107
f 4422/4422/3107 69/69/3107 71/71/3107
f 4422/4422/3108 71/71/3108 4424/4424/3108
f 4424/4424/3108 71/71/3108 73/73/3108
f 4424/4424/3110 73/73/3110 4426/4426/3110
f 4426/4426/3109 73/73/3109 75/75/3109
f 4426/4426/3112 75/75/3112 4428/4428/3112
f 4428/4428/3112 75/75/3112 77/77/3112
f 4428/4428/3113 77/77/3113 4430/4430/3113
f 4430/4430/3113 77/77/3113 79/79/3113
f 4430/4430/3144 79/79/3144 4432/4432/3144
f 4432/4432/3114 79/79/3114 81/81/3114
f 4432/4432/3116 81/81/3116 4434/4434/3116
f 4434/4434/3145 81/81/3145 83/83/3145
f 4434/4434/4118 83/83/4118 4436/4436/4118
f 4436/4436/3117 83/83/3117 85/85/3117
f 4436/4436/3118 85/85/3118 4438/4438/3118
f 4438/4438/4119 85/85/4119 87/87/4119
f 4438/4438/3119 87/87/3119 4440/4440/3119
f 4440/4440/3119 87/87/3119 89/89/3119
f 4440/4440/3148 89/89/3148 4442/4442/3148
f 4442/4442/3120 89/89/3120 91/91/3120
f 4442/4442/4120 91/91/4120 4444/4444/4120
f 4444/4444/3122 91/91/3122 93/93/3122
f 4444/4444/4121 93/93/4121 4446/4446/4121
f 4446/4446/3123 93/93/3123 95/95/3123
f 4446/4446/3124 95/95/3124 4448/4448/3124
f 4448/4448/3124 95/95/3124 97/97/3124
f 4448/4448/3125 97/97/3125 4450/4450/3125
f 4450/4450/3125 97/97/3125 99/99/3125
f 4450/4450/3149 99/99/3149 4452/4452/3149
f 4452/4452/4122 99/99/4122 101/101/4122
f 4452/4452/3128 101/101/3128 4454/4454/3128
f 4454/4454/3128 101/101/3128 103/103/3128
f 4454/4454/3130 103/103/3130 4456/4456/3130
f 4456/4456/3130 103/103/3130 105/105/3130
f 4456/4456/3131 105/105/3131 4458/4458/3131
f 4458/4458/4123 105/105/4123 107/107/4123
f 4458/4458/3134 107/107/3134 4388/4388/3134
f 4388/4388/3134 107/107/3134 39/39/3134
f 4388/4388/3136 39/39/3136 4390/4390/3136
f 4390/4390/3136 39/39/3136 38/38/3136
f 4316/4316/3084 4385/4385/3084 4317/4317/3084
f 4317/4317/3084 4385/4385/3084 4386/4386/3084
f 4317/4317/3086 4386/4386/3086 4318/4318/3086
f 4318/4318/3086 4386/4386/3086 4351/4351/3086
f 4318/4318/3087 4351/4351/3087 4319/4319/3087
f 4319/4319/3088 4351/4351/3088 4352/4352/3088
f 4319/4319/3089 4352/4352/3089 4320/4320/3089
f 4320/4320/4124 4352/4352/4124 4353/4353/4124
f 4320/4320/3091 4353/4353/3091 4321/4321/3091
f 4321/4321/3092 4353/4353/3092 4354/4354/3092
f 4321/4321/3093 4354/4354/3093 4322/4322/3093
f 4322/4322/3093 4354/4354/3093 4355/4355/3093
f 4322/4322/3094 4355/4355/3094 4323/4323/3094
f 4323/4323/3094 4355/4355/3094 4356/4356/3094
f 4323/4323/4125 4356/4356/4125 4324/4324/4125
f 4324/4324/4126 4356/4356/4126 4357/4357/4126
f 4324/4324/3097 4357/4357/3097 4325/4325/3097
f 4325/4325/4127 4357/4357/4127 4358/4358/4127
f 4325/4325/4114 4358/4358/4114 4326/4326/4114
f 4326/4326/3098 4358/4358/3098 4359/4359/3098
f 4326/4326/3100 4359/4359/3100 4327/4327/3100
f 4327/4327/3100 4359/4359/3100 4360/4360/3100
f 4327/4327/3101 4360/4360/3101 4328/4328/3101
f 4328/4328/4128 4360/4360/4128 4361/4361/4128
f 4328/4328/3103 4361/4361/3103 4329/4329/3103
f 4329/4329/3102 4361/4361/3102 4362/4362/3102
f 4329/4329/3104 4362/4362/3104 4330/4330/3104
f 4330/4330/3104 4362/4362/3104 4363/4363/3104
f 4330/4330/3105 4363/4363/3105 4331/4331/3105
f 4331/4331/3105 4363/4363/3105 4364/4364/3105
f 4331/4331/3106 4364/4364/3106 4332/4332/3106
f 4332/4332/3106 4364/4364/3106 4365/4365/3106
f 4332/4332/3142 4365/4365/3142 4333/4333/3142
f 4333/4333/3108 4365/4365/3108 4366/4366/3108
f 4333/4333/3110 4366/4366/3110 4334/4334/3110
f 4334/4334/3109 4366/4366/3109 4367/4367/3109
f 4334/4334/3111 4367/4367/3111 4335/4335/3111
f 4335/4335/3111 4367/4367/3111 4368/4368/3111
f 4335/4335/3113 4368/4368/3113 4336/4336/3113
f 4336/4336/3113 4368/4368/3113 4369/4369/3113
f 4336/4336/4129 4369/4369/4129 4337/4337/4129
f 4337/4337/3144 4369/4369/3144 4370/4370/3144
f 4337/4337/3116 4370/4370/3116 4338/4338/3116
f 4338/4338/3146 4370/4370/3146 4371/4371/3146
f 4338/4338/4130 4371/4371/4130 4339/4339/4130
f 4339/4339/4130 4371/4371/4130 4372/4372/4130
f 4339/4339/3118 4372/4372/3118 4340/4340/3118
f 4340/4340/3118 4372/4372/3118 4373/4373/3118
f 4340/4340/3119 4373/4373/3119 4341/4341/3119
f 4341/4341/3119 4373/4373/3119 4374/4374/3119
f 4341/4341/3147 4374/4374/3147 4342/4342/3147
f 4342/4342/3120 4374/4374/3120 4375/4375/3120
f 4342/4342/3122 4375/4375/3122 4343/4343/3122
f 4343/4343/3122 4375/4375/3122 4376/4376/3122
f 4343/4343/4131 4376/4376/4131 4344/4344/4131
f 4344/4344/3123 4376/4376/3123 4377/4377/3123
f 4344/4344/3124 4377/4377/3124 4345/4345/3124
f 4345/4345/3124 4377/4377/3124 4378/4378/3124
f 4345/4345/4132 4378/4378/4132 4346/4346/4132
f 4346/4346/3125 4378/4378/3125 4379/4379/3125
f 4346/4346/4133 4379/4379/4133 4347/4347/4133
f 4347/4347/4122 4379/4379/4122 4380/4380/4122
f 4347/4347/3150 4380/4380/3150 4348/4348/3150
f 4348/4348/3128 4380/4380/3128 4381/4381/3128
f 4348/4348/3152 4381/4381/3152 4349/4349/3152
f 4349/4349/3130 4381/4381/3130 4382/4382/3130
f 4349/4349/3131 4382/4382/3131 4350/4350/3131
f 4350/4350/4123 4382/4382/4123 4383/4383/4123
f 4350/4350/4134 4383/4383/4134 4315/4315/4134
f 4315/4315/4134 4383/4383/4134 4384/4384/4134
f 4315/4315/4135 4384/4384/4135 4316/4316/4135
f 4316/4316/4135 4384/4384/4135 4385/4385/4135
f 4459/4459/4136 4460/4460/4136 4461/4461/4136
f 4133/4133/4137 4462/4462/4137 4137/4137/4137
f 4462/4462/4138 4133/4133/4138 4463/4463/4138
f 4139/4139/4139 4464/4464/4139 4134/4134/4139
f 4134/4134/4140 4464/4464/4140 4465/4465/4140
f 4135/4135/4141 4466/4466/4141 4136/4136/4141
f 4136/4136/4142 4466/4466/4142 4467/4467/4142
f 4468/4468/4143 4469/4469/4143 4470/4470/4143
f 4470/4470/4144 4469/4469/4144 4471/4471/4144
f 4470/4470/4145 4471/4471/4145 4459/4459/4145
f 4461/4461/4146 4460/4460/4146 4472/4472/4146
f 4472/4472/4147 4460/4460/4147 4473/4473/4147
f 4472/4472/4148 4473/4473/4148 5/5/4148
f 4212/4212/4149 4474/4474/4149 4247/4247/4149
f 4247/4247/4150 4474/4474/4150 4475/4475/4150
f 4247/4247/4151 4475/4475/4151 4246/4246/4151
f 4246/4246/4152 4475/4475/4152 4476/4476/4152
f 4246/4246/4153 4476/4476/4153 4245/4245/4153
f 4245/4245/4154 4476/4476/4154 4477/4477/4154
f 4245/4245/4155 4477/4477/4155 4244/4244/4155
f 4244/4244/4156 4477/4477/4156 4478/4478/4156
f 4244/4244/4157 4478/4478/4157 4243/4243/4157
f 4243/4243/4158 4478/4478/4158 4479/4479/4158
f 4243/4243/4159 4479/4479/4159 4242/4242/4159
f 4242/4242/4159 4479/4479/4159 4480/4480/4159
f 4242/4242/4160 4480/4480/4160 4241/4241/4160
f 4241/4241/4160 4480/4480/4160 4481/4481/4160
f 4241/4241/4161 4481/4481/4161 4240/4240/4161
f 4240/4240/4161 4481/4481/4161 4482/4482/4161
f 4240/4240/4162 4482/4482/4162 4239/4239/4162
f 4239/4239/4163 4482/4482/4163 4483/4483/4163
f 4239/4239/4164 4483/4483/4164 4238/4238/4164
f 4238/4238/4164 4483/4483/4164 4484/4484/4164
f 4238/4238/4165 4484/4484/4165 4237/4237/4165
f 4237/4237/4165 4484/4484/4165 4485/4485/4165
f 4237/4237/4166 4485/4485/4166 4236/4236/4166
f 4236/4236/4167 4485/4485/4167 4486/4486/4167
f 4236/4236/4168 4486/4486/4168 4235/4235/4168
f 4235/4235/4168 4486/4486/4168 4487/4487/4168
f 4235/4235/4169 4487/4487/4169 4234/4234/4169
f 4234/4234/4170 4487/4487/4170 4488/4488/4170
f 4234/4234/4171 4488/4488/4171 4233/4233/4171
f 4233/4233/4172 4488/4488/4172 4489/4489/4172
f 4233/4233/4173 4489/4489/4173 4232/4232/4173
f 4232/4232/4174 4489/4489/4174 4490/4490/4174
f 4232/4232/4175 4490/4490/4175 4231/4231/4175
f 4231/4231/4176 4490/4490/4176 4491/4491/4176
f 4231/4231/4177 4491/4491/4177 4230/4230/4177
f 4230/4230/4178 4491/4491/4178 4492/4492/4178
f 4230/4230/4179 4492/4492/4179 4229/4229/4179
f 4229/4229/4180 4492/4492/4180 4493/4493/4180
f 4229/4229/4181 4493/4493/4181 4228/4228/4181
f 4228/4228/4182 4493/4493/4182 4494/4494/4182
f 4228/4228/4183 4494/4494/4183 4227/4227/4183
f 4227/4227/4184 4494/4494/4184 4495/4495/4184
f 4227/4227/4185 4495/4495/4185 4226/4226/4185
f 4226/4226/4186 4495/4495/4186 4496/4496/4186
f 4226/4226/4187 4496/4496/4187 4225/4225/4187
f 4225/4225/4187 4496/4496/4187 4497/4497/4187
f 4225/4225/4188 4497/4497/4188 4224/4224/4188
f 4224/4224/4188 4497/4497/4188 4498/4498/4188
f 4224/4224/4189 4498/4498/4189 4223/4223/4189
f 4223/4223/4190 4498/4498/4190 4499/4499/4190
f 4223/4223/4191 4499/4499/4191 4222/4222/4191
f 4222/4222/4192 4499/4499/4192 4500/4500/4192
f 4222/4222/4193 4500/4500/4193 4221/4221/4193
f 4221/4221/4194 4500/4500/4194 4501/4501/4194
f 4221/4221/4195 4501/4501/4195 4220/4220/4195
f 4220/4220/4196 4501/4501/4196 4502/4502/4196
f 4220/4220/4197 4502/4502/4197 4219/4219/4197
f 4219/4219/4197 4502/4502/4197 4503/4503/4197
f 4219/4219/4198 4503/4503/4198 4218/4218/4198
f 4218/4218/4199 4503/4503/4199 4504/4504/4199
f 4218/4218/4200 4504/4504/4200 4217/4217/4200
f 4217/4217/4201 4504/4504/4201 4505/4505/4201
f 4217/4217/4202 4505/4505/4202 4216/4216/4202
f 4216/4216/4203 4505/4505/4203 4506/4506/4203
f 4216/4216/4204 4506/4506/4204 4215/4215/4204
f 4215/4215/4205 4506/4506/4205 4507/4507/4205
f 4215/4215/4206 4507/4507/4206 4214/4214/4206
f 4214/4214/4207 4507/4507/4207 4508/4508/4207
f 4214/4214/4208 4508/4508/4208 4213/4213/4208
f 4213/4213/4209 4508/4508/4209 4509/4509/4209
f 4213/4213/4210 4509/4509/4210 4212/4212/4210
f 4212/4212/4211 4509/4509/4211 4474/4474/4211
f 4474/4474/4212 4510/4510/4212 4475/4475/4212
f 4475/4475/4213 4510/4510/4213 4511/4511/4213
f 4475/4475/4214 4511/4511/4214 4476/4476/4214
f 4476/4476/4215 4511/4511/4215 4512/4512/4215
f 4476/4476/4216 4512/4512/4216 4477/4477/4216
f 4477/4477/4217 4512/4512/4217 4513/4513/4217
f 4477/4477/4218 4513/4513/4218 4478/4478/4218
f 4478/4478/4219 4513/4513/4219 4514/4514/4219
f 4478/4478/4220 4514/4514/4220 4479/4479/4220
f 4479/4479/4220 4514/4514/4220 4515/4515/4220
f 4479/4479/4221 4515/4515/4221 4480/4480/4221
f 4480/4480/4222 4515/4515/4222 4516/4516/4222
f 4480/4480/4223 4516/4516/4223 4481/4481/4223
f 4481/4481/4224 4516/4516/4224 4517/4517/4224
f 4481/4481/4225 4517/4517/4225 4482/4482/4225
f 4482/4482/4225 4517/4517/4225 4518/4518/4225
f 4482/4482/4226 4518/4518/4226 4483/4483/4226
f 4483/4483/4226 4518/4518/4226 4519/4519/4226
f 4483/4483/4227 4519/4519/4227 4484/4484/4227
f 4484/4484/4227 4519/4519/4227 4520/4520/4227
f 4484/4484/4228 4520/4520/4228 4485/4485/4228
f 4485/4485/4229 4520/4520/4229 4521/4521/4229
f 4485/4485/4230 4521/4521/4230 4486/4486/4230
f 4486/4486/4230 4521/4521/4230 4522/4522/4230
f 4486/4486/4231 4522/4522/4231 4487/4487/4231
f 4487/4487/4232 4522/4522/4232 4523/4523/4232
f 4487/4487/4233 4523/4523/4233 4488/4488/4233
f 4488/4488/4233 4523/4523/4233 4524/4524/4233
f 4488/4488/4234 4524/4524/4234 4489/4489/4234
f 4489/4489/4235 4524/4524/4235 4525/4525/4235
f 4489/4489/4236 4525/4525/4236 4490/4490/4236
f 4490/4490/4237 4525/4525/4237 4526/4526/4237
f 4490/4490/4238 4526/4526/4238 4491/4491/4238
f 4491/4491/4238 4526/4526/4238 4527/4527/4238
f 4491/4491/4239 4527/4527/4239 4492/4492/4239
f 4492/4492/4240 4527/4527/4240 4528/4528/4240
f 4492/4492/4241 4528/4528/4241 4493/4493/4241
f 4493/4493/4242 4528/4528/4242 4529/4529/4242
f 4493/4493/4243 4529/4529/4243 4494/4494/4243
f 4494/4494/4244 4529/4529/4244 4530/4530/4244
f 4494/4494/4245 4530/4530/4245 4495/4495/4245
f 4495/4495/4246 4530/4530/4246 4531/4531/4246
f 4495/4495/4247 4531/4531/4247 4496/4496/4247
f 4496/4496/4248 4531/4531/4248 4532/4532/4248
f 4496/4496/4249 4532/4532/4249 4497/4497/4249
f 4497/4497/4249 4532/4532/4249 4533/4533/4249
f 4497/4497/4250 4533/4533/4250 4498/4498/4250
f 4498/4498/4251 4533/4533/4251 4534/4534/4251
f 4498/4498/4252 4534/4534/4252 4499/4499/4252
f 4499/4499/4253 4534/4534/4253 4535/4535/4253
f 4499/4499/4254 4535/4535/4254 4500/4500/4254
f 4500/4500/4254 4535/4535/4254 4536/4536/4254
f 4500/4500/4255 4536/4536/4255 4501/4501/4255
f 4501/4501/4255 4536/4536/4255 4537/4537/4255
f 4501/4501/4256 4537/4537/4256 4502/4502/4256
f 4502/4502/4257 4537/4537/4257 4538/4538/4257
f 4502/4502/4258 4538/4538/4258 4503/4503/4258
f 4503/4503/4259 4538/4538/4259 4539/4539/4259
f 4503/4503/4260 4539/4539/4260 4504/4504/4260
f 4504/4504/4261 4539/4539/4261 4540/4540/4261
f 4504/4504/4262 4540/4540/4262 4505/4505/4262
f 4505/4505/4263 4540/4540/4263 4541/4541/4263
f 4505/4505/4264 4541/4541/4264 4506/4506/4264
f 4506/4506/4265 4541/4541/4265 4542/4542/4265
f 4506/4506/4266 4542/4542/4266 4507/4507/4266
f 4507/4507/4267 4542/4542/4267 4543/4543/4267
f 4507/4507/4268 4543/4543/4268 4508/4508/4268
f 4508/4508/4269 4543/4543/4269 4544/4544/4269
f 4508/4508/4270 4544/4544/4270 4509/4509/4270
f 4509/4509/4271 4544/4544/4271 4545/4545/4271
f 4509/4509/4272 4545/4545/4272 4474/4474/4272
f 4474/4474/4273 4545/4545/4273 4510/4510/4273
f 4510/4510/4274 4546/4546/4274 4511/4511/4274
f 4511/4511/4275 4546/4546/4275 4547/4547/4275
f 4511/4511/4276 4547/4547/4276 4512/4512/4276
f 4512/4512/4277 4547/4547/4277 4548/4548/4277
f 4512/4512/4278 4548/4548/4278 4513/4513/4278
f 4513/4513/4279 4548/4548/4279 4549/4549/4279
f 4513/4513/4280 4549/4549/4280 4514/4514/4280
f 4514/4514/4281 4549/4549/4281 4550/4550/4281
f 4514/4514/4282 4550/4550/4282 4515/4515/4282
f 4515/4515/4283 4550/4550/4283 4551/4551/4283
f 4515/4515/4284 4551/4551/4284 4516/4516/4284
f 4516/4516/4285 4551/4551/4285 4552/4552/4285
f 4516/4516/4286 4552/4552/4286 4517/4517/4286
f 4517/4517/4286 4552/4552/4286 4553/4553/4286
f 4517/4517/4287 4553/4553/4287 4518/4518/4287
f 4518/4518/4287 4553/4553/4287 4554/4554/4287
f 4518/4518/4288 4554/4554/4288 4519/4519/4288
f 4519/4519/4288 4554/4554/4288 4555/4555/4288
f 4519/4519/4289 4555/4555/4289 4520/4520/4289
f 4520/4520/4290 4555/4555/4290 4556/4556/4290
f 4520/4520/4291 4556/4556/4291 4521/4521/4291
f 4521/4521/4292 4556/4556/4292 4557/4557/4292
f 4521/4521/4293 4557/4557/4293 4522/4522/4293
f 4522/4522/4294 4557/4557/4294 4558/4558/4294
f 4522/4522/4295 4558/4558/4295 4523/4523/4295
f 4523/4523/4295 4558/4558/4295 4559/4559/4295
f 4523/4523/4296 4559/4559/4296 4524/4524/4296
f 4524/4524/4297 4559/4559/4297 4560/4560/4297
f 4524/4524/4298 4560/4560/4298 4525/4525/4298
f 4525/4525/4299 4560/4560/4299 4561/4561/4299
f 4525/4525/4300 4561/4561/4300 4526/4526/4300
f 4526/4526/4301 4561/4561/4301 4562/4562/4301
f 4526/4526/4302 4562/4562/4302 4527/4527/4302
f 4527/4527/4303 4562/4562/4303 4563/4563/4303
f 4527/4527/4304 4563/4563/4304 4528/4528/4304
f 4528/4528/4305 4563/4563/4305 4564/4564/4305
f 4528/4528/4306 4564/4564/4306 4529/4529/4306
f 4529/4529/4307 4564/4564/4307 4565/4565/4307
f 4529/4529/4308 4565/4565/4308 4530/4530/4308
f 4530/4530/4309 4565/4565/4309 4566/4566/4309
f 4530/4530/4310 4566/4566/4310 4531/4531/4310
f 4531/4531/4310 4566/4566/4310 4567/4567/4310
f 4531/4531/4311 4567/4567/4311 4532/4532/4311
f 4532/4532/4312 4567/4567/4312 4568/4568/4312
f 4532/4532/4313 4568/4568/4313 4533/4533/4313
f 4533/4533/4314 4568/4568/4314 4569/4569/4314
f 4533/4533/4315 4569/4569/4315 4534/4534/4315
f 4534/4534/4316 4569/4569/4316 4570/4570/4316
f 4534/4534/4317 4570/4570/4317 4535/4535/4317
f 4535/4535/4317 4570/4570/4317 4571/4571/4317
f 4535/4535/4318 4571/4571/4318 4536/4536/4318
f 4536/4536/4319 4571/4571/4319 4572/4572/4319
f 4536/4536/4320 4572/4572/4320 4537/4537/4320
f 4537/4537/4320 4572/4572/4320 4573/4573/4320
f 4537/4537/4321 4573/4573/4321 4538/4538/4321
f 4538/4538/4321 4573/4573/4321 4574/4574/4321
f 4538/4538/4322 4574/4574/4322 4539/4539/4322
f 4539/4539/4322 4574/4574/4322 4575/4575/4322
f 4539/4539/4323 4575/4575/4323 4540/4540/4323
f 4540/4540/4324 4575/4575/4324 4576/4576/4324
f 4540/4540/4325 4576/4576/4325 4541/4541/4325
f 4541/4541/4325 4576/4576/4325 4577/4577/4325
f 4541/4541/4326 4577/4577/4326 4542/4542/4326
f 4542/4542/4326 4577/4577/4326 4578/4578/4326
f 4542/4542/4327 4578/4578/4327 4543/4543/4327
f 4543/4543/4328 4578/4578/4328 4579/4579/4328
f 4543/4543/4329 4579/4579/4329 4544/4544/4329
f 4544/4544/4330 4579/4579/4330 4580/4580/4330
f 4544/4544/4331 4580/4580/4331 4545/4545/4331
f 4545/4545/4332 4580/4580/4332 4581/4581/4332
f 4545/4545/4333 4581/4581/4333 4510/4510/4333
f 4510/4510/4334 4581/4581/4334 4546/4546/4334
f 4546/4546/4335 4582/4582/4335 4547/4547/4335
f 4547/4547/4336 4582/4582/4336 4583/4583/4336
f 4547/4547/4337 4583/4583/4337 4548/4548/4337
f 4548/4548/4338 4583/4583/4338 4584/4584/4338
f 4548/4548/4339 4584/4584/4339 4549/4549/4339
f 4549/4549/4339 4584/4584/4339 4585/4585/4339
f 4549/4549/4340 4585/4585/4340 4550/4550/4340
f 4550/4550/4340 4585/4585/4340 4586/4586/4340
f 4550/4550/4341 4586/4586/4341 4551/4551/4341
f 4551/4551/4342 4586/4586/4342 4587/4587/4342
f 4551/4551/4343 4587/4587/4343 4552/4552/4343
f 4552/4552/4344 4587/4587/4344 4588/4588/4344
f 4552/4552/4345 4588/4588/4345 4553/4553/4345
f 4553/4553/4346 4588/4588/4346 4589/4589/4346
f 4553/4553/4347 4589/4589/4347 4554/4554/4347
f 4554/4554/4347 4589/4589/4347 4590/4590/4347
f 4554/4554/4348 4590/4590/4348 4555/4555/4348
f 4555/4555/4348 4590/4590/4348 4591/4591/4348
f 4555/4555/4349 4591/4591/4349 4556/4556/4349
f 4556/4556/4350 4591/4591/4350 4592/4592/4350
f 4556/4556/4351 4592/4592/4351 4557/4557/4351
f 4557/4557/4352 4592/4592/4352 4593/4593/4352
f 4557/4557/4353 4593/4593/4353 4558/4558/4353
f 4558/4558/4354 4593/4593/4354 4594/4594/4354
f 4558/4558/4355 4594/4594/4355 4559/4559/4355
f 4559/4559/4355 4594/4594/4355 4595/4595/4355
f 4559/4559/4356 4595/4595/4356 4560/4560/4356
f 4560/4560/4357 4595/4595/4357 4596/4596/4357
f 4560/4560/4358 4596/4596/4358 4561/4561/4358
f 4561/4561/4359 4596/4596/4359 4597/4597/4359
f 4561/4561/4360 4597/4597/4360 4562/4562/4360
f 4562/4562/4361 4597/4597/4361 4598/4598/4361
f 4562/4562/4362 4598/4598/4362 4563/4563/4362
f 4563/4563/4363 4598/4598/4363 4599/4599/4363
f 4563/4563/4364 4599/4599/4364 4564/4564/4364
f 4564/4564/4365 4599/4599/4365 4600/4600/4365
f 4564/4564/4366 4600/4600/4366 4565/4565/4366
f 4565/4565/4367 4600/4600/4367 4601/4601/4367
f 4565/4565/4368 4601/4601/4368 4566/4566/4368
f 4566/4566/4368 4601/4601/4368 4602/4602/4368
f 4566/4566/4369 4602/4602/4369 4567/4567/4369
f 4567/4567/4370 4602/4602/4370 4603/4603/4370
f 4567/4567/4371 4603/4603/4371 4568/4568/4371
f 4568/4568/4372 4603/4603/4372 4604/4604/4372
f 4568/4568/4373 4604/4604/4373 4569/4569/4373
f 4569/4569/4374 4604/4604/4374 4605/4605/4374
f 4569/4569/4375 4605/4605/4375 4570/4570/4375
f 4570/4570/4376 4605/4605/4376 4606/4606/4376
f 4570/4570/4377 4606/4606/4377 4571/4571/4377
f 4571/4571/4378 4606/4606/4378 4607/4607/4378
f 4571/4571/4379 4607/4607/4379 4572/4572/4379
f 4572/4572/4379 4607/4607/4379 4608/4608/4379
f 4572/4572/4380 4608/4608/4380 4573/4573/4380
f 4573/4573/4380 4608/4608/4380 4609/4609/4380
f 4573/4573/4381 4609/4609/4381 4574/4574/4381
f 4574/4574/4381 4609/4609/4381 4610/4610/4381
f 4574/4574/4382 4610/4610/4382 4575/4575/4382
f 4575/4575/4383 4610/4610/4383 4611/4611/4383
f 4575/4575/4384 4611/4611/4384 4576/4576/4384
f 4576/4576/4384 4611/4611/4384 4612/4612/4384
f 4576/4576/4385 4612/4612/4385 4577/4577/4385
f 4577/4577/4386 4612/4612/4386 4613/4613/4386
f 4577/4577/4387 4613/4613/4387 4578/4578/4387
f 4578/4578/4388 4613/4613/4388 4614/4614/4388
f 4578/4578/4389 4614/4614/4389 4579/4579/4389
f 4579/4579/4390 4614/4614/4390 4615/4615/4390
f 4579/4579/4391 4615/4615/4391 4580/4580/4391
f 4580/4580/4392 4615/4615/4392 4616/4616/4392
f 4580/4580/4393 4616/4616/4393 4581/4581/4393
f 4581/4581/4394 4616/4616/4394 4617/4617/4394
f 4581/4581/4395 4617/4617/4395 4546/4546/4395
f 4546/4546/4396 4617/4617/4396 4582/4582/4396
f 4582/4582/4397 4618/4618/4397 4583/4583/4397
f 4583/4583/3111 4618/4618/3111 4619/4619/3111
f 4583/4583/4398 4619/4619/4398 4584/4584/4398
f 4584/4584/4399 4619/4619/4399 4620/4620/4399
f 4584/4584/4400 4620/4620/4400 4585/4585/4400
f 4585/4585/3144 4620/4620/3144 4621/4621/3144
f 4585/4585/4401 4621/4621/4401 4586/4586/4401
f 4586/4586/4402 4621/4621/4402 4622/4622/4402
f 4586/4586/4130 4622/4622/4130 4587/4587/4130
f 4587/4587/4130 4622/4622/4130 4623/4623/4130
f 4587/4587/4403 4623/4623/4403 4588/4588/4403
f 4588/4588/4403 4623/4623/4403 4624/4624/4403
f 4588/4588/4404 4624/4624/4404 4589/4589/4404
f 4589/4589/3119 4624/4624/3119 4625/4625/3119
f 4589/4589/3148 4625/4625/3148 4590/4590/3148
f 4590/4590/3148 4625/4625/3148 4626/4626/3148
f 4590/4590/4405 4626/4626/4405 4591/4591/4405
f 4591/4591/4405 4626/4626/4405 4627/4627/4405
f 4591/4591/4121 4627/4627/4121 4592/4592/4121
f 4592/4592/4121 4627/4627/4121 4628/4628/4121
f 4592/4592/4406 4628/4628/4406 4593/4593/4406
f 4593/4593/3124 4628/4628/3124 4629/4629/3124
f 4593/4593/4132 4629/4629/4132 4594/4594/4132
f 4594/4594/4132 4629/4629/4132 4630/4630/4132
f 4594/4594/3126 4630/4630/3126 4595/4595/3126
f 4595/4595/3149 4630/4630/3149 4631/4631/3149
f 4595/4595/4407 4631/4631/4407 4596/4596/4407
f 4596/4596/3150 4631/4631/3150 4632/4632/3150
f 4596/4596/4408 4632/4632/4408 4597/4597/4408
f 4597/4597/3152 4632/4632/3152 4633/4633/3152
f 4597/4597/3132 4633/4633/3132 4598/4598/3132
f 4598/4598/4123 4633/4633/4123 4634/4634/4123
f 4598/4598/4409 4634/4634/4409 4599/4599/4409
f 4599/4599/4410 4634/4634/4410 4635/4635/4410
f 4599/4599/3153 4635/4635/3153 4600/4600/3153
f 4600/4600/4411 4635/4635/4411 4636/4636/4411
f 4600/4600/4412 4636/4636/4412 4601/4601/4412
f 4601/4601/4413 4636/4636/4413 4637/4637/4413
f 4601/4601/3086 4637/4637/3086 4602/4602/3086
f 4602/4602/4414 4637/4637/4414 4638/4638/4414
f 4602/4602/3088 4638/4638/3088 4603/4603/3088
f 4603/4603/4415 4638/4638/4415 4639/4639/4415
f 4603/4603/4124 4639/4639/4124 4604/4604/4124
f 4604/4604/4416 4639/4639/4416 4640/4640/4416
f 4604/4604/3091 4640/4640/3091 4605/4605/3091
f 4605/4605/3092 4640/4640/3092 4641/4641/3092
f 4605/4605/3093 4641/4641/3093 4606/4606/3093
f 4606/4606/4417 4641/4641/4417 4642/4642/4417
f 4606/4606/3094 4642/4642/3094 4607/4607/3094
f 4607/4607/3094 4642/4642/3094 4643/4643/3094
f 4607/4607/3096 4643/4643/3096 4608/4608/3096
f 4608/4608/4126 4643/4643/4126 4644/4644/4126
f 4608/4608/4113 4644/4644/4113 4609/4609/4113
f 4609/4609/4113 4644/4644/4113 4645/4645/4113
f 4609/4609/3098 4645/4645/3098 4610/4610/3098
f 4610/4610/4114 4645/4645/4114 4646/4646/4114
f 4610/4610/4418 4646/4646/4418 4611/4611/4418
f 4611/4611/4418 4646/4646/4418 4647/4647/4418
f 4611/4611/4419 4647/4647/4419 4612/4612/4419
f 4612/4612/4115 4647/4647/4115 4648/4648/4115
f 4612/4612/4420 4648/4648/4420 4613/4613/4420
f 4613/4613/4421 4648/4648/4421 4649/4649/4421
f 4613/4613/4422 4649/4649/4422 4614/4614/4422
f 4614/4614/4422 4649/4649/4422 4650/4650/4422
f 4614/4614/4423 4650/4650/4423 4615/4615/4423
f 4615/4615/4424 4650/4650/4424 4651/4651/4424
f 4615/4615/3107 4651/4651/3107 4616/4616/3107
f 4616/4616/4425 4651/4651/4425 4652/4652/4425
f 4616/4616/4426 4652/4652/4426 4617/4617/4426
f 4617/4617/4427 4652/4652/4427 4653/4653/4427
f 4617/4617/4428 4653/4653/4428 4582/4582/4428
f 4582/4582/3110 4653/4653/3110 4618/4618/3110
f 4618/4618/4429 4654/4654/4429 4619/4619/4429
f 4619/4619/4429 4654/4654/4429 4655/4655/4429
f 4619/4619/4430 4655/4655/4430 4620/4620/4430
f 4620/4620/4430 4655/4655/4430 4656/4656/4430
f 4620/4620/4431 4656/4656/4431 4621/4621/4431
f 4621/4621/4432 4656/4656/4432 4657/4657/4432
f 4621/4621/4433 4657/4657/4433 4622/4622/4433
f 4622/4622/4434 4657/4657/4434 4658/4658/4434
f 4622/4622/4435 4658/4658/4435 4623/4623/4435
f 4623/4623/4436 4658/4658/4436 4659/4659/4436
f 4623/4623/4437 4659/4659/4437 4624/4624/4437
f 4624/4624/4438 4659/4659/4438 4660/4660/4438
f 4624/4624/4439 4660/4660/4439 4625/4625/4439
f 4625/4625/4440 4660/4660/4440 4661/4661/4440
f 4625/4625/4441 4661/4661/4441 4626/4626/4441
f 4626/4626/4441 4661/4661/4441 4662/4662/4441
f 4626/4626/4442 4662/4662/4442 4627/4627/4442
f 4627/4627/4442 4662/4662/4442 4663/4663/4442
f 4627/4627/4443 4663/4663/4443 4628/4628/4443
f 4628/4628/4444 4663/4663/4444 4664/4664/4444
f 4628/4628/4445 4664/4664/4445 4629/4629/4445
f 4629/4629/4446 4664/4664/4446 4665/4665/4446
f 4629/4629/4447 4665/4665/4447 4630/4630/4447
f 4630/4630/4448 4665/4665/4448 4666/4666/4448
f 4630/4630/4449 4666/4666/4449 4631/4631/4449
f 4631/4631/4450 4666/4666/4450 4667/4667/4450
f 4631/4631/4451 4667/4667/4451 4632/4632/4451
f 4632/4632/4452 4667/4667/4452 4668/4668/4452
f 4632/4632/4453 4668/4668/4453 4633/4633/4453
f 4633/4633/4453 4668/4668/4453 4669/4669/4453
f 4633/4633/4454 4669/4669/4454 4634/4634/4454
f 4634/4634/4455 4669/4669/4455 4670/4670/4455
f 4634/4634/4456 4670/4670/4456 4635/4635/4456
f 4635/4635/4456 4670/4670/4456 4671/4671/4456
f 4635/4635/4457 4671/4671/4457 4636/4636/4457
f 4636/4636/4457 4671/4671/4457 4672/4672/4457
f 4636/4636/4458 4672/4672/4458 4637/4637/4458
f 4637/4637/4459 4672/4672/4459 4673/4673/4459
f 4637/4637/4460 4673/4673/4460 4638/4638/4460
f 4638/4638/4460 4673/4673/4460 4674/4674/4460
f 4638/4638/4461 4674/4674/4461 4639/4639/4461
f 4639/4639/4462 4674/4674/4462 4675/4675/4462
f 4639/4639/4463 4675/4675/4463 4640/4640/4463
f 4640/4640/4464 4675/4675/4464 4676/4676/4464
f 4640/4640/4465 4676/4676/4465 4641/4641/4465
f 4641/4641/4466 4676/4676/4466 4677/4677/4466
f 4641/4641/4467 4677/4677/4467 4642/4642/4467
f 4642/4642/4468 4677/4677/4468 4678/4678/4468
f 4642/4642/4469 4678/4678/4469 4643/4643/4469
f 4643/4643/4469 4678/4678/4469 4679/4679/4469
f 4643/4643/4470 4679/4679/4470 4644/4644/4470
f 4644/4644/4470 4679/4679/4470 4680/4680/4470
f 4644/4644/4471 4680/4680/4471 4645/4645/4471
f 4645/4645/4471 4680/4680/4471 4681/4681/4471
f 4645/4645/4472 4681/4681/4472 4646/4646/4472
f 4646/4646/4473 4681/4681/4473 4682/4682/4473
f 4646/4646/4474 4682/4682/4474 4647/4647/4474
f 4647/4647/4474 4682/4682/4474 4683/4683/4474
f 4647/4647/4475 4683/4683/4475 4648/4648/4475
f 4648/4648/4476 4683/4683/4476 4684/4684/4476
f 4648/4648/4477 4684/4684/4477 4649/4649/4477
f 4649/4649/4478 4684/4684/4478 4685/4685/4478
f 4649/4649/4479 4685/4685/4479 4650/4650/4479
f 4650/4650/4480 4685/4685/4480 4686/4686/4480
f 4650/4650/4481 4686/4686/4481 4651/4651/4481
f 4651/4651/4481 4686/4686/4481 4687/4687/4481
f 4651/4651/4482 4687/4687/4482 4652/4652/4482
f 4652/4652/4483 4687/4687/4483 4688/4688/4483
f 4652/4652/4484 4688/4688/4484 4653/4653/4484
f 4653/4653/4485 4688/4688/4485 4689/4689/4485
f 4653/4653/4486 4689/4689/4486 4618/4618/4486
f 4618/4618/4486 4689/4689/4486 4654/4654/4486
f 4654/4654/4487 4690/4690/4487 4655/4655/4487
f 4655/4655/4487 4690/4690/4487 4691/4691/4487
f 4655/4655/4488 4691/4691/4488 4656/4656/4488
f 4656/4656/4488 4691/4691/4488 4692/4692/4488
f 4656/4656/4489 4692/4692/4489 4657/4657/4489
f 4657/4657/4490 4692/4692/4490 4693/4693/4490
f 4657/4657/4491 4693/4693/4491 4658/4658/4491
f 4658/4658/4492 4693/4693/4492 4694/4694/4492
f 4658/4658/4493 4694/4694/4493 4659/4659/4493
f 4659/4659/4494 4694/4694/4494 4695/4695/4494
f 4659/4659/4495 4695/4695/4495 4660/4660/4495
f 4660/4660/4495 4695/4695/4495 4696/4696/4495
f 4660/4660/4496 4696/4696/4496 4661/4661/4496
f 4661/4661/4496 4696/4696/4496 4697/4697/4496
f 4661/4661/4497 4697/4697/4497 4662/4662/4497
f 4662/4662/4498 4697/4697/4498 4698/4698/4498
f 4662/4662/4499 4698/4698/4499 4663/4663/4499
f 4663/4663/4499 4698/4698/4499 4699/4699/4499
f 4663/4663/4500 4699/4699/4500 4664/4664/4500
f 4664/4664/4500 4699/4699/4500 4700/4700/4500
f 4664/4664/4501 4700/4700/4501 4665/4665/4501
f 4665/4665/4501 4700/4700/4501 4701/4701/4501
f 4665/4665/4502 4701/4701/4502 4666/4666/4502
f 4666/4666/4503 4701/4701/4503 4702/4702/4503
f 4666/4666/4504 4702/4702/4504 4667/4667/4504
f 4667/4667/4505 4702/4702/4505 4703/4703/4505
f 4667/4667/4506 4703/4703/4506 4668/4668/4506
f 4668/4668/4507 4703/4703/4507 4704/4704/4507
f 4668/4668/4508 4704/4704/4508 4669/4669/4508
f 4669/4669/4509 4704/4704/4509 4705/4705/4509
f 4669/4669/4510 4705/4705/4510 4670/4670/4510
f 4670/4670/4510 4705/4705/4510 4706/4706/4510
f 4670/4670/4511 4706/4706/4511 4671/4671/4511
f 4671/4671/4512 4706/4706/4512 4707/4707/4512
f 4671/4671/4513 4707/4707/4513 4672/4672/4513
f 4672/4672/4514 4707/4707/4514 4708/4708/4514
f 4672/4672/4515 4708/4708/4515 4673/4673/4515
f 4673/4673/4516 4708/4708/4516 4709/4709/4516
f 4673/4673/4517 4709/4709/4517 4674/4674/4517
f 4674/4674/4517 4709/4709/4517 4710/4710/4517
f 4674/4674/4518 4710/4710/4518 4675/4675/4518
f 4675/4675/4519 4710/4710/4519 4711/4711/4519
f 4675/4675/4520 4711/4711/4520 4676/4676/4520
f 4676/4676/4521 4711/4711/4521 4712/4712/4521
f 4676/4676/4522 4712/4712/4522 4677/4677/4522
f 4677/4677/4523 4712/4712/4523 4713/4713/4523
f 4677/4677/4524 4713/4713/4524 4678/4678/4524
f 4678/4678/4525 4713/4713/4525 4714/4714/4525
f 4678/4678/4526 4714/4714/4526 4679/4679/4526
f 4679/4679/4527 4714/4714/4527 4715/4715/4527
f 4679/4679/4528 4715/4715/4528 4680/4680/4528
f 4680/4680/4529 4715/4715/4529 4716/4716/4529
f 4680/4680/4530 4716/4716/4530 4681/4681/4530
f 4681/4681/4531 4716/4716/4531 4717/4717/4531
f 4681/4681/4532 4717/4717/4532 4682/4682/4532
f 4682/4682/4533 4717/4717/4533 4718/4718/4533
f 4682/4682/4534 4718/4718/4534 4683/4683/4534
f 4683/4683/4535 4718/4718/4535 4719/4719/4535
f 4683/4683/4536 4719/4719/4536 4684/4684/4536
f 4684/4684/4536 4719/4719/4536 4720/4720/4536
f 4684/4684/4537 4720/4720/4537 4685/4685/4537
f 4685/4685/4538 4720/4720/4538 4721/4721/4538
f 4685/4685/4539 4721/4721/4539 4686/4686/4539
f 4686/4686/4540 4721/4721/4540 4722/4722/4540
f 4686/4686/4541 4722/4722/4541 4687/4687/4541
f 4687/4687/4541 4722/4722/4541 4723/4723/4541
f 4687/4687/4542 4723/4723/4542 4688/4688/4542
f 4688/4688/4542 4723/4723/4542 4465/4465/4542
f 4688/4688/4543 4465/4465/4543 4689/4689/4543
f 4689/4689/4544 4465/4465/4544 4464/4464/4544
f 4689/4689/4545 4464/4464/4545 4654/4654/4545
f 4654/4654/4546 4464/4464/4546 4690/4690/4546
f 4139/4139/4547 4138/4138/4547 4464/4464/4547
f 4464/4464/4548 4138/4138/4548 4137/4137/4548
f 4464/4464/4549 4137/4137/4549 4690/4690/4549
f 4690/4690/4550 4137/4137/4550 4462/4462/4550
f 4690/4690/4551 4462/4462/4551 4691/4691/4551
f 4691/4691/4551 4462/4462/4551 4463/4463/4551
f 4691/4691/4552 4463/4463/4552 4692/4692/4552
f 4692/4692/4552 4463/4463/4552 4724/4724/4552
f 4692/4692/4553 4724/4724/4553 4693/4693/4553
f 4693/4693/4553 4724/4724/4553 4725/4725/4553
f 4693/4693/4554 4725/4725/4554 4694/4694/4554
f 4694/4694/4555 4725/4725/4555 4726/4726/4555
f 4694/4694/4556 4726/4726/4556 4695/4695/4556
f 4695/4695/4557 4726/4726/4557 4727/4727/4557
f 4695/4695/4558 4727/4727/4558 4696/4696/4558
f 4696/4696/4559 4727/4727/4559 4728/4728/4559
f 4696/4696/4560 4728/4728/4560 4697/4697/4560
f 4697/4697/4561 4728/4728/4561 4729/4729/4561
f 4697/4697/4562 4729/4729/4562 4698/4698/4562
f 4698/4698/4562 4729/4729/4562 4730/4730/4562
f 4698/4698/4563 4730/4730/4563 4699/4699/4563
f 4699/4699/4564 4730/4730/4564 4731/4731/4564
f 4699/4699/4565 4731/4731/4565 4700/4700/4565
f 4700/4700/4566 4731/4731/4566 4732/4732/4566
f 4700/4700/4567 4732/4732/4567 4701/4701/4567
f 4701/4701/4567 4732/4732/4567 4733/4733/4567
f 4701/4701/4568 4733/4733/4568 4702/4702/4568
f 4702/4702/4568 4733/4733/4568 4734/4734/4568
f 4702/4702/4569 4734/4734/4569 4703/4703/4569
f 4703/4703/4570 4734/4734/4570 4735/4735/4570
f 4703/4703/4571 4735/4735/4571 4704/4704/4571
f 4704/4704/4572 4735/4735/4572 4736/4736/4572
f 4704/4704/4573 4736/4736/4573 4705/4705/4573
f 4705/4705/4574 4736/4736/4574 4473/4473/4574
f 4705/4705/4575 4473/4473/4575 4706/4706/4575
f 4706/4706/4575 4473/4473/4575 4460/4460/4575
f 4706/4706/4576 4460/4460/4576 4707/4707/4576
f 4707/4707/4577 4460/4460/4577 4459/4459/4577
f 4707/4707/4578 4459/4459/4578 4708/4708/4578
f 4708/4708/4579 4459/4459/4579 4471/4471/4579
f 4708/4708/4580 4471/4471/4580 4709/4709/4580
f 4709/4709/4580 4471/4471/4580 4469/4469/4580
f 4709/4709/4581 4469/4469/4581 4710/4710/4581
f 4710/4710/4582 4469/4469/4582 4737/4737/4582
f 4710/4710/4583 4737/4737/4583 4711/4711/4583
f 4711/4711/4583 4737/4737/4583 4738/4738/4583
f 4711/4711/4584 4738/4738/4584 4712/4712/4584
f 4712/4712/4585 4738/4738/4585 4739/4739/4585
f 4712/4712/4586 4739/4739/4586 4713/4713/4586
f 4713/4713/4586 4739/4739/4586 4740/4740/4586
f 4713/4713/4587 4740/4740/4587 4714/4714/4587
f 4714/4714/4587 4740/4740/4587 4741/4741/4587
f 4714/4714/4588 4741/4741/4588 4715/4715/4588
f 4715/4715/4588 4741/4741/4588 4742/4742/4588
f 4715/4715/4589 4742/4742/4589 4716/4716/4589
f 4716/4716/4589 4742/4742/4589 4743/4743/4589
f 4716/4716/4590 4743/4743/4590 4717/4717/4590
f 4717/4717/4590 4743/4743/4590 4744/4744/4590
f 4717/4717/4591 4744/4744/4591 4718/4718/4591
f 4718/4718/4591 4744/4744/4591 4745/4745/4591
f 4718/4718/4592 4745/4745/4592 4719/4719/4592
f 4719/4719/4593 4745/4745/4593 4746/4746/4593
f 4719/4719/4594 4746/4746/4594 4720/4720/4594
f 4720/4720/4595 4746/4746/4595 4747/4747/4595
f 4720/4720/4596 4747/4747/4596 4721/4721/4596
f 4721/4721/4597 4747/4747/4597 4748/4748/4597
f 4721/4721/4598 4748/4748/4598 4722/4722/4598
f 4722/4722/4599 4748/4748/4599 4749/4749/4599
f 4722/4722/4600 4749/4749/4600 4723/4723/4600
f 4723/4723/4601 4749/4749/4601 4467/4467/4601
f 4723/4723/4602 4467/4467/4602 4465/4465/4602
f 4465/4465/4603 4467/4467/4603 4466/4466/4603
f 4465/4465/4604 4466/4466/4604 4134/4134/4604
f 4134/4134/4605 4466/4466/4605 4135/4135/4605
f 4468/4468/4148 4262/4262/4148 4469/4469/4148
f 4469/4469/4606 4262/4262/4606 4261/4261/4606
f 4469/4469/4607 4261/4261/4607 4737/4737/4607
f 4737/4737/4608 4261/4261/4608 4252/4252/4608
f 4737/4737/4609 4252/4252/4609 4738/4738/4609
f 4738/4738/4610 4252/4252/4610 4251/4251/4610
f 4738/4738/4611 4251/4251/4611 4739/4739/4611
f 4739/4739/4612 4251/4251/4612 4249/4249/4612
f 4739/4739/4613 4249/4249/4613 4740/4740/4613
f 4740/4740/4614 4249/4249/4614 4248/4248/4614
f 4740/4740/4615 4248/4248/4615 4741/4741/4615
f 4741/4741/4615 4248/4248/4615 4265/4265/4615
f 4741/4741/4616 4265/4265/4616 4742/4742/4616
f 4742/4742/4617 4265/4265/4617 4267/4267/4617
f 4742/4742/4618 4267/4267/4618 4743/4743/4618
f 4743/4743/4618 4267/4267/4618 4274/4274/4618
f 4743/4743/4619 4274/4274/4619 4744/4744/4619
f 4744/4744/4619 4274/4274/4619 4275/4275/4619
f 4744/4744/4620 4275/4275/4620 4745/4745/4620
f 4745/4745/4620 4275/4275/4620 4264/4264/4620
f 4745/4745/4621 4264/4264/4621 4746/4746/4621
f 4746/4746/4622 4264/4264/4622 4263/4263/4622
f 4746/4746/4623 4263/4263/4623 4747/4747/4623
f 4747/4747/4623 4263/4263/4623 4273/4273/4623
f 4747/4747/4624 4273/4273/4624 4748/4748/4624
f 4748/4748/4624 4273/4273/4624 4272/4272/4624
f 4748/4748/4625 4272/4272/4625 4749/4749/4625
f 4749/4749/4626 4272/4272/4626 4271/4271/4626
f 4749/4749/4627 4271/4271/4627 4467/4467/4627
f 4467/4467/4628 4271/4271/4628 4270/4270/4628
f 4467/4467/4629 4270/4270/4629 4136/4136/4629
f 4133/4133/4630 10/10/4630 4463/4463/4630
f 4463/4463/4631 10/10/4631 12/12/4631
f 4463/4463/4632 12/12/4632 4724/4724/4632
f 4724/4724/4633 12/12/4633 13/13/4633
f 4724/4724/4634 13/13/4634 4725/4725/4634
f 4725/4725/4635 13/13/4635 27/27/4635
f 4725/4725/4636 27/27/4636 4726/4726/4636
f 4726/4726/4636 27/27/4636 26/26/4636
f 4726/4726/4637 26/26/4637 4727/4727/4637
f 4727/4727/4637 26/26/4637 24/24/4637
f 4727/4727/4638 24/24/4638 4728/4728/4638
f 4728/4728/4639 24/24/4639 23/23/4639
f 4728/4728/4640 23/23/4640 4729/4729/4640
f 4729/4729/4640 23/23/4640 33/33/4640
f 4729/4729/4641 33/33/4641 4730/4730/4641
f 4730/4730/4641 33/33/4641 32/32/4641
f 4730/4730/4642 32/32/4642 4731/4731/4642
f 4731/4731/4642 32/32/4642 31/31/4642
f 4731/4731/4643 31/31/4643 4732/4732/4643
f 4732/4732/4643 31/31/4643 8/8/4643
f 4732/4732/4644 8/8/4644 4733/4733/4644
f 4733/4733/4645 8/8/4645 7/7/4645
f 4733/4733/4646 7/7/4646 4734/4734/4646
f 4734/4734/4647 7/7/4647 16/16/4647
f 4734/4734/4648 16/16/4648 4735/4735/4648
f 4735/4735/4649 16/16/4649 20/20/4649
f 4735/4735/4650 20/20/4650 4736/4736/4650
f 4736/4736/4651 20/20/4651 19/19/4651
f 4736/4736/4652 19/19/4652 4473/4473/4652
f 4473/4473/4653 19/19/4653 6/6/4653
f 4473/4473/4654 6/6/4654 5/5/4654
f 4459/4459/4655 4750/4750/4655 4470/4470/4655
f 4122/4122/4656 4751/4751/4656 4127/4127/4656
f 4751/4751/4657 4122/4122/4657 4752/4752/4657
f 4129/4129/4658 4753/4753/4658 4124/4124/4658
f 4124/4124/4659 4753/4753/4659 4754/4754/4659
f 4125/4125/4660 4755/4755/4660 2/2/4660
f 2/2/4661 4755/4755/4661 4756/4756/4661
f 4472/4472/4662 4757/4757/4662 4461/4461/4662
f 4461/4461/3706 4757/4757/3706 4758/4758/3706
f 4461/4461/4663 4758/4758/4663 4459/4459/4663
f 4470/4470/4664 4750/4750/4664 4468/4468/4664
f 4468/4468/4665 4750/4750/4665 4759/4759/4665
f 4468/4468/4666 4759/4759/4666 4262/4262/4666
f 4140/4140/4667 4760/4760/4667 4210/4210/4667
f 4210/4210/4668 4760/4760/4668 4761/4761/4668
f 4210/4210/4151 4761/4761/4151 4208/4208/4151
f 4208/4208/4669 4761/4761/4669 4762/4762/4669
f 4208/4208/4670 4762/4762/4670 4206/4206/4670
f 4206/4206/4671 4762/4762/4671 4763/4763/4671
f 4206/4206/4672 4763/4763/4672 4204/4204/4672
f 4204/4204/4672 4763/4763/4672 4764/4764/4672
f 4204/4204/4158 4764/4764/4158 4202/4202/4158
f 4202/4202/4673 4764/4764/4673 4765/4765/4673
f 4202/4202/4674 4765/4765/4674 4200/4200/4674
f 4200/4200/4674 4765/4765/4674 4766/4766/4674
f 4200/4200/4675 4766/4766/4675 4198/4198/4675
f 4198/4198/4160 4766/4766/4160 4767/4767/4160
f 4198/4198/4676 4767/4767/4676 4196/4196/4676
f 4196/4196/4161 4767/4767/4161 4768/4768/4161
f 4196/4196/4162 4768/4768/4162 4194/4194/4162
f 4194/4194/4163 4768/4768/4163 4769/4769/4163
f 4194/4194/4677 4769/4769/4677 4192/4192/4677
f 4192/4192/4164 4769/4769/4164 4770/4770/4164
f 4192/4192/4165 4770/4770/4165 4190/4190/4165
f 4190/4190/4678 4770/4770/4678 4771/4771/4678
f 4190/4190/4679 4771/4771/4679 4188/4188/4679
f 4188/4188/4679 4771/4771/4679 4772/4772/4679
f 4188/4188/4680 4772/4772/4680 4186/4186/4680
f 4186/4186/4168 4772/4772/4168 4773/4773/4168
f 4186/4186/4169 4773/4773/4169 4184/4184/4169
f 4184/4184/4681 4773/4773/4681 4774/4774/4681
f 4184/4184/4682 4774/4774/4682 4182/4182/4682
f 4182/4182/4172 4774/4774/4172 4775/4775/4172
f 4182/4182/4173 4775/4775/4173 4180/4180/4173
f 4180/4180/4683 4775/4775/4683 4776/4776/4683
f 4180/4180/4684 4776/4776/4684 4178/4178/4684
f 4178/4178/4685 4776/4776/4685 4777/4777/4685
f 4178/4178/4686 4777/4777/4686 4176/4176/4686
f 4176/4176/4687 4777/4777/4687 4778/4778/4687
f 4176/4176/4688 4778/4778/4688 4174/4174/4688
f 4174/4174/4180 4778/4778/4180 4779/4779/4180
f 4174/4174/4181 4779/4779/4181 4172/4172/4181
f 4172/4172/4689 4779/4779/4689 4780/4780/4689
f 4172/4172/4690 4780/4780/4690 4170/4170/4690
f 4170/4170/4184 4780/4780/4184 4781/4781/4184
f 4170/4170/4691 4781/4781/4691 4168/4168/4691
f 4168/4168/4692 4781/4781/4692 4782/4782/4692
f 4168/4168/4693 4782/4782/4693 4166/4166/4693
f 4166/4166/4694 4782/4782/4694 4783/4783/4694
f 4166/4166/4695 4783/4783/4695 4164/4164/4695
f 4164/4164/4696 4783/4783/4696 4784/4784/4696
f 4164/4164/4697 4784/4784/4697 4162/4162/4697
f 4162/4162/4698 4784/4784/4698 4785/4785/4698
f 4162/4162/4191 4785/4785/4191 4160/4160/4191
f 4160/4160/4192 4785/4785/4192 4786/4786/4192
f 4160/4160/4193 4786/4786/4193 4158/4158/4193
f 4158/4158/4193 4786/4786/4193 4787/4787/4193
f 4158/4158/4699 4787/4787/4699 4156/4156/4699
f 4156/4156/4195 4787/4787/4195 4788/4788/4195
f 4156/4156/4700 4788/4788/4700 4154/4154/4700
f 4154/4154/4701 4788/4788/4701 4789/4789/4701
f 4154/4154/4199 4789/4789/4199 4152/4152/4199
f 4152/4152/4702 4789/4789/4702 4790/4790/4702
f 4152/4152/4703 4790/4790/4703 4150/4150/4703
f 4150/4150/4704 4790/4790/4704 4791/4791/4704
f 4150/4150/4203 4791/4791/4203 4148/4148/4203
f 4148/4148/4202 4791/4791/4202 4792/4792/4202
f 4148/4148/4705 4792/4792/4705 4146/4146/4705
f 4146/4146/4706 4792/4792/4706 4793/4793/4706
f 4146/4146/4707 4793/4793/4707 4144/4144/4707
f 4144/4144/4708 4793/4793/4708 4794/4794/4708
f 4144/4144/4709 4794/4794/4709 4142/4142/4709
f 4142/4142/4209 4794/4794/4209 4795/4795/4209
f 4142/4142/4710 4795/4795/4710 4140/4140/4710
f 4140/4140/4711 4795/4795/4711 4760/4760/4711
f 4760/4760/4213 4796/4796/4213 4761/4761/4213
f 4761/4761/4712 4796/4796/4712 4797/4797/4712
f 4761/4761/4713 4797/4797/4713 4762/4762/4713
f 4762/4762/4215 4797/4797/4215 4798/4798/4215
f 4762/4762/4216 4798/4798/4216 4763/4763/4216
f 4763/4763/4217 4798/4798/4217 4799/4799/4217
f 4763/4763/4218 4799/4799/4218 4764/4764/4218
f 4764/4764/4219 4799/4799/4219 4800/4800/4219
f 4764/4764/4220 4800/4800/4220 4765/4765/4220
f 4765/4765/4714 4800/4800/4714 4801/4801/4714
f 4765/4765/4715 4801/4801/4715 4766/4766/4715
f 4766/4766/4222 4801/4801/4222 4802/4802/4222
f 4766/4766/4223 4802/4802/4223 4767/4767/4223
f 4767/4767/4224 4802/4802/4224 4803/4803/4224
f 4767/4767/4225 4803/4803/4225 4768/4768/4225
f 4768/4768/4225 4803/4803/4225 4804/4804/4225
f 4768/4768/4226 4804/4804/4226 4769/4769/4226
f 4769/4769/4226 4804/4804/4226 4805/4805/4226
f 4769/4769/4227 4805/4805/4227 4770/4770/4227
f 4770/4770/4227 4805/4805/4227 4806/4806/4227
f 4770/4770/4228 4806/4806/4228 4771/4771/4228
f 4771/4771/4229 4806/4806/4229 4807/4807/4229
f 4771/4771/4230 4807/4807/4230 4772/4772/4230
f 4772/4772/4716 4807/4807/4716 4808/4808/4716
f 4772/4772/4232 4808/4808/4232 4773/4773/4232
f 4773/4773/4717 4808/4808/4717 4809/4809/4717
f 4773/4773/4718 4809/4809/4718 4774/4774/4718
f 4774/4774/4719 4809/4809/4719 4810/4810/4719
f 4774/4774/4234 4810/4810/4234 4775/4775/4234
f 4775/4775/4235 4810/4810/4235 4811/4811/4235
f 4775/4775/4236 4811/4811/4236 4776/4776/4236
f 4776/4776/4720 4811/4811/4720 4812/4812/4720
f 4776/4776/4238 4812/4812/4238 4777/4777/4238
f 4777/4777/4721 4812/4812/4721 4813/4813/4721
f 4777/4777/4722 4813/4813/4722 4778/4778/4722
f 4778/4778/4723 4813/4813/4723 4814/4814/4723
f 4778/4778/4241 4814/4814/4241 4779/4779/4241
f 4779/4779/4724 4814/4814/4724 4815/4815/4724
f 4779/4779/4725 4815/4815/4725 4780/4780/4725
f 4780/4780/4726 4815/4815/4726 4816/4816/4726
f 4780/4780/4245 4816/4816/4245 4781/4781/4245
f 4781/4781/4727 4816/4816/4727 4817/4817/4727
f 4781/4781/4728 4817/4817/4728 4782/4782/4728
f 4782/4782/4247 4817/4817/4247 4818/4818/4247
f 4782/4782/4729 4818/4818/4729 4783/4783/4729
f 4783/4783/4249 4818/4818/4249 4819/4819/4249
f 4783/4783/4730 4819/4819/4730 4784/4784/4730
f 4784/4784/4731 4819/4819/4731 4820/4820/4731
f 4784/4784/4732 4820/4820/4732 4785/4785/4732
f 4785/4785/4253 4820/4820/4253 4821/4821/4253
f 4785/4785/4254 4821/4821/4254 4786/4786/4254
f 4786/4786/4254 4821/4821/4254 4822/4822/4254
f 4786/4786/4255 4822/4822/4255 4787/4787/4255
f 4787/4787/4255 4822/4822/4255 4823/4823/4255
f 4787/4787/4257 4823/4823/4257 4788/4788/4257
f 4788/4788/4733 4823/4823/4733 4824/4824/4733
f 4788/4788/4734 4824/4824/4734 4789/4789/4734
f 4789/4789/4735 4824/4824/4735 4825/4825/4735
f 4789/4789/4736 4825/4825/4736 4790/4790/4736
f 4790/4790/4261 4825/4825/4261 4826/4826/4261
f 4790/4790/4262 4826/4826/4262 4791/4791/4262
f 4791/4791/4263 4826/4826/4263 4827/4827/4263
f 4791/4791/4737 4827/4827/4737 4792/4792/4737
f 4792/4792/4265 4827/4827/4265 4828/4828/4265
f 4792/4792/4266 4828/4828/4266 4793/4793/4266
f 4793/4793/4266 4828/4828/4266 4829/4829/4266
f 4793/4793/4269 4829/4829/4269 4794/4794/4269
f 4794/4794/4268 4829/4829/4268 4830/4830/4268
f 4794/4794/4738 4830/4830/4738 4795/4795/4738
f 4795/4795/4271 4830/4830/4271 4831/4831/4271
f 4795/4795/4272 4831/4831/4272 4760/4760/4272
f 4760/4760/4739 4831/4831/4739 4796/4796/4739
f 4796/4796/4274 4832/4832/4274 4797/4797/4274
f 4797/4797/4740 4832/4832/4740 4833/4833/4740
f 4797/4797/4741 4833/4833/4741 4798/4798/4741
f 4798/4798/4277 4833/4833/4277 4834/4834/4277
f 4798/4798/4279 4834/4834/4279 4799/4799/4279
f 4799/4799/4279 4834/4834/4279 4835/4835/4279
f 4799/4799/4280 4835/4835/4280 4800/4800/4280
f 4800/4800/4742 4835/4835/4742 4836/4836/4742
f 4800/4800/4282 4836/4836/4282 4801/4801/4282
f 4801/4801/4743 4836/4836/4743 4837/4837/4743
f 4801/4801/4744 4837/4837/4744 4802/4802/4744
f 4802/4802/4745 4837/4837/4745 4838/4838/4745
f 4802/4802/4286 4838/4838/4286 4803/4803/4286
f 4803/4803/4286 4838/4838/4286 4839/4839/4286
f 4803/4803/4287 4839/4839/4287 4804/4804/4287
f 4804/4804/4287 4839/4839/4287 4840/4840/4287
f 4804/4804/4288 4840/4840/4288 4805/4805/4288
f 4805/4805/4288 4840/4840/4288 4841/4841/4288
f 4805/4805/4289 4841/4841/4289 4806/4806/4289
f 4806/4806/4290 4841/4841/4290 4842/4842/4290
f 4806/4806/4291 4842/4842/4291 4807/4807/4291
f 4807/4807/4746 4842/4842/4746 4843/4843/4746
f 4807/4807/4294 4843/4843/4294 4808/4808/4294
f 4808/4808/4747 4843/4843/4747 4844/4844/4747
f 4808/4808/4748 4844/4844/4748 4809/4809/4748
f 4809/4809/4749 4844/4844/4749 4845/4845/4749
f 4809/4809/4750 4845/4845/4750 4810/4810/4750
f 4810/4810/4297 4845/4845/4297 4846/4846/4297
f 4810/4810/4298 4846/4846/4298 4811/4811/4298
f 4811/4811/4751 4846/4846/4751 4847/4847/4751
f 4811/4811/4752 4847/4847/4752 4812/4812/4752
f 4812/4812/4753 4847/4847/4753 4848/4848/4753
f 4812/4812/4303 4848/4848/4303 4813/4813/4303
f 4813/4813/4754 4848/4848/4754 4849/4849/4754
f 4813/4813/4305 4849/4849/4305 4814/4814/4305
f 4814/4814/4755 4849/4849/4755 4850/4850/4755
f 4814/4814/4756 4850/4850/4756 4815/4815/4756
f 4815/4815/4757 4850/4850/4757 4851/4851/4757
f 4815/4815/4758 4851/4851/4758 4816/4816/4758
f 4816/4816/4309 4851/4851/4309 4852/4852/4309
f 4816/4816/4310 4852/4852/4310 4817/4817/4310
f 4817/4817/4759 4852/4852/4759 4853/4853/4759
f 4817/4817/4760 4853/4853/4760 4818/4818/4760
f 4818/4818/4761 4853/4853/4761 4854/4854/4761
f 4818/4818/4762 4854/4854/4762 4819/4819/4762
f 4819/4819/4314 4854/4854/4314 4855/4855/4314
f 4819/4819/4315 4855/4855/4315 4820/4820/4315
f 4820/4820/4316 4855/4855/4316 4856/4856/4316
f 4820/4820/4763 4856/4856/4763 4821/4821/4763
f 4821/4821/4317 4856/4856/4317 4857/4857/4317
f 4821/4821/4319 4857/4857/4319 4822/4822/4319
f 4822/4822/4319 4857/4857/4319 4858/4858/4319
f 4822/4822/4764 4858/4858/4764 4823/4823/4764
f 4823/4823/4320 4858/4858/4320 4859/4859/4320
f 4823/4823/4321 4859/4859/4321 4824/4824/4321
f 4824/4824/4765 4859/4859/4765 4860/4860/4765
f 4824/4824/4322 4860/4860/4322 4825/4825/4322
f 4825/4825/4766 4860/4860/4766 4861/4861/4766
f 4825/4825/4767 4861/4861/4767 4826/4826/4767
f 4826/4826/4324 4861/4861/4324 4862/4862/4324
f 4826/4826/4325 4862/4862/4325 4827/4827/4325
f 4827/4827/4325 4862/4862/4325 4863/4863/4325
f 4827/4827/4326 4863/4863/4326 4828/4828/4326
f 4828/4828/4326 4863/4863/4326 4864/4864/4326
f 4828/4828/4327 4864/4864/4327 4829/4829/4327
f 4829/4829/4768 4864/4864/4768 4865/4865/4768
f 4829/4829/4769 4865/4865/4769 4830/4830/4769
f 4830/4830/4769 4865/4865/4769 4866/4866/4769
f 4830/4830/4332 4866/4866/4332 4831/4831/4332
f 4831/4831/4332 4866/4866/4332 4867/4867/4332
f 4831/4831/4333 4867/4867/4333 4796/4796/4333
f 4796/4796/4334 4867/4867/4334 4832/4832/4334
f 4832/4832/4770 4868/4868/4770 4833/4833/4770
f 4833/4833/4770 4868/4868/4770 4869/4869/4770
f 4833/4833/4771 4869/4869/4771 4834/4834/4771
f 4834/4834/4772 4869/4869/4772 4870/4870/4772
f 4834/4834/4773 4870/4870/4773 4835/4835/4773
f 4835/4835/4774 4870/4870/4774 4871/4871/4774
f 4835/4835/4775 4871/4871/4775 4836/4836/4775
f 4836/4836/4340 4871/4871/4340 4872/4872/4340
f 4836/4836/4776 4872/4872/4776 4837/4837/4776
f 4837/4837/4342 4872/4872/4342 4873/4873/4342
f 4837/4837/4343 4873/4873/4343 4838/4838/4343
f 4838/4838/4343 4873/4873/4343 4874/4874/4343
f 4838/4838/4345 4874/4874/4345 4839/4839/4345
f 4839/4839/4777 4874/4874/4777 4875/4875/4777
f 4839/4839/4347 4875/4875/4347 4840/4840/4347
f 4840/4840/4347 4875/4875/4347 4876/4876/4347
f 4840/4840/4348 4876/4876/4348 4841/4841/4348
f 4841/4841/4348 4876/4876/4348 4877/4877/4348
f 4841/4841/4349 4877/4877/4349 4842/4842/4349
f 4842/4842/4350 4877/4877/4350 4878/4878/4350
f 4842/4842/4351 4878/4878/4351 4843/4843/4351
f 4843/4843/4352 4878/4878/4352 4879/4879/4352
f 4843/4843/4353 4879/4879/4353 4844/4844/4353
f 4844/4844/4778 4879/4879/4778 4880/4880/4778
f 4844/4844/4779 4880/4880/4779 4845/4845/4779
f 4845/4845/4355 4880/4880/4355 4881/4881/4355
f 4845/4845/4780 4881/4881/4780 4846/4846/4780
f 4846/4846/4781 4881/4881/4781 4882/4882/4781
f 4846/4846/4782 4882/4882/4782 4847/4847/4782
f 4847/4847/4358 4882/4882/4358 4883/4883/4358
f 4847/4847/4360 4883/4883/4360 4848/4848/4360
f 4848/4848/4783 4883/4883/4783 4884/4884/4783
f 4848/4848/4784 4884/4884/4784 4849/4849/4784
f 4849/4849/4362 4884/4884/4362 4885/4885/4362
f 4849/4849/4785 4885/4885/4785 4850/4850/4785
f 4850/4850/4364 4885/4885/4364 4886/4886/4364
f 4850/4850/4366 4886/4886/4366 4851/4851/4366
f 4851/4851/4786 4886/4886/4786 4887/4887/4786
f 4851/4851/4368 4887/4887/4368 4852/4852/4368
f 4852/4852/4787 4887/4887/4787 4888/4888/4787
f 4852/4852/4788 4888/4888/4788 4853/4853/4788
f 4853/4853/4370 4888/4888/4370 4889/4889/4370
f 4853/4853/4789 4889/4889/4789 4854/4854/4789
f 4854/4854/4790 4889/4889/4790 4890/4890/4790
f 4854/4854/4374 4890/4890/4374 4855/4855/4374
f 4855/4855/4791 4890/4890/4791 4891/4891/4791
f 4855/4855/4792 4891/4891/4792 4856/4856/4792
f 4856/4856/4792 4891/4891/4792 4892/4892/4792
f 4856/4856/4377 4892/4892/4377 4857/4857/4377
f 4857/4857/4377 4892/4892/4377 4893/4893/4377
f 4857/4857/4379 4893/4893/4379 4858/4858/4379
f 4858/4858/4379 4893/4893/4379 4894/4894/4379
f 4858/4858/4380 4894/4894/4380 4859/4859/4380
f 4859/4859/4380 4894/4894/4380 4895/4895/4380
f 4859/4859/4793 4895/4895/4793 4860/4860/4793
f 4860/4860/4793 4895/4895/4793 4896/4896/4793
f 4860/4860/4383 4896/4896/4383 4861/4861/4383
f 4861/4861/4383 4896/4896/4383 4897/4897/4383
f 4861/4861/4794 4897/4897/4794 4862/4862/4794
f 4862/4862/4795 4897/4897/4795 4898/4898/4795
f 4862/4862/4385 4898/4898/4385 4863/4863/4385
f 4863/4863/4796 4898/4898/4796 4899/4899/4796
f 4863/4863/4797 4899/4899/4797 4864/4864/4797
f 4864/4864/4798 4899/4899/4798 4900/4900/4798
f 4864/4864/4389 4900/4900/4389 4865/4865/4389
f 4865/4865/4799 4900/4900/4799 4901/4901/4799
f 4865/4865/4800 4901/4901/4800 4866/4866/4800
f 4866/4866/4801 4901/4901/4801 4902/4902/4801
f 4866/4866/4394 4902/4902/4394 4867/4867/4394
f 4867/4867/4393 4902/4902/4393 4903/4903/4393
f 4867/4867/4802 4903/4903/4802 4832/4832/4802
f 4832/4832/4395 4903/4903/4395 4868/4868/4395
f 4868/4868/4803 4904/4904/4803 4869/4869/4803
f 4869/4869/3111 4904/4904/3111 4905/4905/3111
f 4869/4869/4398 4905/4905/4398 4870/4870/4398
f 4870/4870/4804 4905/4905/4804 4906/4906/4804
f 4870/4870/4805 4906/4906/4805 4871/4871/4805
f 4871/4871/3144 4906/4906/3144 4907/4907/3144
f 4871/4871/3115 4907/4907/3115 4872/4872/3115
f 4872/4872/3115 4907/4907/3115 4908/4908/3115
f 4872/4872/4806 4908/4908/4806 4873/4873/4806
f 4873/4873/4130 4908/4908/4130 4909/4909/4130
f 4873/4873/3118 4909/4909/3118 4874/4874/3118
f 4874/4874/4807 4909/4909/4807 4910/4910/4807
f 4874/4874/4404 4910/4910/4404 4875/4875/4404
f 4875/4875/3119 4910/4910/3119 4911/4911/3119
f 4875/4875/3148 4911/4911/3148 4876/4876/3148
f 4876/4876/3148 4911/4911/3148 4912/4912/3148
f 4876/4876/4405 4912/4912/4405 4877/4877/4405
f 4877/4877/4405 4912/4912/4405 4913/4913/4405
f 4877/4877/3123 4913/4913/3123 4878/4878/3123
f 4878/4878/4121 4913/4913/4121 4914/4914/4121
f 4878/4878/4406 4914/4914/4406 4879/4879/4406
f 4879/4879/3124 4914/4914/3124 4915/4915/3124
f 4879/4879/4132 4915/4915/4132 4880/4880/4132
f 4880/4880/4132 4915/4915/4132 4916/4916/4132
f 4880/4880/3126 4916/4916/3126 4881/4881/3126
f 4881/4881/4808 4916/4916/4808 4917/4917/4808
f 4881/4881/3128 4917/4917/3128 4882/4882/3128
f 4882/4882/4809 4917/4917/4809 4918/4918/4809
f 4882/4882/3152 4918/4918/3152 4883/4883/3152
f 4883/4883/4408 4918/4918/4408 4919/4919/4408
f 4883/4883/3132 4919/4919/3132 4884/4884/3132
f 4884/4884/4810 4919/4919/4810 4920/4920/4810
f 4884/4884/3133 4920/4920/3133 4885/4885/3133
f 4885/4885/4811 4920/4920/4811 4921/4921/4811
f 4885/4885/4812 4921/4921/4812 4886/4886/4812
f 4886/4886/4813 4921/4921/4813 4922/4922/4813
f 4886/4886/3085 4922/4922/3085 4887/4887/3085
f 4887/4887/3085 4922/4922/3085 4923/4923/3085
f 4887/4887/3086 4923/4923/3086 4888/4888/3086
f 4888/4888/4814 4923/4923/4814 4924/4924/4814
f 4888/4888/3087 4924/4924/3087 4889/4889/3087
f 4889/4889/3088 4924/4924/3088 4925/4925/3088
f 4889/4889/4416 4925/4925/4416 4890/4890/4416
f 4890/4890/4416 4925/4925/4416 4926/4926/4416
f 4890/4890/3091 4926/4926/3091 4891/4891/3091
f 4891/4891/3091 4926/4926/3091 4927/4927/3091
f 4891/4891/3093 4927/4927/3093 4892/4892/3093
f 4892/4892/4417 4927/4927/4417 4928/4928/4417
f 4892/4892/3094 4928/4928/3094 4893/4893/3094
f 4893/4893/4815 4928/4928/4815 4929/4929/4815
f 4893/4893/3096 4929/4929/3096 4894/4894/3096
f 4894/4894/4126 4929/4929/4126 4930/4930/4126
f 4894/4894/3138 4930/4930/3138 4895/4895/3138
f 4895/4895/4816 4930/4930/4816 4931/4931/4816
f 4895/4895/3098 4931/4931/3098 4896/4896/3098
f 4896/4896/4114 4931/4931/4114 4932/4932/4114
f 4896/4896/3100 4932/4932/3100 4897/4897/3100
f 4897/4897/3100 4932/4932/3100 4933/4933/3100
f 4897/4897/3139 4933/4933/3139 4898/4898/3139
f 4898/4898/3139 4933/4933/3139 4934/4934/3139
f 4898/4898/4817 4934/4934/4817 4899/4899/4817
f 4899/4899/4818 4934/4934/4818 4935/4935/4818
f 4899/4899/4422 4935/4935/4422 4900/4900/4422
f 4900/4900/4117 4935/4935/4117 4936/4936/4117
f 4900/4900/4424 4936/4936/4424 4901/4901/4424
f 4901/4901/4424 4936/4936/4424 4937/4937/4424
f 4901/4901/3106 4937/4937/3106 4902/4902/3106
f 4902/4902/3107 4937/4937/3107 4938/4938/3107
f 4902/4902/4819 4938/4938/4819 4903/4903/4819
f 4903/4903/4820 4938/4938/4820 4939/4939/4820
f 4903/4903/3143 4939/4939/3143 4868/4868/3143
f 4868/4868/4821 4939/4939/4821 4904/4904/4821
f 4904/4904/4429 4940/4940/4429 4905/4905/4429
f 4905/4905/4822 4940/4940/4822 4941/4941/4822
f 4905/4905/4823 4941/4941/4823 4906/4906/4823
f 4906/4906/4430 4941/4941/4430 4942/4942/4430
f 4906/4906/4431 4942/4942/4431 4907/4907/4431
f 4907/4907/4432 4942/4942/4432 4943/4943/4432
f 4907/4907/4433 4943/4943/4433 4908/4908/4433
f 4908/4908/4824 4943/4943/4824 4944/4944/4824
f 4908/4908/4435 4944/4944/4435 4909/4909/4435
f 4909/4909/4825 4944/4944/4825 4945/4945/4825
f 4909/4909/4437 4945/4945/4437 4910/4910/4437
f 4910/4910/4438 4945/4945/4438 4946/4946/4438
f 4910/4910/4439 4946/4946/4439 4911/4911/4439
f 4911/4911/4440 4946/4946/4440 4947/4947/4440
f 4911/4911/4441 4947/4947/4441 4912/4912/4441
f 4912/4912/4441 4947/4947/4441 4948/4948/4441
f 4912/4912/4442 4948/4948/4442 4913/4913/4442
f 4913/4913/4442 4948/4948/4442 4949/4949/4442
f 4913/4913/4443 4949/4949/4443 4914/4914/4443
f 4914/4914/4444 4949/4949/4444 4950/4950/4444
f 4914/4914/4445 4950/4950/4445 4915/4915/4445
f 4915/4915/4446 4950/4950/4446 4951/4951/4446
f 4915/4915/4447 4951/4951/4447 4916/4916/4447
f 4916/4916/4447 4951/4951/4447 4952/4952/4447
f 4916/4916/4826 4952/4952/4826 4917/4917/4826
f 4917/4917/4450 4952/4952/4450 4953/4953/4450
f 4917/4917/4827 4953/4953/4827 4918/4918/4827
f 4918/4918/4828 4953/4953/4828 4954/4954/4828
f 4918/4918/4829 4954/4954/4829 4919/4919/4829
f 4919/4919/4453 4954/4954/4453 4955/4955/4453
f 4919/4919/4454 4955/4955/4454 4920/4920/4454
f 4920/4920/4455 4955/4955/4455 4956/4956/4455
f 4920/4920/4456 4956/4956/4456 4921/4921/4456
f 4921/4921/4456 4956/4956/4456 4957/4957/4456
f 4921/4921/4457 4957/4957/4457 4922/4922/4457
f 4922/4922/4457 4957/4957/4457 4958/4958/4457
f 4922/4922/4459 4958/4958/4459 4923/4923/4459
f 4923/4923/4459 4958/4958/4459 4959/4959/4459
f 4923/4923/4830 4959/4959/4830 4924/4924/4830
f 4924/4924/4831 4959/4959/4831 4960/4960/4831
f 4924/4924/4832 4960/4960/4832 4925/4925/4832
f 4925/4925/4832 4960/4960/4832 4961/4961/4832
f 4925/4925/4833 4961/4961/4833 4926/4926/4833
f 4926/4926/4833 4961/4961/4833 4962/4962/4833
f 4926/4926/4834 4962/4962/4834 4927/4927/4834
f 4927/4927/4835 4962/4962/4835 4963/4963/4835
f 4927/4927/4467 4963/4963/4467 4928/4928/4467
f 4928/4928/4467 4963/4963/4467 4964/4964/4467
f 4928/4928/4836 4964/4964/4836 4929/4929/4836
f 4929/4929/4836 4964/4964/4836 4965/4965/4836
f 4929/4929/4470 4965/4965/4470 4930/4930/4470
f 4930/4930/4470 4965/4965/4470 4966/4966/4470
f 4930/4930/4471 4966/4966/4471 4931/4931/4471
f 4931/4931/4471 4966/4966/4471 4967/4967/4471
f 4931/4931/4473 4967/4967/4473 4932/4932/4473
f 4932/4932/4472 4967/4967/4472 4968/4968/4472
f 4932/4932/4474 4968/4968/4474 4933/4933/4474
f 4933/4933/4474 4968/4968/4474 4969/4969/4474
f 4933/4933/4475 4969/4969/4475 4934/4934/4475
f 4934/4934/4475 4969/4969/4475 4970/4970/4475
f 4934/4934/4477 4970/4970/4477 4935/4935/4477
f 4935/4935/4478 4970/4970/4478 4971/4971/4478
f 4935/4935/4479 4971/4971/4479 4936/4936/4479
f 4936/4936/4480 4971/4971/4480 4972/4972/4480
f 4936/4936/4481 4972/4972/4481 4937/4937/4481
f 4937/4937/4837 4972/4972/4837 4973/4973/4837
f 4937/4937/4838 4973/4973/4838 4938/4938/4838
f 4938/4938/4839 4973/4973/4839 4974/4974/4839
f 4938/4938/4484 4974/4974/4484 4939/4939/4484
f 4939/4939/4840 4974/4974/4840 4975/4975/4840
f 4939/4939/4486 4975/4975/4486 4904/4904/4486
f 4904/4904/4486 4975/4975/4486 4940/4940/4486
f 4940/4940/4487 4976/4976/4487 4941/4941/4487
f 4941/4941/4487 4976/4976/4487 4977/4977/4487
f 4941/4941/4488 4977/4977/4488 4942/4942/4488
f 4942/4942/4841 4977/4977/4841 4978/4978/4841
f 4942/4942/4842 4978/4978/4842 4943/4943/4842
f 4943/4943/4843 4978/4978/4843 4979/4979/4843
f 4943/4943/4844 4979/4979/4844 4944/4944/4844
f 4944/4944/4845 4979/4979/4845 4980/4980/4845
f 4944/4944/4493 4980/4980/4493 4945/4945/4493
f 4945/4945/4846 4980/4980/4846 4981/4981/4846
f 4945/4945/4495 4981/4981/4495 4946/4946/4495
f 4946/4946/4495 4981/4981/4495 4982/4982/4495
f 4946/4946/4496 4982/4982/4496 4947/4947/4496
f 4947/4947/4496 4982/4982/4496 4983/4983/4496
f 4947/4947/4497 4983/4983/4497 4948/4948/4497
f 4948/4948/4498 4983/4983/4498 4984/4984/4498
f 4948/4948/4499 4984/4984/4499 4949/4949/4499
f 4949/4949/4499 4984/4984/4499 4985/4985/4499
f 4949/4949/4500 4985/4985/4500 4950/4950/4500
f 4950/4950/4500 4985/4985/4500 4986/4986/4500
f 4950/4950/4501 4986/4986/4501 4951/4951/4501
f 4951/4951/4501 4986/4986/4501 4987/4987/4501
f 4951/4951/4502 4987/4987/4502 4952/4952/4502
f 4952/4952/4503 4987/4987/4503 4988/4988/4503
f 4952/4952/4504 4988/4988/4504 4953/4953/4504
f 4953/4953/4505 4988/4988/4505 4989/4989/4505
f 4953/4953/4847 4989/4989/4847 4954/4954/4847
f 4954/4954/4848 4989/4989/4848 4990/4990/4848
f 4954/4954/4849 4990/4990/4849 4955/4955/4849
f 4955/4955/4509 4990/4990/4509 4991/4991/4509
f 4955/4955/4510 4991/4991/4510 4956/4956/4510
f 4956/4956/4850 4991/4991/4850 4754/4754/4850
f 4956/4956/4851 4754/4754/4851 4957/4957/4851
f 4957/4957/4852 4754/4754/4852 4753/4753/4852
f 4957/4957/4513 4753/4753/4513 4958/4958/4513
f 4958/4958/4853 4753/4753/4853 4992/4992/4853
f 4958/4958/4516 4992/4992/4516 4959/4959/4516
f 4959/4959/4516 4992/4992/4516 4993/4993/4516
f 4959/4959/4517 4993/4993/4517 4960/4960/4517
f 4960/4960/4517 4993/4993/4517 4994/4994/4517
f 4960/4960/4854 4994/4994/4854 4961/4961/4854
f 4961/4961/4855 4994/4994/4855 4995/4995/4855
f 4961/4961/4520 4995/4995/4520 4962/4962/4520
f 4962/4962/4856 4995/4995/4856 4996/4996/4856
f 4962/4962/4523 4996/4996/4523 4963/4963/4523
f 4963/4963/4523 4996/4996/4523 4997/4997/4523
f 4963/4963/4524 4997/4997/4524 4964/4964/4524
f 4964/4964/4857 4997/4997/4857 4998/4998/4857
f 4964/4964/4526 4998/4998/4526 4965/4965/4526
f 4965/4965/4526 4998/4998/4526 4999/4999/4526
f 4965/4965/4528 4999/4999/4528 4966/4966/4528
f 4966/4966/4529 4999/4999/4529 5000/5000/4529
f 4966/4966/4530 5000/5000/4530 4967/4967/4530
f 4967/4967/4531 5000/5000/4531 5001/5001/4531
f 4967/4967/4532 5001/5001/4532 4968/4968/4532
f 4968/4968/4532 5001/5001/4532 5002/5002/4532
f 4968/4968/4858 5002/5002/4858 4969/4969/4858
f 4969/4969/4535 5002/5002/4535 5003/5003/4535
f 4969/4969/4859 5003/5003/4859 4970/4970/4859
f 4970/4970/4860 5003/5003/4860 5004/5004/4860
f 4970/4970/4537 5004/5004/4537 4971/4971/4537
f 4971/4971/4537 5004/5004/4537 5005/5005/4537
f 4971/4971/4861 5005/5005/4861 4972/4972/4861
f 4972/4972/4862 5005/5005/4862 5006/5006/4862
f 4972/4972/4863 5006/5006/4863 4973/4973/4863
f 4973/4973/4541 5006/5006/4541 5007/5007/4541
f 4973/4973/4542 5007/5007/4542 4974/4974/4542
f 4974/4974/4864 5007/5007/4864 5008/5008/4864
f 4974/4974/4544 5008/5008/4544 4975/4975/4544
f 4975/4975/4865 5008/5008/4865 5009/5009/4865
f 4975/4975/4866 5009/5009/4866 4940/4940/4866
f 4940/4940/4867 5009/5009/4867 4976/4976/4867
f 4129/4129/4868 4128/4128/4868 4753/4753/4868
f 4753/4753/4869 4128/4128/4869 4127/4127/4869
f 4753/4753/4870 4127/4127/4870 4992/4992/4870
f 4992/4992/4871 4127/4127/4871 4751/4751/4871
f 4992/4992/4872 4751/4751/4872 4993/4993/4872
f 4993/4993/4873 4751/4751/4873 4752/4752/4873
f 4993/4993/4874 4752/4752/4874 4994/4994/4874
f 4994/4994/4875 4752/4752/4875 5010/5010/4875
f 4994/4994/4876 5010/5010/4876 4995/4995/4876
f 4995/4995/4583 5010/5010/4583 5011/5011/4583
f 4995/4995/4877 5011/5011/4877 4996/4996/4877
f 4996/4996/4584 5011/5011/4584 5012/5012/4584
f 4996/4996/4586 5012/5012/4586 4997/4997/4586
f 4997/4997/4878 5012/5012/4878 5013/5013/4878
f 4997/4997/4587 5013/5013/4587 4998/4998/4587
f 4998/4998/4879 5013/5013/4879 5014/5014/4879
f 4998/4998/4588 5014/5014/4588 4999/4999/4588
f 4999/4999/4588 5014/5014/4588 5015/5015/4588
f 4999/4999/4589 5015/5015/4589 5000/5000/4589
f 5000/5000/4589 5015/5015/4589 5016/5016/4589
f 5000/5000/4590 5016/5016/4590 5001/5001/4590
f 5001/5001/4590 5016/5016/4590 5017/5017/4590
f 5001/5001/4591 5017/5017/4591 5002/5002/4591
f 5002/5002/4880 5017/5017/4880 5018/5018/4880
f 5002/5002/4592 5018/5018/4592 5003/5003/4592
f 5003/5003/4881 5018/5018/4881 5019/5019/4881
f 5003/5003/4595 5019/5019/4595 5004/5004/4595
f 5004/5004/4595 5019/5019/4595 5020/5020/4595
f 5004/5004/4882 5020/5020/4882 5005/5005/4882
f 5005/5005/4597 5020/5020/4597 5021/5021/4597
f 5005/5005/4883 5021/5021/4883 5006/5006/4883
f 5006/5006/4599 5021/5021/4599 5022/5022/4599
f 5006/5006/4600 5022/5022/4600 5007/5007/4600
f 5007/5007/4884 5022/5022/4884 4759/4759/4884
f 5007/5007/4602 4759/4759/4602 5008/5008/4602
f 5008/5008/4603 4759/4759/4603 4750/4750/4603
f 5008/5008/4885 4750/4750/4885 5009/5009/4885
f 5009/5009/4886 4750/4750/4886 4459/4459/4886
f 5009/5009/4887 4459/4459/4887 4976/4976/4887
f 4976/4976/4888 4459/4459/4888 4758/4758/4888
f 4976/4976/4551 4758/4758/4551 4977/4977/4551
f 4977/4977/4551 4758/4758/4551 4757/4757/4551
f 4977/4977/4889 4757/4757/4889 4978/4978/4889
f 4978/4978/4552 4757/4757/4552 5023/5023/4552
f 4978/4978/4553 5023/5023/4553 4979/4979/4553
f 4979/4979/4553 5023/5023/4553 5024/5024/4553
f 4979/4979/4554 5024/5024/4554 4980/4980/4554
f 4980/4980/4890 5024/5024/4890 5025/5025/4890
f 4980/4980/4891 5025/5025/4891 4981/4981/4891
f 4981/4981/4557 5025/5025/4557 5026/5026/4557
f 4981/4981/4558 5026/5026/4558 4982/4982/4558
f 4982/4982/4559 5026/5026/4559 5027/5027/4559
f 4982/4982/4560 5027/5027/4560 4983/4983/4560
f 4983/4983/4561 5027/5027/4561 5028/5028/4561
f 4983/4983/4562 5028/5028/4562 4984/4984/4562
f 4984/4984/4562 5028/5028/4562 5029/5029/4562
f 4984/4984/4564 5029/5029/4564 4985/4985/4564
f 4985/4985/4564 5029/5029/4564 5030/5030/4564
f 4985/4985/4565 5030/5030/4565 4986/4986/4565
f 4986/4986/4566 5030/5030/4566 5031/5031/4566
f 4986/4986/4567 5031/5031/4567 4987/4987/4567
f 4987/4987/4567 5031/5031/4567 5032/5032/4567
f 4987/4987/4568 5032/5032/4568 4988/4988/4568
f 4988/4988/4568 5032/5032/4568 5033/5033/4568
f 4988/4988/4892 5033/5033/4892 4989/4989/4892
f 4989/4989/4569 5033/5033/4569 5034/5034/4569
f 4989/4989/4893 5034/5034/4893 4990/4990/4893
f 4990/4990/4893 5034/5034/4893 5035/5035/4893
f 4990/4990/4894 5035/5035/4894 4991/4991/4894
f 4991/4991/4895 5035/5035/4895 4756/4756/4895
f 4991/4991/4896 4756/4756/4896 4754/4754/4896
f 4754/4754/4897 4756/4756/4897 4755/4755/4897
f 4754/4754/4898 4755/4755/4898 4124/4124/4898
f 4124/4124/4899 4755/4755/4899 4125/4125/4899
f 4122/4122/4900 4123/4123/4900 4752/4752/4900
f 4752/4752/4606 4123/4123/4606 4259/4259/4606
f 4752/4752/4901 4259/4259/4901 5010/5010/4901
f 5010/5010/4608 4259/4259/4608 4258/4258/4608
f 5010/5010/4610 4258/4258/4610 5011/5011/4610
f 5011/5011/4902 4258/4258/4902 4257/4257/4902
f 5011/5011/4612 4257/4257/4612 5012/5012/4612
f 5012/5012/4903 4257/4257/4903 4256/4256/4903
f 5012/5012/4613 4256/4256/4613 5013/5013/4613
f 5013/5013/4614 4256/4256/4614 4255/4255/4614
f 5013/5013/4904 4255/4255/4904 5014/5014/4904
f 5014/5014/4904 4255/4255/4904 4254/4254/4904
f 5014/5014/4616 4254/4254/4616 5015/5015/4616
f 5015/5015/4617 4254/4254/4617 4278/4278/4617
f 5015/5015/4618 4278/4278/4618 5016/5016/4618
f 5016/5016/4618 4278/4278/4618 4277/4277/4618
f 5016/5016/4619 4277/4277/4619 5017/5017/4619
f 5017/5017/4619 4277/4277/4619 4276/4276/4619
f 5017/5017/4905 4276/4276/4905 5018/5018/4905
f 5018/5018/4620 4276/4276/4620 4269/4269/4620
f 5018/5018/4621 4269/4269/4621 5019/5019/4621
f 5019/5019/4621 4269/4269/4621 4268/4268/4621
f 5019/5019/4906 4268/4268/4906 5020/5020/4906
f 5020/5020/4907 4268/4268/4907 4266/4266/4907
f 5020/5020/4624 4266/4266/4624 5021/5021/4624
f 5021/5021/4624 4266/4266/4624 4250/4250/4624
f 5021/5021/4625 4250/4250/4625 5022/5022/4625
f 5022/5022/4626 4250/4250/4626 4253/4253/4626
f 5022/5022/4627 4253/4253/4627 4759/4759/4627
f 4759/4759/4628 4253/4253/4628 4260/4260/4628
f 4759/4759/4629 4260/4260/4629 4262/4262/4629
f 4472/4472/4666 5/5/4666 4757/4757/4666
f 4757/4757/4631 5/5/4631 4/4/4631
f 4757/4757/4908 4/4/4908 5023/5023/4908
f 5023/5023/4909 4/4/4909 14/14/4909
f 5023/5023/4910 14/14/4910 5024/5024/4910
f 5024/5024/4635 14/14/4635 21/21/4635
f 5024/5024/4636 21/21/4636 5025/5025/4636
f 5025/5025/4636 21/21/4636 22/22/4636
f 5025/5025/4637 22/22/4637 5026/5026/4637
f 5026/5026/4637 22/22/4637 15/15/4637
f 5026/5026/4638 15/15/4638 5027/5027/4638
f 5027/5027/4639 15/15/4639 17/17/4639
f 5027/5027/4640 17/17/4640 5028/5028/4640
f 5028/5028/4640 17/17/4640 18/18/4640
f 5028/5028/4641 18/18/4641 5029/5029/4641
f 5029/5029/4641 18/18/4641 37/37/4641
f 5029/5029/4642 37/37/4642 5030/5030/4642
f 5030/5030/4642 37/37/4642 28/28/4642
f 5030/5030/4643 28/28/4643 5031/5031/4643
f 5031/5031/4643 28/28/4643 29/29/4643
f 5031/5031/4644 29/29/4644 5032/5032/4644
f 5032/5032/4645 29/29/4645 30/30/4645
f 5032/5032/4646 30/30/4646 5033/5033/4646
f 5033/5033/4646 30/30/4646 36/36/4646
f 5033/5033/4648 36/36/4648 5034/5034/4648
f 5034/5034/4648 36/36/4648 35/35/4648
f 5034/5034/4650 35/35/4650 5035/5035/4650
f 5035/5035/4651 35/35/4651 34/34/4651
f 5035/5035/4652 34/34/4652 4756/4756/4652
f 4756/4756/4653 34/34/4653 3/3/4653
f 4756/4756/4654 3/3/4654 2/2/4654
f 1355/1355/4911 870/870/4911 1354/1354/4911
f 1354/1354/4911 870/870/4911 872/872/4911
f 1352/1352/4911 1351/1351/4911 1354/1354/4911
f 1354/1354/4911 1351/1351/4911 1353/1353/4911
f 1354/1354/4911 1353/1353/4911 1355/1355/4911
f 1941/1941/4912 1946/1946/4912 1935/1935/4912
f 1935/1935/4912 1946/1946/4912 1952/1952/4912
f 1935/1935/4912 1952/1952/4912 1930/1930/4912
f 1930/1930/4912 1952/1952/4912 2351/2351/4912
f 1930/1930/4912 2351/2351/4912 2358/2358/4912
